customer_id,customer_name,gender,age,city,state,region,customer_segment,signup_date
10001,Customer_10001,Male,21,Hyderabad,Delhi,North,Corporate,2025-09-08
10002,Customer_10002,Female,42,Lucknow,Odisha,Southeast,Consumer,2023-12-30
10003,Customer_10003,Female,45,Pune,Tripura,Northeast,Consumer,2025-01-17
10004,Customer_10004,Female,53,Lucknow,Gujarat,West,Home Office,2026-03-21
10005,Customer_10005,Male,45,Coimbatore,Gujarat,West,Consumer,2022-03-18
10006,Customer_10006,Male,27,Pune,Odisha,Southeast,Consumer,2022-06-25
10007,Customer_10007,Female,35,Vijayawada,Delhi,North,Corporate,2026-01-12
10008,Customer_10008,Female,39,Hyderabad,Assam,Northeast,Consumer,2024-06-27
10009,Customer_10009,Female,65,Lucknow,Kerala,South,Home Office,2024-09-15
10010,Customer_10010,Female,43,Kolkata,Rajasthan,North,Corporate,2023-07-01
10011,Customer_10011,Male,48,Jaipur,Madhya Pradesh,Central,Consumer,2025-08-15
10012,Customer_10012,Male,53,Mumbai,Maharashtra,Southwest,Consumer,2024-10-31
10013,Customer_10013,Male,35,Jaipur,Assam,Northeast,Consumer,2023-02-17
10014,Customer_10014,Male,64,Jaipur,Odisha,Southeast,Corporate,2024-11-03
10015,Customer_10015,Male,50,Pune,Meghalaya,Northeast,Consumer,2022-01-07
10016,Customer_10016,Female,58,Nagpur,Telangana,Southeast,Corporate,2023-01-20
10017,Customer_10017,Male,53,Delhi,Madhya Pradesh,Central,Consumer,2022-11-23
10018,Customer_10018,Male,47,Mumbai,Kerala,South,Consumer,2025-06-11
10019,Customer_10019,Female,19,Warangal,Odisha,Southeast,Consumer,2025-03-22
10020,Customer_10020,Male,46,Kolkata,Rajasthan,West,Consumer,2022-05-27
10021,Customer_10021,Male,24,Vijayawada,Madhya Pradesh,Central,Consumer,2025-12-21
10022,Customer_10022,Female,46,Lucknow,Jharkhand,East,Consumer,2025-08-02
10023,Customer_10023,Male,51,Bengaluru,Kerala,South,Home Office,2023-11-27
10024,Customer_10024,Female,44,Warangal,Karnataka,Southwest,Consumer,2022-12-06
10025,Customer_10025,Female,32,Hyderabad,Odisha,Southeast,Corporate,2023-11-04
10026,Customer_10026,Male,20,Hyderabad,Meghalaya,Northeast,Consumer,2024-08-01
10027,Customer_10027,Female,50,Bengaluru,Rajasthan,West,Corporate,2024-10-05
10028,Customer_10028,Female,51,Mumbai,Andhra Pradesh,Southeast,Consumer,2023-07-10
10029,Customer_10029,Female,40,Kolkata,Chhattisgarh,Central,Corporate,2022-06-12
10030,Customer_10030,Female,52,Mysuru,Gujarat,West,Consumer,2024-09-02
10031,Customer_10031,Female,55,Mysuru,Gujarat,West,Consumer,2025-02-02
10032,Customer_10032,Female,42,Chennai,Karnataka,South,Consumer,2023-03-04
10033,Customer_10033,Female,20,Nagpur,Delhi,North,Consumer,2024-10-20
10034,Customer_10034,Male,59,Kochi,Madhya Pradesh,Central,Consumer,2024-06-29
10035,Customer_10035,Female,40,Coimbatore,Karnataka,Southwest,Consumer,2024-03-13
10036,Customer_10036,Female,50,Bhopal,Delhi,North,Home Office,2022-01-14
10037,Customer_10037,Female,61,Vijayawada,Andhra Pradesh,Southeast,Consumer,2023-05-07
10038,Customer_10038,Male,35,Delhi,Andhra Pradesh,Southeast,Consumer,2023-08-23
10039,Customer_10039,Male,47,Warangal,Bihar,East,Home Office,2025-08-27
10040,Customer_10040,Female,18,Lucknow,Assam,Northeast,Corporate,2025-08-15
10041,Customer_10041,Female,60,Ahmedabad,Tamil Nadu,South,Consumer,2025-10-30
10042,Customer_10042,Male,20,Mumbai,Telangana,Southeast,Consumer,2024-01-11
10043,Customer_10043,Male,43,Mysuru,Assam,Northeast,Consumer,2023-06-08
10044,Customer_10044,Male,34,Delhi,Jharkhand,East,Consumer,2024-03-09
10045,Customer_10045,Female,19,Bhubaneswar,Delhi,North,Consumer,2025-06-20
10046,Customer_10046,Male,40,Kolkata,Goa,Southwest,Corporate,2024-09-21
10047,Customer_10047,Female,62,Bengaluru,Goa,West,Corporate,2024-08-19
10048,Customer_10048,Male,26,Nagpur,Goa,Southwest,Consumer,2023-11-26
10049,Customer_10049,Male,32,Coimbatore,Tripura,Northeast,Consumer,2025-01-19
10050,Customer_10050,Male,27,Pune,Telangana,Southeast,Consumer,2025-10-19
10051,Customer_10051,Female,23,Hyderabad,Odisha,Southeast,Consumer,2024-12-04
10052,Customer_10052,Male,29,Chennai,Telangana,South,Consumer,2023-10-08
10053,Customer_10053,Female,45,Mumbai,West Bengal,East,Corporate,2025-09-05
10054,Customer_10054,Female,55,Mysuru,Gujarat,West,Consumer,2026-02-17
10055,Customer_10055,Male,51,Mumbai,Goa,West,Home Office,2025-06-28
10056,Customer_10056,Female,55,Mumbai,Delhi,North,Consumer,2025-11-04
10057,Customer_10057,Male,52,Bhubaneswar,Madhya Pradesh,Central,Consumer,2023-03-01
10058,Customer_10058,Male,36,Guwahati,Telangana,South,Consumer,2023-11-05
10059,Customer_10059,Male,61,Pune,Manipur,Northeast,Consumer,2023-02-03
10060,Customer_10060,Male,26,Ahmedabad,Tripura,Northeast,Consumer,2023-08-09
10061,Customer_10061,Female,51,Warangal,Karnataka,Southwest,Consumer,2025-03-19
10062,Customer_10062,Female,23,Coimbatore,Tripura,Northeast,Consumer,2024-12-18
10063,Customer_10063,Female,54,Kolkata,Odisha,East,Corporate,2022-01-06
10064,Customer_10064,Female,22,Bhopal,Karnataka,Southwest,Home Office,2025-04-23
10065,Customer_10065,Female,28,Guwahati,Goa,West,Consumer,2022-11-04
10066,Customer_10066,Male,36,Lucknow,Odisha,East,Consumer,2022-10-25
10067,Customer_10067,Male,51,Mysuru,Goa,Southwest,Consumer,2024-05-19
10068,Customer_10068,Male,20,Chennai,Bihar,East,Consumer,2023-01-21
10069,Customer_10069,Female,30,Ahmedabad,Delhi,North,Home Office,2026-03-21
10070,Customer_10070,Other,34,Nagpur,Gujarat,West,Consumer,2022-08-23
10071,Customer_10071,Male,53,Warangal,Telangana,Southeast,Corporate,2022-08-31
10072,Customer_10072,Female,64,Mysuru,Andhra Pradesh,South,Home Office,2025-05-02
10073,Customer_10073,Female,47,Kolkata,Gujarat,West,Corporate,2023-04-04
10074,Customer_10074,Female,42,Guwahati,Tamil Nadu,South,Consumer,2025-02-17
10075,Customer_10075,Female,34,Mysuru,Manipur,Northeast,Consumer,2024-12-26
10076,Customer_10076,Female,57,Kochi,Goa,West,Consumer,2022-10-30
10077,Customer_10077,Female,23,Lucknow,Odisha,East,Consumer,2024-07-16
10078,Customer_10078,Female,24,Warangal,Karnataka,South,Home Office,2024-05-08
10079,Customer_10079,Male,27,Kolkata,Madhya Pradesh,Central,Consumer,2022-06-01
10080,Customer_10080,Female,30,Warangal,Meghalaya,Northeast,Consumer,2025-05-07
10081,Customer_10081,Male,40,Nagpur,Maharashtra,Southwest,Consumer,2025-10-03
10082,Customer_10082,Female,63,Hyderabad,Goa,West,Consumer,2026-02-24
10083,Customer_10083,Male,49,Pune,Tamil Nadu,South,Consumer,2022-05-21
10084,Customer_10084,Male,36,Vijayawada,Andhra Pradesh,Southeast,Corporate,2022-10-13
10085,Customer_10085,Male,28,Kolkata,Assam,Northeast,Corporate,2025-08-13
10086,Customer_10086,Male,49,Kochi,Meghalaya,Northeast,Consumer,2023-05-02
10087,Customer_10087,Male,30,Jaipur,Uttar Pradesh,North,Consumer,2024-09-27
10088,Customer_10088,Male,64,Ahmedabad,Bihar,East,Consumer,2023-07-12
10089,Customer_10089,Male,40,Chennai,Odisha,Southeast,Consumer,2022-12-15
10090,Customer_10090,Male,44,Kolkata,Telangana,Southeast,Corporate,2024-09-26
10091,Customer_10091,Female,61,Ahmedabad,Rajasthan,West,Corporate,2022-11-25
10092,Customer_10092,Female,32,Vijayawada,Andhra Pradesh,Southeast,Home Office,2022-08-07
10093,Customer_10093,Female,40,Lucknow,Telangana,Southeast,Corporate,2024-04-28
10094,Customer_10094,Male,43,Kochi,Rajasthan,West,Consumer,2022-11-06
10095,Customer_10095,Male,31,Kolkata,Maharashtra,Southwest,Corporate,2022-11-04
10096,Customer_10096,Female,20,Visakhapatnam,Bihar,East,Corporate,2025-06-02
10097,Customer_10097,Male,31,Nagpur,Andhra Pradesh,South,Home Office,2024-04-25
10098,Customer_10098,Male,23,Nagpur,Meghalaya,Northeast,Consumer,2024-05-17
10099,Customer_10099,Female,50,Hyderabad,Tripura,Northeast,Corporate,2022-08-18
10100,Customer_10100,Female,18,Lucknow,Kerala,South,Consumer,2022-09-14
10101,Customer_10101,Male,33,Vijayawada,Andhra Pradesh,Southeast,Corporate,2023-09-18
10102,Customer_10102,Female,60,Hyderabad,Kerala,South,Home Office,2023-09-14
10103,Customer_10103,Male,45,Kochi,Andhra Pradesh,Southeast,Home Office,2023-12-24
10104,Customer_10104,Female,50,Hyderabad,Haryana,North,Consumer,2022-08-04
10105,Customer_10105,Male,50,Kolkata,Odisha,Southeast,Consumer,2025-12-08
10106,Customer_10106,Male,32,Ahmedabad,Odisha,Southeast,Corporate,2023-08-04
10107,Customer_10107,Female,48,Bhubaneswar,Telangana,Southeast,Corporate,2025-07-29
10108,Customer_10108,Male,28,Visakhapatnam,Manipur,Northeast,Home Office,2023-10-03
10109,Customer_10109,Female,48,Bhubaneswar,Maharashtra,West,Consumer,2024-01-26
10110,Customer_10110,Male,50,Bhubaneswar,Assam,Northeast,Corporate,2022-06-29
10111,Customer_10111,Female,60,Visakhapatnam,West Bengal,East,Corporate,2024-12-18
10112,Customer_10112,Female,62,Mumbai,Odisha,Southeast,Consumer,2022-04-06
10113,Customer_10113,Male,19,Ahmedabad,Madhya Pradesh,Central,Consumer,2025-04-11
10114,Customer_10114,Female,32,Hyderabad,Rajasthan,West,Corporate,2025-11-11
10115,Customer_10115,Male,44,Guwahati,Madhya Pradesh,Central,Consumer,2023-08-02
10116,Customer_10116,Male,33,Jaipur,Chhattisgarh,Central,Corporate,2025-11-21
10117,Customer_10117,Male,47,Bhopal,Rajasthan,North,Consumer,2025-01-23
10118,Customer_10118,Female,59,Lucknow,Kerala,South,Consumer,2022-01-05
10119,Customer_10119,Female,30,Vijayawada,Tamil Nadu,South,Consumer,2022-11-21
10120,Customer_10120,Female,60,Nagpur,Uttar Pradesh,North,Home Office,2024-10-22
10121,Customer_10121,Female,60,Bhopal,Goa,West,Corporate,2025-01-27
10122,Customer_10122,Female,61,Guwahati,Assam,Northeast,Corporate,2022-05-30
10123,Customer_10123,Male,21,Bengaluru,Assam,Northeast,Corporate,2024-12-31
10124,Customer_10124,Female,32,Vijayawada,Goa,West,Consumer,2025-07-20
10125,Customer_10125,Female,23,Nagpur,Telangana,Southeast,Home Office,2022-05-28
10126,Customer_10126,Male,23,Bhubaneswar,Chhattisgarh,Central,Consumer,2025-11-08
10127,Customer_10127,Female,20,Vijayawada,Delhi,North,Consumer,2024-05-02
10128,Customer_10128,Male,39,Bengaluru,Andhra Pradesh,Southeast,Consumer,2024-09-13
10129,Customer_10129,Male,22,Delhi,Chhattisgarh,Central,Consumer,2022-03-22
10130,Customer_10130,Male,32,Coimbatore,Meghalaya,Northeast,Corporate,2024-09-08
10131,Customer_10131,Male,65,Kochi,Chhattisgarh,Central,Consumer,2023-12-29
10132,Customer_10132,Male,60,Mysuru,Madhya Pradesh,Central,Corporate,2023-08-18
10133,Customer_10133,Female,62,Bengaluru,Haryana,North,Home Office,2025-06-02
10134,Customer_10134,Female,19,Jaipur,Madhya Pradesh,Central,Consumer,2023-02-04
10135,Customer_10135,Female,49,Delhi,Telangana,Southeast,Consumer,2022-04-06
10136,Customer_10136,Male,48,Nagpur,West Bengal,East,Corporate,2024-03-09
10137,Customer_10137,Male,24,Mumbai,Chhattisgarh,Central,Consumer,2025-04-04
10138,Customer_10138,Male,61,Pune,Uttar Pradesh,North,Corporate,2022-08-02
10139,Customer_10139,Female,37,Delhi,Odisha,East,Consumer,2026-04-25
10140,Customer_10140,Male,64,Chennai,Gujarat,West,Consumer,2024-12-11
10141,Customer_10141,Female,23,Kochi,Karnataka,Southwest,Consumer,2026-02-03
10142,Customer_10142,Female,49,Warangal,Andhra Pradesh,South,Consumer,2024-01-23
10143,Customer_10143,Female,24,Coimbatore,West Bengal,East,Consumer,2022-07-17
10144,Customer_10144,Female,63,Mysuru,Goa,West,Consumer,2022-10-12
10145,Customer_10145,Male,47,Visakhapatnam,Karnataka,Southwest,Consumer,2024-03-12
10146,Customer_10146,Female,21,Kolkata,Odisha,Southeast,Home Office,2024-07-30
10147,Customer_10147,Female,28,Jaipur,Delhi,North,Consumer,2025-03-20
10148,Customer_10148,Female,35,Bhubaneswar,Karnataka,South,Consumer,2025-06-26
10149,Customer_10149,Female,18,Warangal,Andhra Pradesh,Southeast,Consumer,2025-05-05
10150,Customer_10150,Female,18,Mumbai,Punjab,North,Consumer,2024-07-31
10151,Customer_10151,Other,62,Ahmedabad,Odisha,Southeast,Consumer,2022-01-29
10152,Customer_10152,Male,65,Lucknow,Odisha,East,Corporate,2024-04-27
10153,Customer_10153,Female,43,Pune,Goa,Southwest,Consumer,2025-08-04
10154,Customer_10154,Female,61,Coimbatore,West Bengal,East,Corporate,2025-09-18
10155,Customer_10155,Male,49,Coimbatore,Maharashtra,West,Consumer,2025-08-28
10156,Customer_10156,Female,19,Mumbai,Manipur,Northeast,Consumer,2022-01-18
10157,Customer_10157,Male,52,Hyderabad,Telangana,South,Consumer,2023-11-28
10158,Customer_10158,Female,18,Lucknow,Madhya Pradesh,Central,Corporate,2024-09-13
10159,Customer_10159,Male,57,Kochi,Madhya Pradesh,Central,Home Office,2023-02-01
10160,Customer_10160,Male,35,Lucknow,Telangana,Southeast,Consumer,2023-10-18
10161,Customer_10161,Female,24,Jaipur,Karnataka,Southwest,Home Office,2022-06-05
10162,Customer_10162,Male,30,Warangal,Meghalaya,Northeast,Consumer,2022-11-06
10163,Customer_10163,Male,50,Nagpur,Goa,West,Consumer,2022-01-10
10164,Customer_10164,Male,58,Pune,Rajasthan,West,Corporate,2026-04-17
10165,Customer_10165,Male,45,Ahmedabad,Gujarat,West,Consumer,2025-10-07
10166,Customer_10166,Female,25,Chennai,Telangana,Southeast,Consumer,2023-10-09
10167,Customer_10167,Female,61,Bengaluru,Odisha,East,Consumer,2022-01-07
10168,Customer_10168,Male,55,Nagpur,Karnataka,South,Corporate,2023-06-21
10169,Customer_10169,Female,37,Chennai,Jharkhand,East,Consumer,2023-11-26
10170,Customer_10170,Male,44,Ahmedabad,Haryana,North,Home Office,2022-09-28
10171,Customer_10171,Female,64,Warangal,Rajasthan,North,Consumer,2024-11-24
10172,Customer_10172,Male,36,Bhubaneswar,Uttar Pradesh,North,Home Office,2026-05-16
10173,Customer_10173,Male,19,Warangal,Andhra Pradesh,Southeast,Consumer,2025-09-12
10174,Customer_10174,Male,24,Ahmedabad,Assam,Northeast,Consumer,2025-10-01
10175,Customer_10175,Female,46,Guwahati,Meghalaya,Northeast,Consumer,2025-08-22
10176,Customer_10176,Female,65,Bhubaneswar,Gujarat,West,Consumer,2022-04-22
10177,Customer_10177,Male,53,Lucknow,Assam,Northeast,Consumer,2024-06-01
10178,Customer_10178,Female,47,Mumbai,Karnataka,South,Corporate,2024-06-24
10179,Customer_10179,Female,33,Mumbai,Maharashtra,Southwest,Consumer,2022-06-11
10180,Customer_10180,Male,39,Vijayawada,Madhya Pradesh,Central,Consumer,2022-08-24
10181,Customer_10181,Female,19,Ahmedabad,Goa,Southwest,Home Office,2024-06-23
10182,Customer_10182,Female,35,Ahmedabad,Andhra Pradesh,South,Consumer,2025-02-19
10183,Customer_10183,Male,47,Bhopal,Maharashtra,West,Consumer,2022-12-01
10184,Customer_10184,Female,61,Chennai,Assam,Northeast,Consumer,2024-02-14
10185,Customer_10185,Male,62,Mumbai,Maharashtra,West,Consumer,2022-05-01
10186,Customer_10186,Female,57,Chennai,Gujarat,West,Consumer,2022-06-26
10187,Customer_10187,Male,19,Warangal,Telangana,South,Corporate,2024-07-17
10188,Customer_10188,Female,56,Kochi,Maharashtra,West,Consumer,2024-06-10
10189,Customer_10189,Male,28,Chennai,Karnataka,South,Consumer,2025-04-15
10190,Customer_10190,Female,47,Guwahati,West Bengal,East,Corporate,2025-12-28
10191,Customer_10191,Female,63,Kolkata,Meghalaya,Northeast,Consumer,2022-10-31
10192,Customer_10192,Male,60,Ahmedabad,Tripura,Northeast,Consumer,2023-06-30
10193,Customer_10193,Female,49,Bhopal,Chhattisgarh,Central,Home Office,2025-10-01
10194,Customer_10194,Other,32,Hyderabad,Odisha,East,Consumer,2022-03-23
10195,Customer_10195,Female,43,Guwahati,Goa,Southwest,Consumer,2025-08-18
10196,Customer_10196,Male,51,Nagpur,Punjab,North,Corporate,2026-02-21
10197,Customer_10197,Female,42,Nagpur,Jharkhand,East,Corporate,2022-06-09
10198,Customer_10198,Male,37,Chennai,Punjab,North,Corporate,2022-08-15
10199,Customer_10199,Male,37,Jaipur,Jharkhand,East,Corporate,2024-12-30
10200,Customer_10200,Female,46,Pune,Karnataka,Southwest,Consumer,2024-01-31
10201,Customer_10201,Female,19,Vijayawada,Odisha,East,Consumer,2026-04-30
10202,Customer_10202,Female,65,Nagpur,Maharashtra,Southwest,Corporate,2024-05-21
10203,Customer_10203,Male,22,Bhopal,Maharashtra,West,Corporate,2024-11-14
10204,Customer_10204,Female,65,Bhopal,Manipur,Northeast,Corporate,2023-01-15
10205,Customer_10205,Female,19,Visakhapatnam,Goa,West,Consumer,2023-06-04
10206,Customer_10206,Male,42,Mysuru,Jharkhand,East,Corporate,2022-10-11
10207,Customer_10207,Female,38,Mysuru,Andhra Pradesh,Southeast,Consumer,2022-08-23
10208,Customer_10208,Male,45,Bhubaneswar,Karnataka,Southwest,Consumer,2022-07-01
10209,Customer_10209,Male,38,Bhubaneswar,West Bengal,East,Consumer,2025-11-29
10210,Customer_10210,Female,61,Ahmedabad,Telangana,Southeast,Consumer,2022-04-22
10211,Customer_10211,Other,18,Bengaluru,West Bengal,East,Corporate,2024-04-06
10212,Customer_10212,Male,65,Delhi,Assam,Northeast,Consumer,2024-03-24
10213,Customer_10213,Male,51,Bhopal,Andhra Pradesh,Southeast,Corporate,2022-03-31
10214,Customer_10214,Male,55,Kolkata,Goa,West,Consumer,2025-09-09
10215,Customer_10215,Female,24,Mumbai,Assam,Northeast,Consumer,2024-03-12
10216,Customer_10216,Male,21,Mysuru,Odisha,East,Consumer,2022-07-22
10217,Customer_10217,Female,37,Vijayawada,Punjab,North,Consumer,2022-07-25
10218,Customer_10218,Other,33,Guwahati,Punjab,North,Corporate,2025-01-25
10219,Customer_10219,Male,55,Delhi,Rajasthan,West,Consumer,2024-09-18
10220,Customer_10220,Female,61,Jaipur,Maharashtra,Southwest,Consumer,2023-10-23
10221,Customer_10221,Female,38,Kolkata,Tamil Nadu,South,Consumer,2023-10-11
10222,Customer_10222,Female,54,Jaipur,Gujarat,West,Consumer,2022-02-26
10223,Customer_10223,Male,20,Visakhapatnam,Tripura,Northeast,Consumer,2022-02-20
10224,Customer_10224,Male,53,Delhi,Tamil Nadu,South,Home Office,2024-05-07
10225,Customer_10225,Male,22,Bhubaneswar,Meghalaya,Northeast,Consumer,2023-08-05
10226,Customer_10226,Female,50,Kolkata,West Bengal,East,Consumer,2023-02-08
10227,Customer_10227,Female,36,Visakhapatnam,Andhra Pradesh,Southeast,Home Office,2023-08-30
10228,Customer_10228,Male,37,Guwahati,Madhya Pradesh,Central,Corporate,2024-08-26
10229,Customer_10229,Male,31,Visakhapatnam,Madhya Pradesh,Central,Consumer,2023-04-15
10230,Customer_10230,Female,37,Hyderabad,Kerala,South,Corporate,2023-07-13
10231,Customer_10231,Male,59,Hyderabad,Maharashtra,West,Home Office,2023-03-29
10232,Customer_10232,Male,56,Visakhapatnam,Odisha,Southeast,Consumer,2024-12-02
10233,Customer_10233,Female,34,Kochi,Punjab,North,Consumer,2022-03-29
10234,Customer_10234,Male,32,Mysuru,Odisha,Southeast,Home Office,2026-01-09
10235,Customer_10235,Male,42,Chennai,Rajasthan,West,Corporate,2024-06-06
10236,Customer_10236,Male,50,Warangal,Manipur,Northeast,Home Office,2023-01-27
10237,Customer_10237,Male,26,Delhi,Manipur,Northeast,Consumer,2025-04-30
10238,Customer_10238,Female,52,Vijayawada,Gujarat,West,Home Office,2026-02-12
10239,Customer_10239,Female,63,Visakhapatnam,Jharkhand,East,Consumer,2022-04-04
10240,Customer_10240,Female,58,Kolkata,Assam,Northeast,Corporate,2022-11-23
10241,Customer_10241,Male,44,Hyderabad,Andhra Pradesh,South,Home Office,2022-08-19
10242,Customer_10242,Female,33,Bengaluru,Chhattisgarh,Central,Consumer,2022-04-24
10243,Customer_10243,Male,33,Warangal,Delhi,North,Consumer,2025-03-27
10244,Customer_10244,Female,53,Pune,Manipur,Northeast,Consumer,2022-11-05
10245,Customer_10245,Male,39,Kolkata,Tripura,Northeast,Corporate,2023-09-06
10246,Customer_10246,Female,23,Bengaluru,Rajasthan,North,Consumer,2025-07-27
10247,Customer_10247,Male,50,Hyderabad,Andhra Pradesh,Southeast,Home Office,2024-09-05
10248,Customer_10248,Male,24,Chennai,Rajasthan,West,Consumer,2024-12-20
10249,Customer_10249,Male,65,Jaipur,Telangana,Southeast,Consumer,2022-06-06
10250,Customer_10250,Male,38,Mumbai,Uttar Pradesh,North,Consumer,2026-04-03
10251,Customer_10251,Male,34,Pune,Tamil Nadu,South,Home Office,2022-05-13
10252,Customer_10252,Female,20,Kolkata,Gujarat,West,Consumer,2025-02-09
10253,Customer_10253,Female,26,Delhi,Andhra Pradesh,South,Consumer,2024-10-20
10254,Customer_10254,Male,63,Hyderabad,Bihar,East,Consumer,2023-10-23
10255,Customer_10255,Female,43,Chennai,Meghalaya,Northeast,Home Office,2025-09-03
10256,Customer_10256,Female,61,Nagpur,Telangana,South,Corporate,2025-11-28
10257,Customer_10257,Female,63,Ahmedabad,Assam,Northeast,Consumer,2022-04-23
10258,Customer_10258,Female,20,Chennai,Haryana,North,Consumer,2026-03-14
10259,Customer_10259,Female,36,Delhi,Telangana,South,Consumer,2023-01-21
10260,Customer_10260,Female,58,Jaipur,Madhya Pradesh,Central,Consumer,2025-06-20
10261,Customer_10261,Female,41,Mysuru,Telangana,Southeast,Corporate,2025-08-06
10262,Customer_10262,Female,42,Guwahati,Tamil Nadu,South,Consumer,2024-06-09
10263,Customer_10263,Male,45,Bhopal,Odisha,East,Consumer,2025-10-13
10264,Customer_10264,Male,51,Chennai,Maharashtra,Southwest,Corporate,2025-08-14
10265,Customer_10265,Male,63,Vijayawada,Goa,Southwest,Consumer,2024-04-16
10266,Customer_10266,Female,60,Vijayawada,Madhya Pradesh,Central,Consumer,2022-10-14
10267,Customer_10267,Male,48,Kochi,Gujarat,West,Consumer,2023-11-27
10268,Customer_10268,Female,45,Bhubaneswar,West Bengal,East,Consumer,2025-12-11
10269,Customer_10269,Female,35,Kolkata,Madhya Pradesh,Central,Consumer,2022-11-21
10270,Customer_10270,Other,23,Coimbatore,Madhya Pradesh,Central,Consumer,2026-05-19
10271,Customer_10271,Male,52,Delhi,Jharkhand,East,Consumer,2022-10-18
10272,Customer_10272,Female,18,Pune,Delhi,North,Consumer,2024-11-30
10273,Customer_10273,Female,51,Kolkata,Kerala,South,Corporate,2024-10-22
10274,Customer_10274,Male,41,Lucknow,Maharashtra,Southwest,Consumer,2022-11-10
10275,Customer_10275,Female,55,Visakhapatnam,Maharashtra,West,Consumer,2024-01-26
10276,Customer_10276,Male,63,Ahmedabad,Maharashtra,West,Consumer,2022-08-20
10277,Customer_10277,Female,44,Ahmedabad,Rajasthan,West,Consumer,2023-08-07
10278,Customer_10278,Female,45,Jaipur,Telangana,Southeast,Consumer,2026-03-16
10279,Customer_10279,Male,41,Nagpur,Uttar Pradesh,North,Consumer,2022-03-28
10280,Customer_10280,Male,35,Hyderabad,Uttar Pradesh,North,Corporate,2025-10-26
10281,Customer_10281,Male,22,Guwahati,Bihar,East,Consumer,2024-12-20
10282,Customer_10282,Male,19,Hyderabad,Goa,West,Corporate,2025-04-12
10283,Customer_10283,Female,52,Jaipur,Meghalaya,Northeast,Consumer,2023-03-28
10284,Customer_10284,Male,61,Bhubaneswar,Goa,West,Consumer,2026-02-27
10285,Customer_10285,Male,20,Ahmedabad,Gujarat,West,Consumer,2023-02-10
10286,Customer_10286,Female,33,Kolkata,Karnataka,Southwest,Consumer,2024-03-16
10287,Customer_10287,Female,47,Guwahati,Tamil Nadu,South,Corporate,2022-02-28
10288,Customer_10288,Female,51,Chennai,Madhya Pradesh,Central,Corporate,2025-11-21
10289,Customer_10289,Female,53,Ahmedabad,Chhattisgarh,Central,Corporate,2025-02-01
10290,Customer_10290,Male,51,Warangal,Rajasthan,West,Consumer,2022-09-18
10291,Customer_10291,Female,22,Pune,Andhra Pradesh,Southeast,Corporate,2024-11-25
10292,Customer_10292,Male,30,Mysuru,West Bengal,East,Consumer,2022-10-20
10293,Customer_10293,Female,40,Bhopal,Maharashtra,Southwest,Consumer,2023-12-13
10294,Customer_10294,Other,21,Hyderabad,Jharkhand,East,Consumer,2024-03-30
10295,Customer_10295,Female,34,Bengaluru,Madhya Pradesh,Central,Consumer,2026-01-30
10296,Customer_10296,Female,36,Bengaluru,Madhya Pradesh,Central,Corporate,2023-06-17
10297,Customer_10297,Female,64,Visakhapatnam,Telangana,Southeast,Home Office,2022-01-21
10298,Customer_10298,Male,33,Visakhapatnam,Gujarat,West,Consumer,2023-11-24
10299,Customer_10299,Female,64,Lucknow,Bihar,East,Consumer,2026-01-22
10300,Customer_10300,Female,51,Ahmedabad,Punjab,North,Corporate,2025-07-01
10301,Customer_10301,Other,51,Hyderabad,Bihar,East,Home Office,2022-04-05
10302,Customer_10302,Male,57,Vijayawada,Odisha,Southeast,Corporate,2022-03-27
10303,Customer_10303,Male,58,Bhopal,Punjab,North,Consumer,2025-04-25
10304,Customer_10304,Female,28,Guwahati,Karnataka,Southwest,Consumer,2025-02-27
10305,Customer_10305,Male,38,Delhi,Chhattisgarh,Central,Corporate,2024-06-10
10306,Customer_10306,Male,43,Hyderabad,Andhra Pradesh,South,Consumer,2022-05-22
10307,Customer_10307,Male,64,Mumbai,Jharkhand,East,Home Office,2023-03-25
10308,Customer_10308,Female,19,Kolkata,Chhattisgarh,Central,Home Office,2025-09-18
10309,Customer_10309,Male,40,Visakhapatnam,West Bengal,East,Home Office,2022-08-12
10310,Customer_10310,Male,28,Jaipur,Uttar Pradesh,North,Consumer,2022-11-20
10311,Customer_10311,Male,27,Bengaluru,Tripura,Northeast,Corporate,2023-12-25
10312,Customer_10312,Female,54,Kolkata,Assam,Northeast,Corporate,2025-03-21
10313,Customer_10313,Female,27,Delhi,Punjab,North,Consumer,2025-08-18
10314,Customer_10314,Male,56,Vijayawada,Bihar,East,Consumer,2024-08-05
10315,Customer_10315,Male,65,Bengaluru,Telangana,South,Consumer,2024-02-27
10316,Customer_10316,Female,55,Bhopal,Assam,Northeast,Consumer,2023-09-09
10317,Customer_10317,Male,26,Visakhapatnam,Meghalaya,Northeast,Home Office,2022-03-11
10318,Customer_10318,Female,24,Kolkata,Tripura,Northeast,Corporate,2023-03-05
10319,Customer_10319,Male,38,Mysuru,Karnataka,Southwest,Consumer,2022-12-10
10320,Customer_10320,Female,44,Lucknow,Telangana,Southeast,Consumer,2022-04-02
10321,Customer_10321,Male,55,Chennai,Odisha,East,Consumer,2025-04-07
10322,Customer_10322,Female,38,Chennai,Haryana,North,Consumer,2023-07-20
10323,Customer_10323,Male,26,Hyderabad,Madhya Pradesh,Central,Consumer,2024-03-26
10324,Customer_10324,Female,65,Coimbatore,Goa,Southwest,Corporate,2022-11-17
10325,Customer_10325,Other,61,Jaipur,Goa,Southwest,Corporate,2024-08-03
10326,Customer_10326,Female,49,Jaipur,Karnataka,South,Corporate,2022-08-06
10327,Customer_10327,Male,51,Warangal,Kerala,South,Home Office,2024-12-20
10328,Customer_10328,Male,62,Warangal,Rajasthan,North,Consumer,2025-03-27
10329,Customer_10329,Female,40,Hyderabad,Karnataka,South,Corporate,2023-05-14
10330,Customer_10330,Female,24,Chennai,Madhya Pradesh,Central,Consumer,2022-12-07
10331,Customer_10331,Male,47,Bhopal,Madhya Pradesh,Central,Consumer,2025-06-02
10332,Customer_10332,Male,39,Nagpur,Jharkhand,East,Consumer,2022-12-24
10333,Customer_10333,Male,56,Bhubaneswar,Bihar,East,Consumer,2022-10-13
10334,Customer_10334,Female,55,Mysuru,Odisha,Southeast,Consumer,2023-06-29
10335,Customer_10335,Female,40,Vijayawada,Maharashtra,West,Consumer,2026-03-27
10336,Customer_10336,Female,35,Bhubaneswar,Andhra Pradesh,Southeast,Consumer,2024-01-11
10337,Customer_10337,Female,38,Guwahati,Maharashtra,Southwest,Home Office,2023-02-25
10338,Customer_10338,Male,48,Guwahati,Bihar,East,Consumer,2024-04-01
10339,Customer_10339,Male,48,Chennai,Andhra Pradesh,South,Consumer,2023-07-12
10340,Customer_10340,Male,42,Chennai,Goa,Southwest,Home Office,2024-11-29
10341,Customer_10341,Female,43,Visakhapatnam,Manipur,Northeast,Consumer,2023-12-04
10342,Customer_10342,Male,65,Warangal,Jharkhand,East,Consumer,2024-07-30
10343,Customer_10343,Male,30,Nagpur,Madhya Pradesh,Central,Home Office,2023-11-30
10344,Customer_10344,Male,26,Kolkata,Madhya Pradesh,Central,Consumer,2024-02-10
10345,Customer_10345,Male,56,Bhubaneswar,Maharashtra,Southwest,Consumer,2023-12-17
10346,Customer_10346,Female,62,Guwahati,Odisha,East,Consumer,2023-09-23
10347,Customer_10347,Male,47,Nagpur,Goa,Southwest,Consumer,2026-03-23
10348,Customer_10348,Male,37,Mumbai,Maharashtra,Southwest,Corporate,2023-03-02
10349,Customer_10349,Female,34,Pune,Karnataka,South,Consumer,2025-07-12
10350,Customer_10350,Male,40,Pune,Kerala,South,Consumer,2025-02-09
10351,Customer_10351,Male,20,Lucknow,Madhya Pradesh,Central,Corporate,2024-04-24
10352,Customer_10352,Male,43,Ahmedabad,Rajasthan,North,Home Office,2023-05-24
10353,Customer_10353,Female,30,Visakhapatnam,Odisha,East,Consumer,2024-02-14
10354,Customer_10354,Male,30,Bengaluru,Maharashtra,West,Consumer,2025-09-21
10355,Customer_10355,Female,44,Warangal,Karnataka,Southwest,Home Office,2022-10-19
10356,Customer_10356,Female,64,Lucknow,Karnataka,Southwest,Corporate,2024-07-26
10357,Customer_10357,Female,27,Vijayawada,Telangana,South,Consumer,2025-05-08
10358,Customer_10358,Male,61,Delhi,Karnataka,Southwest,Consumer,2024-10-11
10359,Customer_10359,Female,42,Coimbatore,Punjab,North,Corporate,2022-08-19
10360,Customer_10360,Male,64,Ahmedabad,Meghalaya,Northeast,Consumer,2024-03-25
10361,Customer_10361,Male,36,Coimbatore,Telangana,Southeast,Consumer,2022-10-20
10362,Customer_10362,Female,65,Guwahati,Maharashtra,Southwest,Home Office,2026-01-25
10363,Customer_10363,Male,49,Kolkata,Karnataka,South,Consumer,2023-07-17
10364,Customer_10364,Male,50,Kochi,Goa,Southwest,Consumer,2023-11-06
10365,Customer_10365,Male,45,Guwahati,Rajasthan,North,Consumer,2025-10-03
10366,Customer_10366,Male,39,Pune,Madhya Pradesh,Central,Home Office,2023-11-15
10367,Customer_10367,Male,43,Delhi,Gujarat,West,Consumer,2022-11-07
10368,Customer_10368,Female,58,Hyderabad,Odisha,East,Corporate,2025-11-29
10369,Customer_10369,Female,56,Jaipur,Punjab,North,Consumer,2024-11-02
10370,Customer_10370,Male,19,Hyderabad,Andhra Pradesh,Southeast,Consumer,2024-08-25
10371,Customer_10371,Female,51,Lucknow,West Bengal,East,Home Office,2022-05-01
10372,Customer_10372,Male,58,Bengaluru,Meghalaya,Northeast,Consumer,2023-12-20
10373,Customer_10373,Male,53,Ahmedabad,Goa,West,Consumer,2024-01-05
10374,Customer_10374,Male,41,Coimbatore,Jharkhand,East,Corporate,2023-02-24
10375,Customer_10375,Male,34,Nagpur,Goa,Southwest,Consumer,2024-06-22
10376,Customer_10376,Male,50,Kolkata,Punjab,North,Consumer,2023-01-28
10377,Customer_10377,Male,49,Kolkata,Tripura,Northeast,Corporate,2024-01-24
10378,Customer_10378,Male,35,Pune,Meghalaya,Northeast,Consumer,2025-07-06
10379,Customer_10379,Female,37,Warangal,Maharashtra,West,Corporate,2025-03-22
10380,Customer_10380,Male,35,Pune,Jharkhand,East,Consumer,2023-03-24
10381,Customer_10381,Male,20,Chennai,Delhi,North,Consumer,2022-11-29
10382,Customer_10382,Male,19,Mysuru,Karnataka,Southwest,Corporate,2022-01-10
10383,Customer_10383,Female,21,Ahmedabad,Maharashtra,Southwest,Consumer,2023-07-07
10384,Customer_10384,Male,38,Chennai,Andhra Pradesh,South,Home Office,2022-02-01
10385,Customer_10385,Female,42,Kochi,Rajasthan,North,Home Office,2022-07-25
10386,Customer_10386,Male,37,Kolkata,Haryana,North,Corporate,2026-04-15
10387,Customer_10387,Male,63,Mumbai,Haryana,North,Consumer,2025-10-01
10388,Customer_10388,Female,28,Vijayawada,Odisha,Southeast,Consumer,2024-06-14
10389,Customer_10389,Male,36,Bhopal,Maharashtra,Southwest,Home Office,2025-05-24
10390,Customer_10390,Male,29,Hyderabad,Telangana,South,Consumer,2024-02-22
10391,Customer_10391,Male,32,Jaipur,Meghalaya,Northeast,Corporate,2024-08-20
10392,Customer_10392,Other,46,Mysuru,Tamil Nadu,South,Corporate,2026-01-08
10393,Customer_10393,Female,32,Jaipur,Bihar,East,Consumer,2022-05-06
10394,Customer_10394,Female,33,Bengaluru,Chhattisgarh,Central,Consumer,2023-07-17
10395,Customer_10395,Other,50,Visakhapatnam,Assam,Northeast,Corporate,2022-07-10
10396,Customer_10396,Male,57,Ahmedabad,Andhra Pradesh,Southeast,Consumer,2025-06-25
10397,Customer_10397,Other,28,Nagpur,Haryana,North,Consumer,2025-08-09
10398,Customer_10398,Male,23,Kochi,Kerala,South,Consumer,2025-02-28
10399,Customer_10399,Female,29,Bengaluru,Jharkhand,East,Corporate,2024-09-01
10400,Customer_10400,Male,45,Bhubaneswar,Bihar,East,Consumer,2024-02-03
10401,Customer_10401,Male,64,Bhopal,Maharashtra,Southwest,Consumer,2022-02-07
10402,Customer_10402,Female,25,Ahmedabad,Odisha,Southeast,Corporate,2025-05-24
10403,Customer_10403,Male,20,Guwahati,Bihar,East,Corporate,2025-12-01
10404,Customer_10404,Other,43,Bhopal,Maharashtra,Southwest,Home Office,2026-03-26
10405,Customer_10405,Male,65,Pune,Goa,West,Consumer,2023-07-01
10406,Customer_10406,Female,44,Visakhapatnam,Madhya Pradesh,Central,Home Office,2022-11-17
10407,Customer_10407,Female,62,Warangal,Maharashtra,West,Corporate,2024-11-12
10408,Customer_10408,Male,48,Vijayawada,Kerala,South,Corporate,2022-01-29
10409,Customer_10409,Female,19,Kochi,Karnataka,Southwest,Consumer,2022-04-07
10410,Customer_10410,Female,38,Lucknow,Haryana,North,Consumer,2025-08-07
10411,Customer_10411,Female,54,Chennai,Karnataka,South,Consumer,2026-03-11
10412,Customer_10412,Male,42,Coimbatore,Tamil Nadu,South,Consumer,2023-10-08
10413,Customer_10413,Female,27,Hyderabad,West Bengal,East,Consumer,2024-03-23
10414,Customer_10414,Female,26,Warangal,Tamil Nadu,South,Home Office,2024-05-21
10415,Customer_10415,Male,49,Visakhapatnam,Uttar Pradesh,North,Consumer,2022-08-10
10416,Customer_10416,Male,40,Pune,Meghalaya,Northeast,Home Office,2022-12-22
10417,Customer_10417,Male,45,Nagpur,Karnataka,Southwest,Consumer,2023-04-23
10418,Customer_10418,Female,35,Delhi,Delhi,North,Corporate,2025-09-08
10419,Customer_10419,Male,34,Bengaluru,Jharkhand,East,Consumer,2023-12-03
10420,Customer_10420,Female,49,Jaipur,Madhya Pradesh,Central,Corporate,2025-02-27
10421,Customer_10421,Other,18,Bhopal,Goa,Southwest,Consumer,2022-11-08
10422,Customer_10422,Male,38,Hyderabad,Meghalaya,Northeast,Home Office,2026-03-06
10423,Customer_10423,Male,35,Vijayawada,Andhra Pradesh,Southeast,Consumer,2025-11-14
10424,Customer_10424,Female,55,Visakhapatnam,Chhattisgarh,Central,Consumer,2024-01-31
10425,Customer_10425,Male,52,Guwahati,Maharashtra,West,Home Office,2022-12-27
10426,Customer_10426,Female,38,Hyderabad,Karnataka,South,Consumer,2026-04-12
10427,Customer_10427,Female,30,Hyderabad,Telangana,Southeast,Corporate,2025-07-16
10428,Customer_10428,Female,29,Coimbatore,Andhra Pradesh,Southeast,Consumer,2024-03-28
10429,Customer_10429,Male,28,Mumbai,Delhi,North,Consumer,2023-03-05
10430,Customer_10430,Female,31,Lucknow,Tripura,Northeast,Consumer,2024-09-21
10431,Customer_10431,Female,54,Delhi,Uttar Pradesh,North,Consumer,2023-08-16
10432,Customer_10432,Male,20,Coimbatore,Tripura,Northeast,Consumer,2024-12-14
10433,Customer_10433,Female,19,Hyderabad,Telangana,Southeast,Consumer,2025-08-24
10434,Customer_10434,Female,43,Ahmedabad,Tamil Nadu,South,Corporate,2024-02-23
10435,Customer_10435,Female,28,Warangal,Goa,West,Home Office,2022-03-19
10436,Customer_10436,Male,57,Hyderabad,Rajasthan,North,Consumer,2024-06-19
10437,Customer_10437,Male,54,Delhi,Chhattisgarh,Central,Consumer,2025-10-05
10438,Customer_10438,Male,54,Bengaluru,Goa,Southwest,Consumer,2022-12-24
10439,Customer_10439,Male,39,Hyderabad,Punjab,North,Corporate,2026-03-16
10440,Customer_10440,Male,39,Ahmedabad,Gujarat,West,Consumer,2023-08-03
10441,Customer_10441,Other,38,Visakhapatnam,Karnataka,Southwest,Corporate,2024-12-30
10442,Customer_10442,Male,27,Bhubaneswar,Jharkhand,East,Consumer,2025-01-28
10443,Customer_10443,Female,45,Delhi,Andhra Pradesh,South,Consumer,2022-10-19
10444,Customer_10444,Male,59,Lucknow,Goa,West,Corporate,2022-03-04
10445,Customer_10445,Male,30,Kochi,Chhattisgarh,Central,Consumer,2026-02-27
10446,Customer_10446,Male,20,Ahmedabad,Assam,Northeast,Consumer,2025-01-25
10447,Customer_10447,Male,45,Bhubaneswar,Bihar,East,Consumer,2024-10-07
10448,Customer_10448,Female,37,Lucknow,Karnataka,Southwest,Consumer,2023-05-02
10449,Customer_10449,Female,56,Lucknow,Madhya Pradesh,Central,Consumer,2022-06-22
10450,Customer_10450,Female,59,Lucknow,Jharkhand,East,Corporate,2023-03-11
10451,Customer_10451,Male,63,Visakhapatnam,Goa,Southwest,Consumer,2024-05-26
10452,Customer_10452,Female,36,Lucknow,Goa,Southwest,Consumer,2025-01-14
10453,Customer_10453,Male,61,Bhubaneswar,Goa,West,Consumer,2023-05-26
10454,Customer_10454,Female,23,Lucknow,Rajasthan,North,Consumer,2022-12-10
10455,Customer_10455,Female,35,Kochi,Chhattisgarh,Central,Home Office,2023-02-04
10456,Customer_10456,Male,30,Bengaluru,Chhattisgarh,Central,Consumer,2026-03-19
10457,Customer_10457,Male,62,Visakhapatnam,Andhra Pradesh,South,Consumer,2024-10-05
10458,Customer_10458,Male,46,Bengaluru,Manipur,Northeast,Consumer,2026-05-05
10459,Customer_10459,Male,35,Chennai,Telangana,Southeast,Home Office,2022-01-11
10460,Customer_10460,Female,25,Jaipur,Punjab,North,Corporate,2024-01-03
10461,Customer_10461,Female,55,Vijayawada,Assam,Northeast,Consumer,2024-01-02
10462,Customer_10462,Female,49,Warangal,Karnataka,South,Consumer,2023-10-05
10463,Customer_10463,Male,58,Mysuru,Tripura,Northeast,Corporate,2023-09-19
10464,Customer_10464,Female,39,Bhopal,Maharashtra,West,Corporate,2022-05-07
10465,Customer_10465,Male,25,Visakhapatnam,Punjab,North,Consumer,2022-02-21
10466,Customer_10466,Female,34,Kolkata,Goa,Southwest,Corporate,2025-05-30
10467,Customer_10467,Male,47,Lucknow,Karnataka,South,Consumer,2023-12-06
10468,Customer_10468,Male,29,Delhi,Madhya Pradesh,Central,Consumer,2022-09-18
10469,Customer_10469,Female,21,Guwahati,Andhra Pradesh,South,Consumer,2023-07-11
10470,Customer_10470,Male,57,Bhopal,Maharashtra,Southwest,Consumer,2026-02-01
10471,Customer_10471,Male,43,Ahmedabad,Assam,Northeast,Consumer,2024-01-19
10472,Customer_10472,Female,37,Pune,Odisha,Southeast,Consumer,2026-05-04
10473,Customer_10473,Male,44,Kochi,Gujarat,West,Corporate,2022-09-16
10474,Customer_10474,Female,53,Bhubaneswar,Rajasthan,West,Corporate,2022-07-15
10475,Customer_10475,Female,18,Bengaluru,Assam,Northeast,Consumer,2024-06-21
10476,Customer_10476,Female,39,Mumbai,Andhra Pradesh,Southeast,Consumer,2024-12-28
10477,Customer_10477,Female,30,Warangal,Andhra Pradesh,Southeast,Corporate,2026-04-20
10478,Customer_10478,Female,22,Jaipur,Uttar Pradesh,North,Consumer,2024-01-16
10479,Customer_10479,Female,19,Lucknow,Meghalaya,Northeast,Consumer,2022-11-17
10480,Customer_10480,Female,39,Visakhapatnam,Rajasthan,North,Corporate,2024-05-15
10481,Customer_10481,Female,44,Nagpur,Jharkhand,East,Consumer,2023-05-07
10482,Customer_10482,Male,42,Delhi,Andhra Pradesh,Southeast,Consumer,2022-10-15
10483,Customer_10483,Male,55,Jaipur,Odisha,East,Corporate,2022-05-22
10484,Customer_10484,Female,39,Hyderabad,Odisha,Southeast,Consumer,2025-03-03
10485,Customer_10485,Male,46,Pune,Maharashtra,West,Consumer,2024-10-25
10486,Customer_10486,Male,57,Pune,Telangana,South,Corporate,2022-09-24
10487,Customer_10487,Male,49,Bhopal,Jharkhand,East,Home Office,2024-06-13
10488,Customer_10488,Female,61,Kolkata,Madhya Pradesh,Central,Consumer,2025-11-17
10489,Customer_10489,Male,28,Pune,Odisha,Southeast,Corporate,2025-08-01
10490,Customer_10490,Female,55,Kolkata,Chhattisgarh,Central,Consumer,2023-12-28
10491,Customer_10491,Female,51,Coimbatore,Maharashtra,Southwest,Consumer,2022-04-02
10492,Customer_10492,Female,45,Bhopal,Telangana,Southeast,Consumer,2024-10-12
10493,Customer_10493,Male,18,Nagpur,Odisha,Southeast,Consumer,2024-04-05
10494,Customer_10494,Female,43,Hyderabad,Madhya Pradesh,Central,Consumer,2026-01-14
10495,Customer_10495,Female,59,Bhubaneswar,Jharkhand,East,Corporate,2024-06-04
10496,Customer_10496,Male,48,Jaipur,Gujarat,West,Consumer,2025-03-26
10497,Customer_10497,Female,18,Bhubaneswar,Rajasthan,North,Home Office,2024-04-25
10498,Customer_10498,Male,31,Hyderabad,Bihar,East,Consumer,2024-05-15
10499,Customer_10499,Other,45,Kochi,Karnataka,Southwest,Corporate,2023-05-23
10500,Customer_10500,Male,56,Mysuru,Rajasthan,West,Consumer,2023-10-07
10501,Customer_10501,Female,39,Hyderabad,Uttar Pradesh,North,Consumer,2023-04-19
10502,Customer_10502,Female,59,Bhopal,Manipur,Northeast,Corporate,2024-01-10
10503,Customer_10503,Male,56,Chennai,Maharashtra,Southwest,Corporate,2026-03-03
10504,Customer_10504,Female,30,Nagpur,Telangana,Southeast,Consumer,2023-07-01
10505,Customer_10505,Male,27,Lucknow,Jharkhand,East,Consumer,2024-01-12
10506,Customer_10506,Female,61,Mysuru,Rajasthan,West,Consumer,2026-02-22
10507,Customer_10507,Female,46,Guwahati,Chhattisgarh,Central,Consumer,2022-08-30
10508,Customer_10508,Male,58,Kolkata,Andhra Pradesh,South,Consumer,2023-02-09
10509,Customer_10509,Male,62,Visakhapatnam,Bihar,East,Corporate,2024-02-29
10510,Customer_10510,Female,38,Ahmedabad,Kerala,South,Consumer,2023-10-17
10511,Customer_10511,Male,20,Mumbai,Karnataka,Southwest,Consumer,2023-06-30
10512,Customer_10512,Female,61,Kolkata,Meghalaya,Northeast,Consumer,2025-05-30
10513,Customer_10513,Female,46,Bengaluru,Andhra Pradesh,Southeast,Home Office,2024-03-09
10514,Customer_10514,Female,23,Guwahati,Andhra Pradesh,Southeast,Consumer,2023-08-06
10515,Customer_10515,Male,43,Pune,Maharashtra,Southwest,Consumer,2024-02-06
10516,Customer_10516,Female,19,Visakhapatnam,Haryana,North,Consumer,2025-11-19
10517,Customer_10517,Female,31,Vijayawada,Maharashtra,Southwest,Corporate,2026-04-24
10518,Customer_10518,Male,34,Jaipur,Haryana,North,Consumer,2023-01-24
10519,Customer_10519,Male,39,Bhopal,Goa,West,Consumer,2022-03-06
10520,Customer_10520,Male,45,Mysuru,Chhattisgarh,Central,Consumer,2022-02-20
10521,Customer_10521,Male,58,Coimbatore,West Bengal,East,Home Office,2023-12-14
10522,Customer_10522,Female,34,Bhubaneswar,Andhra Pradesh,South,Consumer,2024-10-03
10523,Customer_10523,Male,53,Chennai,Andhra Pradesh,South,Consumer,2022-03-24
10524,Customer_10524,Female,63,Nagpur,Odisha,Southeast,Consumer,2024-03-24
10525,Customer_10525,Male,53,Chennai,Jharkhand,East,Consumer,2023-10-02
10526,Customer_10526,Male,30,Bengaluru,Odisha,East,Consumer,2026-02-01
10527,Customer_10527,Male,50,Hyderabad,Goa,Southwest,Consumer,2024-08-23
10528,Customer_10528,Female,31,Pune,Andhra Pradesh,South,Consumer,2023-11-09
10529,Customer_10529,Female,40,Bhubaneswar,Maharashtra,Southwest,Consumer,2024-07-27
10530,Customer_10530,Male,48,Kolkata,Karnataka,Southwest,Consumer,2022-08-05
10531,Customer_10531,Female,32,Bhopal,Chhattisgarh,Central,Consumer,2024-01-31
10532,Customer_10532,Male,18,Visakhapatnam,Karnataka,South,Consumer,2023-06-12
10533,Customer_10533,Male,58,Chennai,Kerala,South,Consumer,2022-10-17
10534,Customer_10534,Male,52,Vijayawada,Jharkhand,East,Consumer,2023-09-22
10535,Customer_10535,Other,23,Pune,Chhattisgarh,Central,Consumer,2024-10-19
10536,Customer_10536,Female,36,Delhi,Telangana,South,Corporate,2024-07-22
10537,Customer_10537,Female,30,Warangal,Gujarat,West,Home Office,2026-03-23
10538,Customer_10538,Male,64,Bhopal,Rajasthan,North,Corporate,2023-03-16
10539,Customer_10539,Male,63,Coimbatore,Chhattisgarh,Central,Consumer,2025-01-24
10540,Customer_10540,Female,51,Pune,Uttar Pradesh,North,Home Office,2024-05-30
10541,Customer_10541,Male,39,Lucknow,Assam,Northeast,Home Office,2025-10-30
10542,Customer_10542,Female,20,Ahmedabad,Uttar Pradesh,North,Consumer,2025-12-23
10543,Customer_10543,Female,29,Pune,Tamil Nadu,South,Consumer,2025-02-06
10544,Customer_10544,Male,22,Guwahati,Tamil Nadu,South,Corporate,2023-11-09
10545,Customer_10545,Female,55,Bhubaneswar,Odisha,Southeast,Home Office,2024-05-03
10546,Customer_10546,Other,22,Kochi,Haryana,North,Corporate,2024-11-08
10547,Customer_10547,Male,50,Delhi,Goa,West,Corporate,2025-07-13
10548,Customer_10548,Female,63,Jaipur,Chhattisgarh,Central,Consumer,2023-01-02
10549,Customer_10549,Female,32,Visakhapatnam,Chhattisgarh,Central,Home Office,2025-10-28
10550,Customer_10550,Male,50,Mumbai,Meghalaya,Northeast,Consumer,2025-07-06
10551,Customer_10551,Female,60,Kolkata,Andhra Pradesh,Southeast,Consumer,2022-05-22
10552,Customer_10552,Male,38,Chennai,Gujarat,West,Corporate,2023-03-08
10553,Customer_10553,Female,39,Mumbai,Andhra Pradesh,Southeast,Consumer,2023-01-13
10554,Customer_10554,Female,27,Lucknow,Jharkhand,East,Consumer,2024-07-16
10555,Customer_10555,Female,38,Chennai,Karnataka,Southwest,Consumer,2022-11-30
10556,Customer_10556,Male,59,Vijayawada,Madhya Pradesh,Central,Consumer,2023-04-26
10557,Customer_10557,Female,49,Visakhapatnam,Manipur,Northeast,Consumer,2022-10-30
10558,Customer_10558,Male,27,Hyderabad,Karnataka,Southwest,Consumer,2022-04-18
10559,Customer_10559,Male,43,Bhubaneswar,Telangana,Southeast,Consumer,2024-01-05
10560,Customer_10560,Male,51,Nagpur,Telangana,Southeast,Consumer,2023-05-27
10561,Customer_10561,Female,21,Kochi,Chhattisgarh,Central,Consumer,2024-03-18
10562,Customer_10562,Male,54,Ahmedabad,Punjab,North,Home Office,2022-12-06
10563,Customer_10563,Male,27,Pune,Rajasthan,West,Consumer,2023-04-04
10564,Customer_10564,Female,32,Bhubaneswar,Andhra Pradesh,South,Home Office,2025-11-29
10565,Customer_10565,Male,37,Bhopal,Goa,Southwest,Consumer,2025-07-12
10566,Customer_10566,Male,42,Visakhapatnam,Kerala,South,Consumer,2023-03-02
10567,Customer_10567,Male,61,Lucknow,Telangana,South,Corporate,2022-09-16
10568,Customer_10568,Male,28,Nagpur,Tamil Nadu,South,Corporate,2026-04-09
10569,Customer_10569,Female,30,Kochi,Assam,Northeast,Consumer,2024-12-25
10570,Customer_10570,Male,36,Mumbai,Madhya Pradesh,Central,Corporate,2024-02-27
10571,Customer_10571,Male,59,Kolkata,Goa,Southwest,Corporate,2025-01-24
10572,Customer_10572,Female,64,Mumbai,Rajasthan,West,Consumer,2022-12-20
10573,Customer_10573,Female,39,Kolkata,Odisha,East,Consumer,2023-11-17
10574,Customer_10574,Female,51,Guwahati,Rajasthan,North,Consumer,2023-09-19
10575,Customer_10575,Female,62,Mumbai,Punjab,North,Consumer,2025-02-27
10576,Customer_10576,Female,58,Guwahati,West Bengal,East,Home Office,2022-10-21
10577,Customer_10577,Male,50,Delhi,Karnataka,Southwest,Consumer,2024-02-22
10578,Customer_10578,Female,43,Vijayawada,Chhattisgarh,Central,Corporate,2025-08-26
10579,Customer_10579,Female,65,Warangal,Karnataka,Southwest,Corporate,2022-11-11
10580,Customer_10580,Male,29,Chennai,Punjab,North,Home Office,2022-07-11
10581,Customer_10581,Male,35,Mumbai,Rajasthan,North,Consumer,2025-08-06
10582,Customer_10582,Male,52,Kolkata,Andhra Pradesh,Southeast,Consumer,2025-10-29
10583,Customer_10583,Female,19,Bengaluru,Haryana,North,Consumer,2023-11-20
10584,Customer_10584,Female,42,Bhopal,Rajasthan,North,Corporate,2022-03-15
10585,Customer_10585,Female,59,Warangal,Goa,West,Consumer,2024-05-15
10586,Customer_10586,Male,26,Bhubaneswar,Karnataka,Southwest,Corporate,2023-04-25
10587,Customer_10587,Male,56,Guwahati,Tripura,Northeast,Consumer,2024-07-28
10588,Customer_10588,Male,37,Kolkata,Delhi,North,Consumer,2022-08-12
10589,Customer_10589,Female,59,Bhubaneswar,Andhra Pradesh,Southeast,Home Office,2025-07-12
10590,Customer_10590,Female,48,Bengaluru,Odisha,Southeast,Corporate,2025-01-01
10591,Customer_10591,Female,25,Visakhapatnam,Telangana,Southeast,Consumer,2024-10-29
10592,Customer_10592,Female,53,Ahmedabad,Goa,Southwest,Corporate,2024-03-30
10593,Customer_10593,Female,20,Vijayawada,Telangana,South,Consumer,2022-12-19
10594,Customer_10594,Female,29,Lucknow,Karnataka,Southwest,Corporate,2026-02-11
10595,Customer_10595,Male,60,Guwahati,Odisha,East,Consumer,2023-03-02
10596,Customer_10596,Male,60,Visakhapatnam,Telangana,Southeast,Consumer,2023-08-09
10597,Customer_10597,Male,20,Delhi,Madhya Pradesh,Central,Consumer,2026-01-22
10598,Customer_10598,Male,36,Coimbatore,Telangana,Southeast,Consumer,2022-03-07
10599,Customer_10599,Male,22,Guwahati,Assam,Northeast,Corporate,2022-07-20
10600,Customer_10600,Male,31,Nagpur,Assam,Northeast,Consumer,2025-05-03
10601,Customer_10601,Female,64,Bhubaneswar,Madhya Pradesh,Central,Consumer,2023-08-12
10602,Customer_10602,Male,27,Pune,Odisha,Southeast,Consumer,2024-07-16
10603,Customer_10603,Female,48,Pune,Assam,Northeast,Consumer,2024-07-17
10604,Customer_10604,Female,56,Coimbatore,Kerala,South,Corporate,2025-08-16
10605,Customer_10605,Female,60,Visakhapatnam,Odisha,Southeast,Consumer,2024-09-19
10606,Customer_10606,Female,34,Kochi,Madhya Pradesh,Central,Corporate,2023-11-13
10607,Customer_10607,Male,51,Mysuru,Odisha,East,Home Office,2024-05-28
10608,Customer_10608,Female,41,Warangal,Chhattisgarh,Central,Consumer,2025-03-27
10609,Customer_10609,Male,23,Jaipur,Goa,Southwest,Corporate,2023-08-30
10610,Customer_10610,Female,28,Guwahati,Odisha,Southeast,Consumer,2022-10-01
10611,Customer_10611,Male,53,Visakhapatnam,Telangana,Southeast,Consumer,2024-02-18
10612,Customer_10612,Male,50,Kochi,Gujarat,West,Consumer,2026-05-19
10613,Customer_10613,Female,43,Chennai,Andhra Pradesh,Southeast,Consumer,2022-06-29
10614,Customer_10614,Female,55,Warangal,Goa,West,Consumer,2022-10-05
10615,Customer_10615,Male,51,Visakhapatnam,Tripura,Northeast,Consumer,2026-05-12
10616,Customer_10616,Female,34,Chennai,Meghalaya,Northeast,Corporate,2025-08-20
10617,Customer_10617,Male,32,Pune,Kerala,South,Consumer,2022-07-07
10618,Customer_10618,Female,63,Lucknow,West Bengal,East,Home Office,2022-12-06
10619,Customer_10619,Male,64,Mumbai,Punjab,North,Consumer,2025-01-10
10620,Customer_10620,Male,19,Chennai,Karnataka,South,Corporate,2025-06-06
10621,Customer_10621,Male,55,Bengaluru,Maharashtra,West,Consumer,2025-03-20
10622,Customer_10622,Male,24,Hyderabad,Maharashtra,West,Consumer,2025-10-10
10623,Customer_10623,Male,59,Visakhapatnam,Karnataka,South,Consumer,2024-03-21
10624,Customer_10624,Male,46,Vijayawada,Rajasthan,West,Home Office,2025-11-03
10625,Customer_10625,Male,51,Kochi,Chhattisgarh,Central,Home Office,2024-08-11
10626,Customer_10626,Male,51,Coimbatore,Andhra Pradesh,South,Consumer,2024-02-01
10627,Customer_10627,Female,47,Warangal,West Bengal,East,Corporate,2024-10-15
10628,Customer_10628,Male,30,Nagpur,Odisha,East,Corporate,2023-11-18
10629,Customer_10629,Female,56,Pune,Madhya Pradesh,Central,Consumer,2024-08-28
10630,Customer_10630,Female,44,Lucknow,Bihar,East,Consumer,2025-08-27
10631,Customer_10631,Male,44,Bengaluru,Assam,Northeast,Corporate,2026-03-14
10632,Customer_10632,Female,33,Bhubaneswar,West Bengal,East,Corporate,2024-07-16
10633,Customer_10633,Male,18,Jaipur,Goa,West,Consumer,2022-01-10
10634,Customer_10634,Male,44,Kolkata,Rajasthan,West,Consumer,2024-09-21
10635,Customer_10635,Female,34,Chennai,Karnataka,South,Consumer,2023-02-08
10636,Customer_10636,Female,49,Warangal,Assam,Northeast,Home Office,2023-01-13
10637,Customer_10637,Female,35,Jaipur,Kerala,South,Consumer,2025-11-10
10638,Customer_10638,Male,64,Nagpur,Bihar,East,Consumer,2023-12-15
10639,Customer_10639,Female,50,Mumbai,Odisha,Southeast,Consumer,2025-06-18
10640,Customer_10640,Male,39,Visakhapatnam,Karnataka,Southwest,Corporate,2023-08-15
10641,Customer_10641,Male,51,Mysuru,Manipur,Northeast,Corporate,2024-08-28
10642,Customer_10642,Male,49,Bhubaneswar,Maharashtra,Southwest,Consumer,2024-11-30
10643,Customer_10643,Other,47,Bhopal,Andhra Pradesh,Southeast,Consumer,2025-11-30
10644,Customer_10644,Male,45,Warangal,Goa,West,Corporate,2022-11-11
10645,Customer_10645,Female,62,Guwahati,Telangana,Southeast,Consumer,2024-06-16
10646,Customer_10646,Female,33,Pune,Jharkhand,East,Consumer,2023-10-12
10647,Customer_10647,Female,38,Bhubaneswar,Gujarat,West,Home Office,2024-01-13
10648,Customer_10648,Female,30,Coimbatore,Chhattisgarh,Central,Consumer,2025-09-19
10649,Customer_10649,Female,45,Kolkata,Maharashtra,Southwest,Consumer,2022-08-06
10650,Customer_10650,Male,65,Pune,Telangana,Southeast,Consumer,2024-05-24
10651,Customer_10651,Male,47,Warangal,Goa,West,Corporate,2023-09-13
10652,Customer_10652,Female,27,Hyderabad,Manipur,Northeast,Corporate,2025-12-04
10653,Customer_10653,Male,62,Lucknow,Tamil Nadu,South,Consumer,2022-12-13
10654,Customer_10654,Male,55,Pune,Andhra Pradesh,Southeast,Corporate,2023-01-08
10655,Customer_10655,Male,39,Jaipur,Chhattisgarh,Central,Home Office,2022-05-26
10656,Customer_10656,Male,25,Mumbai,Chhattisgarh,Central,Corporate,2023-12-05
10657,Customer_10657,Male,37,Vijayawada,Odisha,Southeast,Consumer,2022-01-18
10658,Customer_10658,Male,56,Jaipur,Assam,Northeast,Consumer,2024-03-11
10659,Customer_10659,Female,45,Mumbai,Haryana,North,Home Office,2022-12-24
10660,Customer_10660,Male,26,Guwahati,Jharkhand,East,Consumer,2023-10-03
10661,Customer_10661,Other,25,Bhopal,Andhra Pradesh,South,Consumer,2024-08-26
10662,Customer_10662,Female,64,Jaipur,Manipur,Northeast,Consumer,2024-12-31
10663,Customer_10663,Male,39,Bengaluru,Uttar Pradesh,North,Corporate,2022-04-08
10664,Customer_10664,Female,50,Bhubaneswar,Kerala,South,Consumer,2022-08-26
10665,Customer_10665,Female,35,Ahmedabad,Chhattisgarh,Central,Consumer,2023-05-24
10666,Customer_10666,Female,22,Coimbatore,Tripura,Northeast,Corporate,2024-04-11
10667,Customer_10667,Male,37,Kochi,Madhya Pradesh,Central,Consumer,2025-11-14
10668,Customer_10668,Male,51,Hyderabad,Andhra Pradesh,Southeast,Consumer,2022-08-11
10669,Customer_10669,Male,34,Vijayawada,Karnataka,Southwest,Consumer,2022-04-19
10670,Customer_10670,Female,46,Mumbai,Andhra Pradesh,South,Consumer,2024-10-03
10671,Customer_10671,Other,39,Ahmedabad,Karnataka,Southwest,Home Office,2026-04-16
10672,Customer_10672,Female,34,Mysuru,Madhya Pradesh,Central,Consumer,2025-08-21
10673,Customer_10673,Female,30,Warangal,Tripura,Northeast,Corporate,2024-06-23
10674,Customer_10674,Other,30,Kochi,Haryana,North,Consumer,2022-02-01
10675,Customer_10675,Female,30,Ahmedabad,Chhattisgarh,Central,Consumer,2024-07-10
10676,Customer_10676,Male,52,Mysuru,Tripura,Northeast,Consumer,2024-01-02
10677,Customer_10677,Female,34,Hyderabad,Chhattisgarh,Central,Consumer,2023-12-17
10678,Customer_10678,Male,53,Kolkata,Uttar Pradesh,North,Consumer,2024-02-28
10679,Customer_10679,Male,32,Delhi,Madhya Pradesh,Central,Consumer,2024-06-17
10680,Customer_10680,Female,33,Lucknow,Goa,Southwest,Home Office,2025-02-26
10681,Customer_10681,Female,62,Visakhapatnam,Meghalaya,Northeast,Consumer,2022-11-04
10682,Customer_10682,Male,60,Bhopal,Telangana,South,Home Office,2022-04-30
10683,Customer_10683,Male,37,Vijayawada,Maharashtra,Southwest,Consumer,2022-03-24
10684,Customer_10684,Male,30,Nagpur,Goa,Southwest,Consumer,2023-10-12
10685,Customer_10685,Male,52,Bhopal,Tamil Nadu,South,Consumer,2024-03-23
10686,Customer_10686,Male,21,Hyderabad,Andhra Pradesh,Southeast,Consumer,2025-06-10
10687,Customer_10687,Female,39,Nagpur,Gujarat,West,Consumer,2023-11-25
10688,Customer_10688,Female,46,Nagpur,Chhattisgarh,Central,Consumer,2024-05-01
10689,Customer_10689,Male,50,Hyderabad,Rajasthan,West,Consumer,2026-04-12
10690,Customer_10690,Male,23,Jaipur,Andhra Pradesh,Southeast,Corporate,2025-04-14
10691,Customer_10691,Male,18,Nagpur,Maharashtra,Southwest,Consumer,2025-01-10
10692,Customer_10692,Male,31,Bhubaneswar,Odisha,Southeast,Home Office,2023-08-06
10693,Customer_10693,Female,23,Vijayawada,Karnataka,Southwest,Consumer,2022-09-01
10694,Customer_10694,Female,42,Warangal,Maharashtra,Southwest,Consumer,2026-01-12
10695,Customer_10695,Female,62,Hyderabad,Rajasthan,North,Consumer,2024-06-04
10696,Customer_10696,Male,31,Coimbatore,Odisha,East,Consumer,2022-05-04
10697,Customer_10697,Female,39,Ahmedabad,Tripura,Northeast,Home Office,2024-02-11
10698,Customer_10698,Male,28,Jaipur,Chhattisgarh,Central,Corporate,2022-05-26
10699,Customer_10699,Male,20,Kolkata,Rajasthan,North,Consumer,2026-04-20
10700,Customer_10700,Female,51,Bhubaneswar,Uttar Pradesh,North,Consumer,2024-04-25
10701,Customer_10701,Female,30,Visakhapatnam,Chhattisgarh,Central,Corporate,2025-06-09
10702,Customer_10702,Female,44,Delhi,Chhattisgarh,Central,Consumer,2024-01-24
10703,Customer_10703,Female,50,Jaipur,Kerala,South,Consumer,2022-02-01
10704,Customer_10704,Female,58,Vijayawada,Karnataka,South,Consumer,2024-10-18
10705,Customer_10705,Female,26,Delhi,Karnataka,South,Consumer,2024-11-10
10706,Customer_10706,Male,45,Coimbatore,Chhattisgarh,Central,Consumer,2023-01-02
10707,Customer_10707,Male,61,Guwahati,Haryana,North,Consumer,2025-02-20
10708,Customer_10708,Male,41,Lucknow,Chhattisgarh,Central,Home Office,2022-12-28
10709,Customer_10709,Male,19,Pune,Goa,West,Consumer,2025-01-11
10710,Customer_10710,Male,30,Vijayawada,Gujarat,West,Home Office,2025-04-13
10711,Customer_10711,Male,56,Warangal,Assam,Northeast,Corporate,2022-08-08
10712,Customer_10712,Female,56,Ahmedabad,Madhya Pradesh,Central,Consumer,2023-04-12
10713,Customer_10713,Female,33,Bhopal,Tripura,Northeast,Consumer,2022-09-19
10714,Customer_10714,Female,27,Vijayawada,Odisha,Southeast,Consumer,2025-03-09
10715,Customer_10715,Male,32,Kolkata,Goa,Southwest,Corporate,2023-01-12
10716,Customer_10716,Female,29,Ahmedabad,Telangana,Southeast,Consumer,2024-10-22
10717,Customer_10717,Male,53,Chennai,Madhya Pradesh,Central,Home Office,2023-10-31
10718,Customer_10718,Male,58,Ahmedabad,Gujarat,West,Consumer,2022-05-14
10719,Customer_10719,Male,20,Guwahati,Andhra Pradesh,South,Consumer,2025-11-13
10720,Customer_10720,Male,53,Lucknow,Chhattisgarh,Central,Consumer,2025-02-11
10721,Customer_10721,Male,54,Visakhapatnam,Karnataka,South,Consumer,2023-02-23
10722,Customer_10722,Female,47,Bhubaneswar,Goa,Southwest,Corporate,2025-11-08
10723,Customer_10723,Female,59,Warangal,Telangana,Southeast,Corporate,2025-02-08
10724,Customer_10724,Female,19,Warangal,Uttar Pradesh,North,Consumer,2025-07-30
10725,Customer_10725,Male,51,Guwahati,Telangana,Southeast,Consumer,2022-10-12
10726,Customer_10726,Female,24,Mumbai,Haryana,North,Consumer,2022-01-15
10727,Customer_10727,Female,61,Bhopal,Assam,Northeast,Corporate,2022-04-09
10728,Customer_10728,Male,41,Ahmedabad,Punjab,North,Consumer,2024-05-13
10729,Customer_10729,Female,22,Warangal,Goa,West,Consumer,2025-06-12
10730,Customer_10730,Male,53,Bengaluru,Meghalaya,Northeast,Corporate,2026-01-01
10731,Customer_10731,Male,53,Bhopal,Tripura,Northeast,Consumer,2026-03-18
10732,Customer_10732,Male,40,Pune,Gujarat,West,Consumer,2024-08-15
10733,Customer_10733,Female,32,Guwahati,Karnataka,Southwest,Corporate,2024-10-07
10734,Customer_10734,Male,18,Bhopal,Odisha,Southeast,Corporate,2023-04-10
10735,Customer_10735,Male,61,Jaipur,Kerala,South,Corporate,2022-01-02
10736,Customer_10736,Male,26,Visakhapatnam,Meghalaya,Northeast,Consumer,2022-11-08
10737,Customer_10737,Female,58,Hyderabad,Tripura,Northeast,Consumer,2022-03-30
10738,Customer_10738,Male,46,Vijayawada,West Bengal,East,Corporate,2024-12-31
10739,Customer_10739,Male,50,Bengaluru,Assam,Northeast,Consumer,2024-03-15
10740,Customer_10740,Male,51,Nagpur,Goa,Southwest,Consumer,2025-05-19
10741,Customer_10741,Female,59,Kochi,Andhra Pradesh,Southeast,Consumer,2022-08-25
10742,Customer_10742,Female,19,Pune,Telangana,Southeast,Consumer,2025-12-31
10743,Customer_10743,Female,65,Bhubaneswar,Meghalaya,Northeast,Home Office,2025-02-25
10744,Customer_10744,Male,20,Hyderabad,Jharkhand,East,Consumer,2025-12-20
10745,Customer_10745,Male,65,Warangal,Odisha,Southeast,Consumer,2024-11-03
10746,Customer_10746,Female,30,Chennai,West Bengal,East,Home Office,2023-06-27
10747,Customer_10747,Male,58,Bengaluru,Chhattisgarh,Central,Home Office,2024-09-28
10748,Customer_10748,Female,22,Pune,Jharkhand,East,Consumer,2024-08-24
10749,Customer_10749,Female,40,Delhi,Jharkhand,East,Home Office,2022-10-17
10750,Customer_10750,Male,44,Lucknow,Tamil Nadu,South,Consumer,2022-06-12
10751,Customer_10751,Other,63,Guwahati,Karnataka,Southwest,Corporate,2024-11-06
10752,Customer_10752,Female,23,Bhopal,Andhra Pradesh,South,Consumer,2022-06-01
10753,Customer_10753,Male,19,Lucknow,Delhi,North,Consumer,2022-06-10
10754,Customer_10754,Male,49,Coimbatore,Karnataka,Southwest,Consumer,2022-04-25
10755,Customer_10755,Male,20,Jaipur,Chhattisgarh,Central,Corporate,2024-09-22
10756,Customer_10756,Female,55,Delhi,Maharashtra,West,Consumer,2026-01-23
10757,Customer_10757,Male,19,Mysuru,Assam,Northeast,Consumer,2024-03-06
10758,Customer_10758,Male,64,Warangal,Rajasthan,West,Corporate,2022-09-01
10759,Customer_10759,Female,43,Coimbatore,Tamil Nadu,South,Consumer,2024-03-31
10760,Customer_10760,Male,63,Hyderabad,Assam,Northeast,Home Office,2024-02-11
10761,Customer_10761,Male,24,Vijayawada,Kerala,South,Consumer,2024-08-07
10762,Customer_10762,Female,31,Ahmedabad,Madhya Pradesh,Central,Consumer,2023-11-24
10763,Customer_10763,Male,39,Vijayawada,Maharashtra,Southwest,Consumer,2024-05-01
10764,Customer_10764,Male,19,Kochi,Maharashtra,Southwest,Consumer,2023-06-04
10765,Customer_10765,Male,22,Bhubaneswar,Bihar,East,Consumer,2025-12-20
10766,Customer_10766,Male,33,Hyderabad,Odisha,Southeast,Consumer,2024-05-10
10767,Customer_10767,Male,53,Mysuru,Madhya Pradesh,Central,Corporate,2023-05-13
10768,Customer_10768,Female,52,Bhubaneswar,Maharashtra,West,Consumer,2022-01-05
10769,Customer_10769,Female,22,Visakhapatnam,Kerala,South,Consumer,2024-12-21
10770,Customer_10770,Male,20,Bhopal,Rajasthan,West,Corporate,2023-09-01
10771,Customer_10771,Female,49,Bengaluru,Meghalaya,Northeast,Consumer,2023-02-03
10772,Customer_10772,Female,35,Kolkata,Goa,Southwest,Corporate,2024-02-06
10773,Customer_10773,Female,56,Chennai,Rajasthan,North,Home Office,2024-02-16
10774,Customer_10774,Female,32,Kochi,Manipur,Northeast,Consumer,2025-07-09
10775,Customer_10775,Female,35,Guwahati,Andhra Pradesh,Southeast,Consumer,2024-05-18
10776,Customer_10776,Female,28,Kochi,Karnataka,Southwest,Home Office,2025-01-26
10777,Customer_10777,Male,30,Lucknow,Rajasthan,West,Consumer,2024-11-01
10778,Customer_10778,Female,51,Chennai,Haryana,North,Home Office,2025-09-21
10779,Customer_10779,Male,40,Mysuru,West Bengal,East,Consumer,2022-01-10
10780,Customer_10780,Male,49,Mumbai,Telangana,Southeast,Consumer,2023-08-26
10781,Customer_10781,Female,21,Warangal,Goa,Southwest,Consumer,2025-02-18
10782,Customer_10782,Male,43,Ahmedabad,Assam,Northeast,Consumer,2022-08-14
10783,Customer_10783,Male,40,Guwahati,Punjab,North,Home Office,2023-12-08
10784,Customer_10784,Male,61,Mysuru,Punjab,North,Consumer,2023-10-04
10785,Customer_10785,Male,38,Coimbatore,Goa,West,Home Office,2025-07-13
10786,Customer_10786,Female,22,Coimbatore,Madhya Pradesh,Central,Corporate,2026-03-21
10787,Customer_10787,Female,51,Visakhapatnam,Punjab,North,Home Office,2022-06-20
10788,Customer_10788,Male,25,Coimbatore,Meghalaya,Northeast,Home Office,2022-12-09
10789,Customer_10789,Male,61,Ahmedabad,Madhya Pradesh,Central,Consumer,2025-05-23
10790,Customer_10790,Male,36,Kochi,Uttar Pradesh,North,Home Office,2022-10-07
10791,Customer_10791,Male,55,Coimbatore,Delhi,North,Corporate,2024-03-06
10792,Customer_10792,Female,49,Visakhapatnam,Gujarat,West,Consumer,2026-02-19
10793,Customer_10793,Female,40,Mumbai,Assam,Northeast,Corporate,2026-04-10
10794,Customer_10794,Male,46,Bengaluru,Andhra Pradesh,Southeast,Consumer,2026-02-28
10795,Customer_10795,Male,26,Visakhapatnam,Rajasthan,West,Consumer,2022-08-04
10796,Customer_10796,Female,21,Jaipur,Jharkhand,East,Consumer,2022-08-27
10797,Customer_10797,Female,54,Kochi,Karnataka,Southwest,Consumer,2022-10-09
10798,Customer_10798,Male,64,Mysuru,Maharashtra,West,Consumer,2025-05-16
10799,Customer_10799,Male,59,Lucknow,Odisha,East,Consumer,2022-10-14
10800,Customer_10800,Male,32,Bhubaneswar,Goa,West,Corporate,2023-11-19
10801,Customer_10801,Female,35,Coimbatore,Haryana,North,Corporate,2025-08-02
10802,Customer_10802,Male,35,Mysuru,Jharkhand,East,Home Office,2024-02-27
10803,Customer_10803,Male,51,Mysuru,Madhya Pradesh,Central,Home Office,2026-02-13
10804,Customer_10804,Other,47,Mumbai,Goa,Southwest,Home Office,2024-03-08
10805,Customer_10805,Female,56,Kochi,Meghalaya,Northeast,Corporate,2023-08-31
10806,Customer_10806,Male,63,Warangal,Andhra Pradesh,Southeast,Consumer,2026-03-30
10807,Customer_10807,Male,36,Nagpur,Madhya Pradesh,Central,Home Office,2024-05-25
10808,Customer_10808,Male,49,Coimbatore,Rajasthan,North,Consumer,2022-10-23
10809,Customer_10809,Female,42,Hyderabad,Maharashtra,West,Consumer,2024-10-12
10810,Customer_10810,Male,63,Pune,Goa,Southwest,Consumer,2025-05-21
10811,Customer_10811,Female,34,Chennai,Punjab,North,Consumer,2025-09-03
10812,Customer_10812,Female,27,Pune,Goa,Southwest,Corporate,2022-01-10
10813,Customer_10813,Female,36,Bengaluru,Meghalaya,Northeast,Consumer,2022-06-23
10814,Customer_10814,Female,47,Bhopal,Bihar,East,Corporate,2024-10-02
10815,Customer_10815,Male,63,Vijayawada,Odisha,Southeast,Consumer,2025-04-02
10816,Customer_10816,Male,57,Ahmedabad,Odisha,Southeast,Consumer,2024-11-10
10817,Customer_10817,Female,18,Nagpur,Delhi,North,Consumer,2023-09-05
10818,Customer_10818,Male,42,Kochi,Punjab,North,Consumer,2025-04-20
10819,Customer_10819,Male,25,Vijayawada,Tripura,Northeast,Corporate,2024-07-15
10820,Customer_10820,Male,35,Delhi,Goa,Southwest,Consumer,2026-01-21
10821,Customer_10821,Male,63,Bhopal,Uttar Pradesh,North,Consumer,2023-08-12
10822,Customer_10822,Male,65,Warangal,Tripura,Northeast,Consumer,2025-04-21
10823,Customer_10823,Female,25,Bhopal,Tamil Nadu,South,Corporate,2022-08-19
10824,Customer_10824,Female,24,Hyderabad,Assam,Northeast,Home Office,2025-03-17
10825,Customer_10825,Female,51,Mumbai,Chhattisgarh,Central,Corporate,2025-03-16
10826,Customer_10826,Female,37,Chennai,Haryana,North,Consumer,2023-02-11
10827,Customer_10827,Male,38,Ahmedabad,Manipur,Northeast,Home Office,2022-04-09
10828,Customer_10828,Female,59,Warangal,Karnataka,Southwest,Consumer,2026-05-08
10829,Customer_10829,Female,62,Kolkata,Telangana,Southeast,Consumer,2022-05-03
10830,Customer_10830,Male,61,Kolkata,Uttar Pradesh,North,Consumer,2024-01-20
10831,Customer_10831,Female,55,Kochi,Tamil Nadu,South,Consumer,2022-01-02
10832,Customer_10832,Male,65,Nagpur,Tamil Nadu,South,Consumer,2023-10-30
10833,Customer_10833,Male,52,Nagpur,Maharashtra,West,Consumer,2025-08-06
10834,Customer_10834,Male,60,Vijayawada,Kerala,South,Consumer,2024-03-14
10835,Customer_10835,Male,43,Ahmedabad,Odisha,Southeast,Consumer,2023-01-19
10836,Customer_10836,Male,20,Bengaluru,Andhra Pradesh,Southeast,Consumer,2023-09-23
10837,Customer_10837,Female,57,Mysuru,Telangana,Southeast,Consumer,2022-05-28
10838,Customer_10838,Female,62,Hyderabad,Karnataka,South,Home Office,2024-08-07
10839,Customer_10839,Male,32,Kolkata,Uttar Pradesh,North,Corporate,2022-01-07
10840,Customer_10840,Female,38,Lucknow,Karnataka,Southwest,Consumer,2023-07-14
10841,Customer_10841,Male,45,Nagpur,West Bengal,East,Consumer,2022-04-08
10842,Customer_10842,Female,49,Mumbai,Assam,Northeast,Consumer,2023-01-19
10843,Customer_10843,Male,50,Ahmedabad,Maharashtra,Southwest,Consumer,2022-04-18
10844,Customer_10844,Male,36,Mumbai,Uttar Pradesh,North,Consumer,2026-01-24
10845,Customer_10845,Female,59,Bengaluru,Uttar Pradesh,North,Consumer,2025-05-20
10846,Customer_10846,Female,57,Visakhapatnam,Delhi,North,Corporate,2026-01-24
10847,Customer_10847,Female,63,Coimbatore,Karnataka,South,Corporate,2024-12-28
10848,Customer_10848,Female,45,Delhi,Uttar Pradesh,North,Corporate,2024-03-04
10849,Customer_10849,Female,21,Nagpur,Odisha,Southeast,Consumer,2022-10-06
10850,Customer_10850,Male,58,Kochi,Madhya Pradesh,Central,Corporate,2026-03-20
10851,Customer_10851,Male,21,Visakhapatnam,Karnataka,Southwest,Corporate,2026-01-08
10852,Customer_10852,Male,27,Vijayawada,Telangana,Southeast,Home Office,2023-10-28
10853,Customer_10853,Male,31,Vijayawada,Goa,Southwest,Corporate,2022-12-27
10854,Customer_10854,Male,26,Chennai,Tamil Nadu,South,Corporate,2023-09-12
10855,Customer_10855,Male,52,Kochi,Bihar,East,Corporate,2023-09-23
10856,Customer_10856,Male,39,Bhopal,Odisha,Southeast,Consumer,2026-01-07
10857,Customer_10857,Female,28,Visakhapatnam,Kerala,South,Consumer,2022-04-17
10858,Customer_10858,Male,18,Visakhapatnam,Rajasthan,North,Consumer,2024-10-09
10859,Customer_10859,Female,28,Mysuru,Manipur,Northeast,Consumer,2025-05-14
10860,Customer_10860,Female,51,Kochi,Odisha,Southeast,Consumer,2025-05-05
10861,Customer_10861,Male,56,Delhi,Karnataka,Southwest,Consumer,2022-11-06
10862,Customer_10862,Male,32,Hyderabad,Karnataka,Southwest,Consumer,2023-10-23
10863,Customer_10863,Female,21,Bhubaneswar,Rajasthan,North,Consumer,2023-07-02
10864,Customer_10864,Female,44,Kochi,Andhra Pradesh,Southeast,Home Office,2023-10-14
10865,Customer_10865,Male,55,Kochi,Andhra Pradesh,Southeast,Consumer,2022-05-20
10866,Customer_10866,Male,21,Delhi,Assam,Northeast,Consumer,2022-05-14
10867,Customer_10867,Female,56,Mumbai,Odisha,Southeast,Consumer,2022-02-08
10868,Customer_10868,Female,26,Vijayawada,Andhra Pradesh,Southeast,Consumer,2026-03-27
10869,Customer_10869,Male,30,Bhopal,Rajasthan,West,Corporate,2023-10-29
10870,Customer_10870,Male,47,Delhi,Rajasthan,North,Corporate,2022-12-31
10871,Customer_10871,Female,20,Warangal,Goa,West,Consumer,2025-06-30
10872,Customer_10872,Male,32,Nagpur,Tamil Nadu,South,Consumer,2024-03-01
10873,Customer_10873,Female,24,Pune,Uttar Pradesh,North,Consumer,2023-08-07
10874,Customer_10874,Male,28,Pune,Delhi,North,Corporate,2022-07-03
10875,Customer_10875,Female,55,Pune,Manipur,Northeast,Home Office,2023-09-10
10876,Customer_10876,Male,28,Mysuru,Madhya Pradesh,Central,Home Office,2024-11-01
10877,Customer_10877,Male,20,Warangal,Chhattisgarh,Central,Consumer,2024-09-24
10878,Customer_10878,Female,28,Mysuru,Tripura,Northeast,Corporate,2023-09-18
10879,Customer_10879,Male,22,Mysuru,Chhattisgarh,Central,Corporate,2024-09-07
10880,Customer_10880,Female,47,Visakhapatnam,Assam,Northeast,Home Office,2025-05-13
10881,Customer_10881,Male,64,Bengaluru,Rajasthan,North,Consumer,2026-01-28
10882,Customer_10882,Female,26,Kolkata,Telangana,Southeast,Consumer,2024-04-25
10883,Customer_10883,Female,52,Warangal,Maharashtra,West,Consumer,2022-12-31
10884,Customer_10884,Female,35,Jaipur,Kerala,South,Consumer,2022-07-27
10885,Customer_10885,Male,21,Hyderabad,Andhra Pradesh,Southeast,Corporate,2022-09-10
10886,Customer_10886,Female,51,Nagpur,Manipur,Northeast,Consumer,2022-01-18
10887,Customer_10887,Female,28,Kolkata,Delhi,North,Consumer,2024-06-11
10888,Customer_10888,Female,42,Kochi,Andhra Pradesh,South,Corporate,2022-12-06
10889,Customer_10889,Male,42,Mysuru,Uttar Pradesh,North,Consumer,2022-12-28
10890,Customer_10890,Male,46,Warangal,Bihar,East,Home Office,2025-03-04
10891,Customer_10891,Male,24,Ahmedabad,Uttar Pradesh,North,Corporate,2023-05-27
10892,Customer_10892,Female,30,Hyderabad,Manipur,Northeast,Home Office,2025-08-18
10893,Customer_10893,Other,53,Ahmedabad,Chhattisgarh,Central,Corporate,2022-08-08
10894,Customer_10894,Male,62,Bhubaneswar,Maharashtra,Southwest,Consumer,2023-07-01
10895,Customer_10895,Female,18,Mysuru,Meghalaya,Northeast,Consumer,2022-03-24
10896,Customer_10896,Female,37,Bengaluru,Chhattisgarh,Central,Home Office,2024-05-07
10897,Customer_10897,Male,60,Pune,Madhya Pradesh,Central,Consumer,2022-07-19
10898,Customer_10898,Male,31,Hyderabad,Haryana,North,Consumer,2023-01-20
10899,Customer_10899,Female,39,Mysuru,Rajasthan,North,Consumer,2025-03-22
10900,Customer_10900,Female,61,Delhi,Chhattisgarh,Central,Consumer,2025-11-09
10901,Customer_10901,Male,64,Warangal,Delhi,North,Consumer,2024-05-22
10902,Customer_10902,Female,49,Vijayawada,Delhi,North,Consumer,2026-03-25
10903,Customer_10903,Female,51,Ahmedabad,Kerala,South,Consumer,2025-04-25
10904,Customer_10904,Female,47,Guwahati,Maharashtra,Southwest,Corporate,2025-04-19
10905,Customer_10905,Female,31,Kolkata,Gujarat,West,Consumer,2026-05-04
10906,Customer_10906,Female,60,Bhopal,Tripura,Northeast,Consumer,2022-05-23
10907,Customer_10907,Female,19,Delhi,Maharashtra,West,Consumer,2023-01-07
10908,Customer_10908,Male,20,Mumbai,Kerala,South,Consumer,2023-12-01
10909,Customer_10909,Female,46,Chennai,Jharkhand,East,Consumer,2024-09-16
10910,Customer_10910,Male,58,Jaipur,Delhi,North,Consumer,2026-05-04
10911,Customer_10911,Female,57,Coimbatore,Odisha,Southeast,Corporate,2022-06-08
10912,Customer_10912,Male,50,Bhopal,Telangana,South,Consumer,2023-01-03
10913,Customer_10913,Female,36,Bhubaneswar,Rajasthan,West,Corporate,2023-04-23
10914,Customer_10914,Male,35,Warangal,Maharashtra,Southwest,Consumer,2024-12-08
10915,Customer_10915,Male,38,Visakhapatnam,Madhya Pradesh,Central,Consumer,2026-03-03
10916,Customer_10916,Male,30,Mumbai,Rajasthan,West,Consumer,2026-02-10
10917,Customer_10917,Female,38,Mysuru,Chhattisgarh,Central,Home Office,2025-04-11
10918,Customer_10918,Female,23,Jaipur,Telangana,Southeast,Consumer,2025-05-22
10919,Customer_10919,Male,33,Bhopal,Bihar,East,Consumer,2023-10-27
10920,Customer_10920,Female,63,Kochi,Manipur,Northeast,Consumer,2024-09-01
10921,Customer_10921,Female,51,Mysuru,Andhra Pradesh,Southeast,Consumer,2022-10-01
10922,Customer_10922,Male,24,Nagpur,Chhattisgarh,Central,Corporate,2024-03-21
10923,Customer_10923,Female,31,Lucknow,Gujarat,West,Home Office,2023-04-14
10924,Customer_10924,Male,30,Ahmedabad,Tamil Nadu,South,Consumer,2026-01-26
10925,Customer_10925,Male,31,Chennai,Kerala,South,Consumer,2023-08-12
10926,Customer_10926,Female,51,Hyderabad,Maharashtra,Southwest,Consumer,2023-09-24
10927,Customer_10927,Male,60,Warangal,Chhattisgarh,Central,Home Office,2023-10-07
10928,Customer_10928,Female,52,Lucknow,Odisha,East,Consumer,2025-12-13
10929,Customer_10929,Female,41,Lucknow,Gujarat,West,Consumer,2026-02-01
10930,Customer_10930,Female,25,Delhi,Madhya Pradesh,Central,Home Office,2023-11-21
10931,Customer_10931,Female,24,Warangal,Chhattisgarh,Central,Home Office,2026-05-13
10932,Customer_10932,Female,57,Guwahati,Manipur,Northeast,Consumer,2025-04-25
10933,Customer_10933,Other,50,Bengaluru,Bihar,East,Consumer,2025-09-16
10934,Customer_10934,Male,42,Jaipur,Tripura,Northeast,Corporate,2026-01-05
10935,Customer_10935,Male,45,Mysuru,Maharashtra,West,Corporate,2023-06-17
10936,Customer_10936,Female,58,Mumbai,Karnataka,Southwest,Consumer,2024-05-31
10937,Customer_10937,Male,57,Kolkata,Karnataka,South,Consumer,2023-04-02
10938,Customer_10938,Male,22,Vijayawada,Kerala,South,Consumer,2023-05-11
10939,Customer_10939,Male,36,Ahmedabad,Rajasthan,West,Consumer,2024-01-13
10940,Customer_10940,Female,20,Delhi,Madhya Pradesh,Central,Consumer,2022-03-23
10941,Customer_10941,Male,36,Bhopal,Manipur,Northeast,Corporate,2022-12-11
10942,Customer_10942,Male,48,Pune,Rajasthan,West,Consumer,2025-07-18
10943,Customer_10943,Male,28,Jaipur,Karnataka,Southwest,Consumer,2022-09-23
10944,Customer_10944,Male,25,Coimbatore,Goa,West,Corporate,2024-09-22
10945,Customer_10945,Female,41,Hyderabad,Kerala,South,Consumer,2025-05-10
10946,Customer_10946,Male,43,Bhopal,Uttar Pradesh,North,Consumer,2023-02-25
10947,Customer_10947,Female,52,Ahmedabad,Karnataka,Southwest,Home Office,2024-01-04
10948,Customer_10948,Female,18,Bhubaneswar,Tamil Nadu,South,Consumer,2025-11-04
10949,Customer_10949,Male,29,Delhi,Karnataka,Southwest,Home Office,2025-08-29
10950,Customer_10950,Female,55,Jaipur,Odisha,East,Consumer,2026-01-12
10951,Customer_10951,Female,50,Guwahati,Punjab,North,Consumer,2024-10-02
10952,Customer_10952,Female,61,Bengaluru,Jharkhand,East,Corporate,2025-11-20
10953,Customer_10953,Male,57,Vijayawada,Madhya Pradesh,Central,Consumer,2023-09-30
10954,Customer_10954,Male,58,Vijayawada,Rajasthan,West,Consumer,2024-08-20
10955,Customer_10955,Other,42,Visakhapatnam,Odisha,Southeast,Consumer,2024-12-03
10956,Customer_10956,Female,64,Visakhapatnam,Chhattisgarh,Central,Consumer,2026-04-12
10957,Customer_10957,Female,37,Lucknow,Rajasthan,West,Consumer,2023-08-13
10958,Customer_10958,Female,61,Mumbai,Manipur,Northeast,Corporate,2025-10-31
10959,Customer_10959,Male,36,Guwahati,Karnataka,Southwest,Consumer,2024-03-25
10960,Customer_10960,Female,39,Guwahati,Gujarat,West,Consumer,2022-06-16
10961,Customer_10961,Male,50,Mumbai,Tamil Nadu,South,Consumer,2024-11-14
10962,Customer_10962,Female,37,Nagpur,Maharashtra,West,Consumer,2026-04-19
10963,Customer_10963,Male,25,Delhi,Odisha,Southeast,Consumer,2023-12-27
10964,Customer_10964,Male,61,Bengaluru,Kerala,South,Consumer,2024-05-28
10965,Customer_10965,Female,39,Jaipur,Goa,Southwest,Corporate,2026-01-23
10966,Customer_10966,Female,62,Bhopal,Chhattisgarh,Central,Consumer,2026-01-12
10967,Customer_10967,Female,37,Bhubaneswar,Madhya Pradesh,Central,Consumer,2023-10-03
10968,Customer_10968,Male,64,Kochi,Jharkhand,East,Corporate,2025-05-01
10969,Customer_10969,Male,46,Bhubaneswar,Maharashtra,Southwest,Consumer,2024-10-06
10970,Customer_10970,Female,54,Delhi,Uttar Pradesh,North,Consumer,2024-11-02
10971,Customer_10971,Male,54,Guwahati,Jharkhand,East,Corporate,2025-02-26
10972,Customer_10972,Male,27,Kochi,Maharashtra,West,Corporate,2023-06-07
10973,Customer_10973,Female,57,Chennai,Gujarat,West,Consumer,2023-05-03
10974,Customer_10974,Male,63,Chennai,Rajasthan,West,Consumer,2022-02-13
10975,Customer_10975,Female,49,Delhi,Andhra Pradesh,South,Consumer,2025-10-02
10976,Customer_10976,Male,63,Bengaluru,Telangana,South,Consumer,2023-03-19
10977,Customer_10977,Female,58,Delhi,Rajasthan,North,Consumer,2024-12-14
10978,Customer_10978,Female,49,Nagpur,Chhattisgarh,Central,Corporate,2025-01-02
10979,Customer_10979,Female,40,Pune,Bihar,East,Corporate,2025-01-30
10980,Customer_10980,Female,59,Kochi,Chhattisgarh,Central,Home Office,2025-10-12
10981,Customer_10981,Male,26,Nagpur,Madhya Pradesh,Central,Consumer,2025-10-20
10982,Customer_10982,Female,44,Delhi,Tripura,Northeast,Consumer,2022-01-04
10983,Customer_10983,Female,57,Ahmedabad,Chhattisgarh,Central,Consumer,2025-09-06
10984,Customer_10984,Female,63,Vijayawada,Tripura,Northeast,Consumer,2022-11-29
10985,Customer_10985,Female,30,Delhi,Chhattisgarh,Central,Consumer,2024-10-29
10986,Customer_10986,Female,22,Nagpur,Assam,Northeast,Home Office,2024-12-12
10987,Customer_10987,Female,34,Ahmedabad,Madhya Pradesh,Central,Consumer,2022-03-27
10988,Customer_10988,Female,59,Visakhapatnam,Odisha,East,Consumer,2023-03-30
10989,Customer_10989,Male,43,Bhubaneswar,Karnataka,South,Consumer,2025-12-27
10990,Customer_10990,Male,20,Mysuru,Odisha,Southeast,Home Office,2022-08-15
10991,Customer_10991,Female,23,Bhopal,West Bengal,East,Consumer,2023-01-07
10992,Customer_10992,Male,34,Guwahati,Chhattisgarh,Central,Corporate,2022-05-12
10993,Customer_10993,Female,34,Kolkata,Telangana,South,Corporate,2022-09-24
10994,Customer_10994,Female,24,Kolkata,Maharashtra,West,Consumer,2024-10-17
10995,Customer_10995,Male,41,Pune,Chhattisgarh,Central,Consumer,2025-09-08
10996,Customer_10996,Female,40,Ahmedabad,Meghalaya,Northeast,Consumer,2024-08-09
10997,Customer_10997,Female,27,Bhubaneswar,Chhattisgarh,Central,Consumer,2023-04-01
10998,Customer_10998,Female,29,Ahmedabad,West Bengal,East,Consumer,2025-10-05
10999,Customer_10999,Male,49,Coimbatore,Maharashtra,Southwest,Consumer,2023-08-11
11000,Customer_11000,Female,63,Bhopal,Chhattisgarh,Central,Corporate,2023-05-19
11001,Customer_11001,Male,65,Mumbai,Odisha,Southeast,Corporate,2024-03-19
11002,Customer_11002,Female,44,Jaipur,Tripura,Northeast,Consumer,2022-08-07
11003,Customer_11003,Male,19,Lucknow,Chhattisgarh,Central,Consumer,2023-07-25
11004,Customer_11004,Female,61,Bengaluru,Karnataka,Southwest,Consumer,2025-07-02
11005,Customer_11005,Female,63,Mysuru,Tamil Nadu,South,Consumer,2024-08-31
11006,Customer_11006,Female,31,Mumbai,Maharashtra,Southwest,Corporate,2026-05-01
11007,Customer_11007,Male,37,Bhopal,Odisha,Southeast,Consumer,2025-05-26
11008,Customer_11008,Female,19,Kochi,Chhattisgarh,Central,Corporate,2023-07-31
11009,Customer_11009,Female,56,Bhubaneswar,Meghalaya,Northeast,Consumer,2025-05-11
11010,Customer_11010,Male,55,Bhopal,Madhya Pradesh,Central,Corporate,2025-10-16
11011,Customer_11011,Female,18,Warangal,Odisha,East,Consumer,2024-10-06
11012,Customer_11012,Female,51,Bhopal,Odisha,Southeast,Consumer,2025-05-05
11013,Customer_11013,Other,37,Kolkata,Kerala,South,Corporate,2024-03-16
11014,Customer_11014,Other,44,Coimbatore,Jharkhand,East,Consumer,2025-12-29
11015,Customer_11015,Female,28,Mysuru,Madhya Pradesh,Central,Consumer,2023-01-16
11016,Customer_11016,Female,57,Bengaluru,Andhra Pradesh,Southeast,Home Office,2023-11-10
11017,Customer_11017,Female,37,Jaipur,Gujarat,West,Consumer,2023-02-11
11018,Customer_11018,Male,58,Hyderabad,Gujarat,West,Consumer,2022-06-12
11019,Customer_11019,Female,25,Warangal,Rajasthan,North,Consumer,2024-09-12
11020,Customer_11020,Female,46,Bhopal,Haryana,North,Consumer,2022-07-09
11021,Customer_11021,Female,32,Hyderabad,Rajasthan,North,Consumer,2022-12-28
11022,Customer_11022,Female,64,Warangal,Haryana,North,Corporate,2025-05-06
11023,Customer_11023,Male,44,Visakhapatnam,Telangana,Southeast,Consumer,2023-01-21
11024,Customer_11024,Male,52,Bhopal,Odisha,Southeast,Consumer,2025-10-13
11025,Customer_11025,Female,22,Pune,Andhra Pradesh,Southeast,Consumer,2022-03-20
11026,Customer_11026,Male,50,Mumbai,Haryana,North,Consumer,2024-01-02
11027,Customer_11027,Male,22,Bengaluru,Uttar Pradesh,North,Corporate,2022-04-18
11028,Customer_11028,Male,35,Visakhapatnam,Odisha,East,Consumer,2022-04-06
11029,Customer_11029,Female,28,Vijayawada,Madhya Pradesh,Central,Consumer,2025-06-19
11030,Customer_11030,Male,18,Mysuru,Jharkhand,East,Consumer,2022-04-17
11031,Customer_11031,Male,46,Vijayawada,Goa,West,Corporate,2025-11-28
11032,Customer_11032,Male,29,Mumbai,Kerala,South,Consumer,2024-08-15
11033,Customer_11033,Male,42,Ahmedabad,Tripura,Northeast,Consumer,2024-02-12
11034,Customer_11034,Male,54,Bengaluru,Jharkhand,East,Home Office,2026-01-09
11035,Customer_11035,Female,26,Kolkata,Haryana,North,Consumer,2023-09-13
11036,Customer_11036,Female,52,Ahmedabad,Manipur,Northeast,Consumer,2023-10-02
11037,Customer_11037,Male,32,Delhi,Karnataka,Southwest,Corporate,2023-10-18
11038,Customer_11038,Female,33,Coimbatore,Punjab,North,Home Office,2024-11-06
11039,Customer_11039,Male,45,Vijayawada,Rajasthan,West,Consumer,2025-09-17
11040,Customer_11040,Male,48,Nagpur,Andhra Pradesh,Southeast,Home Office,2024-05-17
11041,Customer_11041,Female,49,Delhi,Assam,Northeast,Consumer,2023-03-26
11042,Customer_11042,Female,27,Mysuru,Odisha,Southeast,Home Office,2025-11-24
11043,Customer_11043,Female,45,Kochi,Rajasthan,West,Consumer,2024-08-16
11044,Customer_11044,Male,30,Lucknow,Bihar,East,Consumer,2025-08-24
11045,Customer_11045,Male,31,Mumbai,Tripura,Northeast,Consumer,2023-11-23
11046,Customer_11046,Male,63,Hyderabad,Karnataka,South,Corporate,2022-11-15
11047,Customer_11047,Male,22,Lucknow,Telangana,South,Home Office,2026-02-20
11048,Customer_11048,Other,37,Vijayawada,Chhattisgarh,Central,Consumer,2024-12-20
11049,Customer_11049,Male,39,Kolkata,Tripura,Northeast,Consumer,2023-05-08
11050,Customer_11050,Female,29,Guwahati,Delhi,North,Consumer,2025-09-18
11051,Customer_11051,Female,55,Kolkata,Madhya Pradesh,Central,Consumer,2022-01-15
11052,Customer_11052,Female,41,Visakhapatnam,Jharkhand,East,Corporate,2026-01-28
11053,Customer_11053,Male,52,Lucknow,Chhattisgarh,Central,Consumer,2024-07-14
11054,Customer_11054,Female,36,Nagpur,Maharashtra,Southwest,Home Office,2024-08-01
11055,Customer_11055,Male,61,Guwahati,Uttar Pradesh,North,Home Office,2022-01-22
11056,Customer_11056,Female,53,Ahmedabad,Karnataka,Southwest,Consumer,2022-10-09
11057,Customer_11057,Male,33,Chennai,Gujarat,West,Consumer,2025-02-26
11058,Customer_11058,Female,64,Chennai,Telangana,Southeast,Home Office,2024-06-12
11059,Customer_11059,Female,59,Ahmedabad,Gujarat,West,Home Office,2022-07-24
11060,Customer_11060,Female,46,Warangal,Bihar,East,Corporate,2024-12-01
11061,Customer_11061,Female,18,Chennai,Telangana,Southeast,Consumer,2025-04-09
11062,Customer_11062,Female,46,Ahmedabad,Meghalaya,Northeast,Consumer,2023-03-12
11063,Customer_11063,Female,51,Mysuru,Telangana,South,Corporate,2025-01-07
11064,Customer_11064,Male,35,Bengaluru,Assam,Northeast,Consumer,2026-04-06
11065,Customer_11065,Other,24,Bhubaneswar,Andhra Pradesh,Southeast,Corporate,2024-02-11
11066,Customer_11066,Female,45,Kolkata,Rajasthan,West,Corporate,2023-01-02
11067,Customer_11067,Female,56,Jaipur,Maharashtra,Southwest,Consumer,2026-03-20
11068,Customer_11068,Male,33,Lucknow,Tripura,Northeast,Consumer,2025-12-29
11069,Customer_11069,Female,39,Pune,Odisha,East,Consumer,2024-01-01
11070,Customer_11070,Male,18,Mumbai,Delhi,North,Home Office,2023-11-12
11071,Customer_11071,Female,51,Nagpur,Tripura,Northeast,Consumer,2025-08-27
11072,Customer_11072,Male,59,Kolkata,Karnataka,South,Consumer,2022-01-01
11073,Customer_11073,Male,55,Mumbai,Telangana,Southeast,Home Office,2023-05-15
11074,Customer_11074,Male,38,Ahmedabad,Chhattisgarh,Central,Corporate,2024-05-19
11075,Customer_11075,Male,20,Pune,Gujarat,West,Consumer,2024-11-12
11076,Customer_11076,Male,41,Bhopal,Andhra Pradesh,South,Corporate,2024-10-02
11077,Customer_11077,Female,63,Bengaluru,Meghalaya,Northeast,Consumer,2023-08-16
11078,Customer_11078,Male,22,Warangal,Kerala,South,Home Office,2025-10-22
11079,Customer_11079,Female,28,Visakhapatnam,Goa,West,Home Office,2024-11-05
11080,Customer_11080,Male,58,Nagpur,Telangana,Southeast,Consumer,2024-05-14
11081,Customer_11081,Female,45,Warangal,Goa,Southwest,Consumer,2026-02-10
11082,Customer_11082,Female,26,Mysuru,Karnataka,Southwest,Consumer,2022-05-31
11083,Customer_11083,Male,19,Pune,Maharashtra,Southwest,Corporate,2025-02-09
11084,Customer_11084,Female,37,Vijayawada,Chhattisgarh,Central,Corporate,2026-01-22
11085,Customer_11085,Female,46,Bhubaneswar,Tamil Nadu,South,Consumer,2024-11-24
11086,Customer_11086,Female,58,Mumbai,Andhra Pradesh,Southeast,Home Office,2024-06-23
11087,Customer_11087,Male,60,Mysuru,Telangana,Southeast,Consumer,2023-08-07
11088,Customer_11088,Male,39,Bhopal,Karnataka,Southwest,Corporate,2023-03-11
11089,Customer_11089,Female,38,Ahmedabad,Assam,Northeast,Corporate,2024-05-23
11090,Customer_11090,Male,62,Pune,Tamil Nadu,South,Consumer,2025-12-09
11091,Customer_11091,Female,55,Bhubaneswar,Madhya Pradesh,Central,Consumer,2024-01-10
11092,Customer_11092,Male,28,Bhubaneswar,Gujarat,West,Corporate,2022-07-13
11093,Customer_11093,Female,50,Delhi,Odisha,Southeast,Corporate,2024-02-13
11094,Customer_11094,Male,52,Coimbatore,Rajasthan,West,Consumer,2022-06-05
11095,Customer_11095,Male,29,Bengaluru,Bihar,East,Corporate,2026-02-06
11096,Customer_11096,Other,64,Jaipur,Delhi,North,Consumer,2024-05-06
11097,Customer_11097,Female,32,Mumbai,Andhra Pradesh,Southeast,Consumer,2022-12-09
11098,Customer_11098,Female,44,Coimbatore,Odisha,Southeast,Corporate,2024-09-26
11099,Customer_11099,Female,41,Warangal,Haryana,North,Consumer,2024-05-10
11100,Customer_11100,Male,51,Warangal,Maharashtra,West,Corporate,2024-03-28
11101,Customer_11101,Male,61,Ahmedabad,Rajasthan,West,Consumer,2024-08-05
11102,Customer_11102,Male,36,Mysuru,Goa,West,Consumer,2026-01-26
11103,Customer_11103,Female,36,Mumbai,Goa,Southwest,Consumer,2025-10-01
11104,Customer_11104,Male,54,Pune,Karnataka,South,Consumer,2023-02-25
11105,Customer_11105,Female,63,Pune,Jharkhand,East,Consumer,2023-01-19
11106,Customer_11106,Male,61,Mysuru,Karnataka,South,Corporate,2026-05-04
11107,Customer_11107,Male,54,Bengaluru,Telangana,South,Consumer,2024-10-28
11108,Customer_11108,Male,51,Hyderabad,Goa,Southwest,Home Office,2022-01-31
11109,Customer_11109,Male,54,Mumbai,Maharashtra,Southwest,Consumer,2024-04-27
11110,Customer_11110,Male,62,Bhopal,Rajasthan,North,Consumer,2022-07-09
11111,Customer_11111,Female,18,Coimbatore,Assam,Northeast,Home Office,2022-02-17
11112,Customer_11112,Male,46,Mysuru,Kerala,South,Consumer,2022-10-25
11113,Customer_11113,Female,19,Pune,Kerala,South,Consumer,2023-02-12
11114,Customer_11114,Female,45,Jaipur,Bihar,East,Corporate,2022-05-08
11115,Customer_11115,Female,36,Coimbatore,Kerala,South,Home Office,2025-08-29
11116,Customer_11116,Female,32,Bengaluru,Gujarat,West,Consumer,2023-12-03
11117,Customer_11117,Male,60,Mysuru,Goa,Southwest,Consumer,2024-06-02
11118,Customer_11118,Male,52,Bhubaneswar,Madhya Pradesh,Central,Home Office,2025-10-16
11119,Customer_11119,Male,45,Chennai,Manipur,Northeast,Consumer,2025-09-01
11120,Customer_11120,Female,60,Bhubaneswar,Goa,West,Corporate,2025-08-06
11121,Customer_11121,Female,22,Visakhapatnam,Rajasthan,North,Consumer,2022-11-11
11122,Customer_11122,Male,49,Kolkata,Delhi,North,Consumer,2025-04-06
11123,Customer_11123,Male,25,Mysuru,Odisha,East,Corporate,2026-05-13
11124,Customer_11124,Female,29,Warangal,Telangana,South,Home Office,2022-01-12
11125,Customer_11125,Female,26,Pune,Odisha,Southeast,Consumer,2025-10-20
11126,Customer_11126,Female,44,Bhubaneswar,Andhra Pradesh,Southeast,Consumer,2025-10-17
11127,Customer_11127,Female,48,Lucknow,Andhra Pradesh,Southeast,Corporate,2025-09-08
11128,Customer_11128,Female,54,Mumbai,Assam,Northeast,Consumer,2023-09-27
11129,Customer_11129,Female,39,Ahmedabad,Madhya Pradesh,Central,Home Office,2022-11-15
11130,Customer_11130,Male,63,Kochi,Meghalaya,Northeast,Consumer,2025-03-16
11131,Customer_11131,Male,35,Delhi,Gujarat,West,Consumer,2024-09-23
11132,Customer_11132,Female,25,Visakhapatnam,Manipur,Northeast,Home Office,2025-03-09
11133,Customer_11133,Female,19,Bhubaneswar,Andhra Pradesh,Southeast,Home Office,2023-02-14
11134,Customer_11134,Male,24,Mumbai,Andhra Pradesh,Southeast,Consumer,2022-10-12
11135,Customer_11135,Female,39,Lucknow,Chhattisgarh,Central,Corporate,2025-12-13
11136,Customer_11136,Male,37,Bhubaneswar,Uttar Pradesh,North,Consumer,2024-04-04
11137,Customer_11137,Female,59,Mysuru,Meghalaya,Northeast,Consumer,2025-09-24
11138,Customer_11138,Male,24,Kolkata,Jharkhand,East,Consumer,2026-01-21
11139,Customer_11139,Female,30,Delhi,Assam,Northeast,Home Office,2024-01-05
11140,Customer_11140,Female,65,Mysuru,Chhattisgarh,Central,Consumer,2023-02-25
11141,Customer_11141,Male,19,Vijayawada,Goa,Southwest,Consumer,2025-12-04
11142,Customer_11142,Male,38,Coimbatore,Jharkhand,East,Corporate,2025-02-18
11143,Customer_11143,Female,27,Warangal,Karnataka,Southwest,Consumer,2024-12-01
11144,Customer_11144,Male,43,Warangal,Odisha,Southeast,Consumer,2026-03-13
11145,Customer_11145,Male,64,Kochi,Bihar,East,Consumer,2023-01-30
11146,Customer_11146,Female,28,Visakhapatnam,Gujarat,West,Corporate,2023-08-01
11147,Customer_11147,Male,35,Jaipur,Chhattisgarh,Central,Corporate,2022-03-04
11148,Customer_11148,Male,39,Visakhapatnam,Andhra Pradesh,Southeast,Corporate,2023-09-13
11149,Customer_11149,Male,56,Ahmedabad,Meghalaya,Northeast,Consumer,2023-12-16
11150,Customer_11150,Female,65,Bhubaneswar,Andhra Pradesh,Southeast,Consumer,2023-12-26
11151,Customer_11151,Male,22,Coimbatore,West Bengal,East,Corporate,2022-08-30
11152,Customer_11152,Male,41,Ahmedabad,Chhattisgarh,Central,Consumer,2025-07-18
11153,Customer_11153,Male,54,Visakhapatnam,Goa,West,Consumer,2024-02-22
11154,Customer_11154,Male,18,Bhopal,Maharashtra,Southwest,Consumer,2023-12-04
11155,Customer_11155,Male,56,Jaipur,Jharkhand,East,Consumer,2025-10-14
11156,Customer_11156,Male,29,Visakhapatnam,Chhattisgarh,Central,Consumer,2024-02-17
11157,Customer_11157,Male,42,Bengaluru,Punjab,North,Home Office,2025-11-28
11158,Customer_11158,Male,64,Delhi,Odisha,Southeast,Consumer,2022-12-22
11159,Customer_11159,Female,48,Lucknow,Rajasthan,West,Consumer,2025-09-23
11160,Customer_11160,Male,65,Bengaluru,West Bengal,East,Consumer,2026-05-01
11161,Customer_11161,Male,46,Pune,Madhya Pradesh,Central,Consumer,2025-04-15
11162,Customer_11162,Female,28,Bhopal,Maharashtra,West,Consumer,2025-11-28
11163,Customer_11163,Female,51,Guwahati,Odisha,Southeast,Home Office,2025-03-30
11164,Customer_11164,Female,47,Visakhapatnam,Chhattisgarh,Central,Consumer,2024-08-18
11165,Customer_11165,Male,32,Visakhapatnam,Madhya Pradesh,Central,Corporate,2025-05-07
11166,Customer_11166,Male,21,Warangal,Punjab,North,Consumer,2026-03-17
11167,Customer_11167,Male,49,Bhopal,Uttar Pradesh,North,Consumer,2024-08-26
11168,Customer_11168,Male,45,Vijayawada,Gujarat,West,Home Office,2025-01-04
11169,Customer_11169,Male,55,Mumbai,Maharashtra,Southwest,Corporate,2022-05-07
11170,Customer_11170,Female,24,Visakhapatnam,Goa,Southwest,Corporate,2026-03-15
11171,Customer_11171,Male,43,Delhi,Meghalaya,Northeast,Home Office,2025-05-29
11172,Customer_11172,Female,57,Ahmedabad,Meghalaya,Northeast,Home Office,2022-09-16
11173,Customer_11173,Male,60,Chennai,Gujarat,West,Consumer,2023-04-09
11174,Customer_11174,Male,63,Kochi,Karnataka,South,Consumer,2022-12-27
11175,Customer_11175,Female,28,Chennai,Punjab,North,Consumer,2023-05-27
11176,Customer_11176,Female,26,Nagpur,West Bengal,East,Home Office,2025-11-17
11177,Customer_11177,Male,45,Kochi,Bihar,East,Consumer,2024-01-13
11178,Customer_11178,Female,40,Chennai,Andhra Pradesh,South,Consumer,2023-11-03
11179,Customer_11179,Male,29,Nagpur,Odisha,East,Consumer,2025-05-31
11180,Customer_11180,Male,22,Coimbatore,Uttar Pradesh,North,Consumer,2023-08-17
11181,Customer_11181,Female,24,Kochi,Chhattisgarh,Central,Consumer,2025-11-18
11182,Customer_11182,Male,34,Bengaluru,Maharashtra,Southwest,Consumer,2025-04-21
11183,Customer_11183,Male,53,Mumbai,Assam,Northeast,Consumer,2023-02-16
11184,Customer_11184,Male,21,Bhubaneswar,Maharashtra,West,Corporate,2024-10-05
11185,Customer_11185,Male,23,Vijayawada,Gujarat,West,Consumer,2024-02-12
11186,Customer_11186,Male,30,Kochi,West Bengal,East,Consumer,2023-07-05
11187,Customer_11187,Male,59,Nagpur,Karnataka,South,Consumer,2025-12-21
11188,Customer_11188,Female,65,Visakhapatnam,Madhya Pradesh,Central,Consumer,2023-09-29
11189,Customer_11189,Female,39,Jaipur,Chhattisgarh,Central,Consumer,2022-07-06
11190,Customer_11190,Male,20,Bhubaneswar,Delhi,North,Consumer,2023-10-16
11191,Customer_11191,Male,18,Bengaluru,Gujarat,West,Consumer,2024-04-06
11192,Customer_11192,Female,59,Vijayawada,Bihar,East,Corporate,2022-07-22
11193,Customer_11193,Male,39,Guwahati,Telangana,South,Consumer,2025-04-03
11194,Customer_11194,Female,21,Pune,Meghalaya,Northeast,Consumer,2023-01-03
11195,Customer_11195,Female,58,Kolkata,Chhattisgarh,Central,Consumer,2022-05-28
11196,Customer_11196,Male,43,Vijayawada,Assam,Northeast,Consumer,2024-05-10
11197,Customer_11197,Male,34,Bengaluru,Assam,Northeast,Consumer,2022-09-15
11198,Customer_11198,Male,39,Bengaluru,Karnataka,Southwest,Consumer,2025-06-04
11199,Customer_11199,Male,28,Delhi,Andhra Pradesh,Southeast,Consumer,2022-04-20
11200,Customer_11200,Male,62,Guwahati,Chhattisgarh,Central,Consumer,2023-11-02
11201,Customer_11201,Female,55,Pune,Goa,Southwest,Home Office,2022-03-24
11202,Customer_11202,Male,27,Lucknow,Maharashtra,West,Consumer,2023-09-06
11203,Customer_11203,Female,53,Visakhapatnam,Karnataka,Southwest,Consumer,2026-02-02
11204,Customer_11204,Female,26,Bhopal,Telangana,Southeast,Consumer,2024-11-06
11205,Customer_11205,Male,39,Kolkata,Meghalaya,Northeast,Consumer,2024-05-06
11206,Customer_11206,Male,53,Guwahati,Goa,Southwest,Corporate,2022-09-09
11207,Customer_11207,Male,19,Jaipur,Madhya Pradesh,Central,Consumer,2023-05-16
11208,Customer_11208,Female,52,Bhopal,Tripura,Northeast,Consumer,2023-09-02
11209,Customer_11209,Male,28,Bhubaneswar,Jharkhand,East,Home Office,2024-07-14
11210,Customer_11210,Female,51,Visakhapatnam,Goa,Southwest,Consumer,2022-11-30
11211,Customer_11211,Female,41,Ahmedabad,Madhya Pradesh,Central,Consumer,2026-05-19
11212,Customer_11212,Female,19,Chennai,Odisha,Southeast,Consumer,2024-11-08
11213,Customer_11213,Other,54,Vijayawada,Rajasthan,West,Home Office,2023-05-14
11214,Customer_11214,Female,30,Jaipur,Andhra Pradesh,Southeast,Consumer,2022-06-29
11215,Customer_11215,Female,63,Nagpur,Rajasthan,North,Corporate,2024-08-10
11216,Customer_11216,Female,58,Mysuru,Delhi,North,Consumer,2023-12-18
11217,Customer_11217,Female,27,Bhopal,Chhattisgarh,Central,Corporate,2024-12-14
11218,Customer_11218,Female,46,Mysuru,Manipur,Northeast,Consumer,2024-08-11
11219,Customer_11219,Female,35,Nagpur,Odisha,Southeast,Consumer,2024-10-21
11220,Customer_11220,Male,46,Bhopal,Maharashtra,West,Consumer,2025-08-26
11221,Customer_11221,Female,44,Coimbatore,Tripura,Northeast,Consumer,2024-04-20
11222,Customer_11222,Female,32,Pune,Madhya Pradesh,Central,Consumer,2025-03-05
11223,Customer_11223,Female,49,Bhubaneswar,Maharashtra,Southwest,Corporate,2023-07-29
11224,Customer_11224,Male,30,Mumbai,Meghalaya,Northeast,Corporate,2026-02-17
11225,Customer_11225,Female,61,Mumbai,Goa,West,Corporate,2023-10-15
11226,Customer_11226,Female,63,Guwahati,Goa,Southwest,Home Office,2024-12-23
11227,Customer_11227,Female,25,Chennai,Uttar Pradesh,North,Consumer,2026-05-17
11228,Customer_11228,Male,52,Chennai,Goa,Southwest,Corporate,2023-07-13
11229,Customer_11229,Female,62,Warangal,Karnataka,South,Consumer,2022-06-12
11230,Customer_11230,Female,24,Coimbatore,Jharkhand,East,Home Office,2023-01-06
11231,Customer_11231,Female,53,Hyderabad,Telangana,Southeast,Consumer,2023-01-26
11232,Customer_11232,Female,63,Jaipur,Tripura,Northeast,Consumer,2022-04-01
11233,Customer_11233,Female,28,Pune,Karnataka,Southwest,Consumer,2024-05-20
11234,Customer_11234,Female,45,Kolkata,Manipur,Northeast,Corporate,2023-03-21
11235,Customer_11235,Male,56,Mumbai,Assam,Northeast,Corporate,2022-06-05
11236,Customer_11236,Other,34,Ahmedabad,West Bengal,East,Corporate,2022-08-07
11237,Customer_11237,Male,29,Vijayawada,Uttar Pradesh,North,Consumer,2023-03-14
11238,Customer_11238,Female,37,Nagpur,Punjab,North,Consumer,2023-08-14
11239,Customer_11239,Female,34,Hyderabad,Jharkhand,East,Home Office,2026-04-09
11240,Customer_11240,Male,52,Bhopal,Rajasthan,North,Corporate,2025-01-29
11241,Customer_11241,Male,35,Mysuru,Madhya Pradesh,Central,Consumer,2025-02-17
11242,Customer_11242,Male,36,Vijayawada,Andhra Pradesh,Southeast,Consumer,2025-01-12
11243,Customer_11243,Female,63,Ahmedabad,Karnataka,Southwest,Corporate,2025-07-09
11244,Customer_11244,Female,45,Visakhapatnam,Rajasthan,West,Corporate,2023-05-25
11245,Customer_11245,Male,62,Coimbatore,Karnataka,Southwest,Consumer,2022-06-08
11246,Customer_11246,Female,52,Mysuru,Karnataka,Southwest,Home Office,2024-03-24
11247,Customer_11247,Male,60,Warangal,Telangana,Southeast,Home Office,2022-01-03
11248,Customer_11248,Female,27,Coimbatore,Maharashtra,West,Consumer,2022-12-13
11249,Customer_11249,Male,63,Nagpur,Bihar,East,Consumer,2025-04-19
11250,Customer_11250,Male,63,Vijayawada,Karnataka,Southwest,Consumer,2024-03-15
11251,Customer_11251,Male,19,Mumbai,Karnataka,South,Corporate,2025-01-10
11252,Customer_11252,Female,35,Ahmedabad,Goa,West,Consumer,2024-03-27
11253,Customer_11253,Male,37,Ahmedabad,Haryana,North,Home Office,2024-05-18
11254,Customer_11254,Female,38,Pune,Odisha,Southeast,Consumer,2023-04-28
11255,Customer_11255,Male,55,Lucknow,Manipur,Northeast,Consumer,2022-12-16
11256,Customer_11256,Male,51,Bengaluru,Delhi,North,Home Office,2023-02-20
11257,Customer_11257,Male,28,Kolkata,Telangana,South,Home Office,2025-06-30
11258,Customer_11258,Male,47,Guwahati,Madhya Pradesh,Central,Consumer,2026-04-17
11259,Customer_11259,Female,64,Kochi,Madhya Pradesh,Central,Consumer,2022-05-11
11260,Customer_11260,Male,39,Kochi,Andhra Pradesh,Southeast,Consumer,2024-05-09
11261,Customer_11261,Other,62,Kochi,West Bengal,East,Consumer,2024-01-23
11262,Customer_11262,Male,49,Mumbai,Goa,Southwest,Consumer,2024-06-18
11263,Customer_11263,Male,62,Nagpur,Goa,West,Consumer,2023-01-08
11264,Customer_11264,Male,61,Delhi,Odisha,Southeast,Consumer,2022-01-13
11265,Customer_11265,Male,18,Bhopal,Kerala,South,Corporate,2022-11-22
11266,Customer_11266,Female,56,Nagpur,Delhi,North,Corporate,2022-10-18
11267,Customer_11267,Female,27,Pune,Uttar Pradesh,North,Corporate,2022-03-25
11268,Customer_11268,Male,57,Kochi,Bihar,East,Consumer,2023-07-25
11269,Customer_11269,Female,56,Hyderabad,Goa,Southwest,Consumer,2024-12-30
11270,Customer_11270,Female,30,Kochi,Delhi,North,Consumer,2026-03-26
11271,Customer_11271,Female,21,Visakhapatnam,Jharkhand,East,Home Office,2024-11-17
11272,Customer_11272,Female,38,Bengaluru,Haryana,North,Consumer,2022-10-08
11273,Customer_11273,Female,32,Ahmedabad,Goa,Southwest,Consumer,2023-08-03
11274,Customer_11274,Female,44,Nagpur,Manipur,Northeast,Consumer,2023-05-01
11275,Customer_11275,Female,21,Bengaluru,Telangana,Southeast,Home Office,2022-12-06
11276,Customer_11276,Male,20,Guwahati,Assam,Northeast,Consumer,2026-05-04
11277,Customer_11277,Female,38,Bhubaneswar,Tripura,Northeast,Consumer,2024-11-15
11278,Customer_11278,Male,54,Warangal,Telangana,Southeast,Corporate,2024-02-09
11279,Customer_11279,Female,33,Mysuru,Haryana,North,Consumer,2023-11-30
11280,Customer_11280,Female,33,Kolkata,Andhra Pradesh,Southeast,Consumer,2023-05-25
11281,Customer_11281,Male,25,Lucknow,Assam,Northeast,Consumer,2023-10-29
11282,Customer_11282,Female,31,Ahmedabad,Meghalaya,Northeast,Home Office,2024-10-11
11283,Customer_11283,Female,32,Coimbatore,Gujarat,West,Corporate,2026-01-25
11284,Customer_11284,Male,30,Bhubaneswar,Telangana,Southeast,Consumer,2024-03-05
11285,Customer_11285,Female,34,Guwahati,Rajasthan,West,Corporate,2022-10-23
11286,Customer_11286,Female,31,Bhopal,Punjab,North,Corporate,2026-03-12
11287,Customer_11287,Female,50,Coimbatore,Maharashtra,Southwest,Consumer,2023-05-19
11288,Customer_11288,Male,34,Nagpur,Karnataka,South,Consumer,2022-05-14
11289,Customer_11289,Male,54,Coimbatore,Uttar Pradesh,North,Consumer,2024-05-20
11290,Customer_11290,Female,47,Kochi,Chhattisgarh,Central,Corporate,2025-06-18
11291,Customer_11291,Male,48,Mumbai,Telangana,South,Consumer,2023-02-17
11292,Customer_11292,Male,46,Kolkata,Andhra Pradesh,Southeast,Home Office,2023-03-23
11293,Customer_11293,Male,62,Mysuru,Gujarat,West,Consumer,2023-04-08
11294,Customer_11294,Male,30,Vijayawada,Rajasthan,North,Corporate,2025-07-14
11295,Customer_11295,Female,65,Warangal,Goa,Southwest,Consumer,2026-03-12
11296,Customer_11296,Female,27,Bhubaneswar,Madhya Pradesh,Central,Corporate,2025-09-18
11297,Customer_11297,Female,24,Kolkata,Bihar,East,Consumer,2022-12-28
11298,Customer_11298,Female,57,Delhi,Assam,Northeast,Consumer,2025-09-20
11299,Customer_11299,Male,61,Hyderabad,Madhya Pradesh,Central,Consumer,2023-05-11
11300,Customer_11300,Male,22,Pune,Haryana,North,Consumer,2025-10-18
11301,Customer_11301,Male,46,Warangal,Telangana,Southeast,Consumer,2026-05-06
11302,Customer_11302,Male,42,Lucknow,Goa,West,Corporate,2025-02-23
11303,Customer_11303,Male,28,Kolkata,Tripura,Northeast,Consumer,2026-03-09
11304,Customer_11304,Male,42,Visakhapatnam,Karnataka,Southwest,Consumer,2022-08-16
11305,Customer_11305,Male,50,Pune,Madhya Pradesh,Central,Consumer,2024-11-13
11306,Customer_11306,Male,45,Bhubaneswar,Meghalaya,Northeast,Consumer,2022-03-25
11307,Customer_11307,Female,42,Warangal,Odisha,East,Consumer,2024-11-09
11308,Customer_11308,Female,60,Chennai,Kerala,South,Consumer,2023-06-30
11309,Customer_11309,Female,28,Kochi,Rajasthan,West,Consumer,2026-04-01
11310,Customer_11310,Female,47,Kolkata,Odisha,Southeast,Home Office,2024-03-03
11311,Customer_11311,Female,33,Guwahati,Madhya Pradesh,Central,Consumer,2025-05-04
11312,Customer_11312,Male,64,Delhi,West Bengal,East,Corporate,2023-04-30
11313,Customer_11313,Female,30,Guwahati,Odisha,Southeast,Corporate,2022-04-30
11314,Customer_11314,Male,59,Ahmedabad,Telangana,Southeast,Corporate,2025-04-02
11315,Customer_11315,Male,48,Chennai,Goa,Southwest,Consumer,2022-12-21
11316,Customer_11316,Male,28,Bhopal,Odisha,East,Home Office,2025-03-01
11317,Customer_11317,Male,54,Lucknow,Manipur,Northeast,Consumer,2024-01-14
11318,Customer_11318,Male,29,Vijayawada,Chhattisgarh,Central,Corporate,2026-04-05
11319,Customer_11319,Female,30,Mumbai,Rajasthan,West,Consumer,2023-07-19
11320,Customer_11320,Female,34,Vijayawada,Goa,West,Corporate,2023-10-03
11321,Customer_11321,Female,50,Kochi,Punjab,North,Home Office,2025-03-30
11322,Customer_11322,Female,36,Chennai,Bihar,East,Home Office,2025-06-11
11323,Customer_11323,Female,45,Kolkata,Chhattisgarh,Central,Consumer,2022-07-21
11324,Customer_11324,Male,44,Lucknow,Goa,Southwest,Corporate,2025-03-31
11325,Customer_11325,Female,27,Coimbatore,Andhra Pradesh,Southeast,Consumer,2024-02-26
11326,Customer_11326,Female,29,Nagpur,Kerala,South,Corporate,2026-05-01
11327,Customer_11327,Male,32,Pune,Assam,Northeast,Consumer,2024-10-06
11328,Customer_11328,Male,28,Bhopal,Delhi,North,Corporate,2025-05-22
11329,Customer_11329,Female,62,Visakhapatnam,Meghalaya,Northeast,Consumer,2023-07-05
11330,Customer_11330,Female,36,Pune,Odisha,East,Consumer,2023-03-30
11331,Customer_11331,Male,37,Nagpur,Maharashtra,West,Consumer,2025-06-10
11332,Customer_11332,Female,50,Kochi,Assam,Northeast,Consumer,2022-01-25
11333,Customer_11333,Male,55,Warangal,Goa,West,Consumer,2024-07-17
11334,Customer_11334,Male,51,Delhi,Andhra Pradesh,Southeast,Corporate,2026-03-30
11335,Customer_11335,Male,44,Guwahati,Chhattisgarh,Central,Corporate,2026-05-05
11336,Customer_11336,Male,64,Hyderabad,Karnataka,Southwest,Corporate,2025-02-19
11337,Customer_11337,Female,61,Chennai,Manipur,Northeast,Corporate,2024-03-06
11338,Customer_11338,Male,27,Mumbai,Jharkhand,East,Consumer,2025-07-24
11339,Customer_11339,Female,25,Ahmedabad,Andhra Pradesh,Southeast,Consumer,2022-01-24
11340,Customer_11340,Male,36,Chennai,Gujarat,West,Consumer,2025-06-23
11341,Customer_11341,Female,58,Bhopal,Madhya Pradesh,Central,Consumer,2022-10-31
11342,Customer_11342,Female,64,Mumbai,Karnataka,South,Consumer,2025-03-23
11343,Customer_11343,Female,51,Ahmedabad,Rajasthan,North,Corporate,2023-07-11
11344,Customer_11344,Female,51,Bhopal,Madhya Pradesh,Central,Consumer,2025-04-17
11345,Customer_11345,Female,29,Guwahati,Karnataka,South,Corporate,2024-08-23
11346,Customer_11346,Female,46,Delhi,Goa,Southwest,Consumer,2026-01-27
11347,Customer_11347,Female,26,Bengaluru,Telangana,Southeast,Corporate,2025-06-13
11348,Customer_11348,Female,43,Bhopal,Manipur,Northeast,Consumer,2026-01-02
11349,Customer_11349,Male,27,Visakhapatnam,Tripura,Northeast,Home Office,2022-08-30
11350,Customer_11350,Male,21,Mysuru,Madhya Pradesh,Central,Consumer,2023-08-30
11351,Customer_11351,Male,64,Mumbai,Punjab,North,Consumer,2023-12-01
11352,Customer_11352,Male,60,Coimbatore,Rajasthan,West,Consumer,2022-02-19
11353,Customer_11353,Male,50,Chennai,Maharashtra,West,Consumer,2022-02-06
11354,Customer_11354,Male,48,Vijayawada,Maharashtra,Southwest,Consumer,2022-03-03
11355,Customer_11355,Female,29,Hyderabad,Andhra Pradesh,South,Consumer,2025-05-12
11356,Customer_11356,Male,45,Bhopal,Goa,West,Consumer,2023-12-16
11357,Customer_11357,Female,53,Kochi,Odisha,East,Home Office,2025-04-17
11358,Customer_11358,Male,43,Bengaluru,Andhra Pradesh,South,Consumer,2025-08-28
11359,Customer_11359,Female,31,Vijayawada,Haryana,North,Consumer,2022-02-27
11360,Customer_11360,Male,36,Visakhapatnam,Bihar,East,Home Office,2025-09-18
11361,Customer_11361,Male,58,Ahmedabad,Haryana,North,Consumer,2022-12-28
11362,Customer_11362,Male,30,Vijayawada,Delhi,North,Corporate,2023-10-10
11363,Customer_11363,Female,64,Vijayawada,West Bengal,East,Consumer,2026-03-21
11364,Customer_11364,Male,54,Bhubaneswar,Tamil Nadu,South,Consumer,2023-04-28
11365,Customer_11365,Female,60,Warangal,Chhattisgarh,Central,Consumer,2026-02-12
11366,Customer_11366,Male,42,Bhubaneswar,Punjab,North,Consumer,2024-03-21
11367,Customer_11367,Female,28,Guwahati,Odisha,East,Consumer,2022-01-22
11368,Customer_11368,Male,19,Bhubaneswar,Rajasthan,West,Corporate,2025-08-25
11369,Customer_11369,Female,43,Nagpur,Goa,Southwest,Consumer,2022-03-12
11370,Customer_11370,Male,37,Ahmedabad,Meghalaya,Northeast,Home Office,2024-10-15
11371,Customer_11371,Male,23,Coimbatore,Goa,Southwest,Consumer,2024-01-04
11372,Customer_11372,Male,62,Warangal,Bihar,East,Consumer,2022-08-12
11373,Customer_11373,Male,64,Pune,Maharashtra,West,Home Office,2024-04-03
11374,Customer_11374,Male,35,Bhubaneswar,Rajasthan,West,Home Office,2023-08-03
11375,Customer_11375,Other,50,Ahmedabad,Goa,Southwest,Consumer,2022-06-07
11376,Customer_11376,Male,37,Guwahati,Maharashtra,Southwest,Consumer,2024-06-07
11377,Customer_11377,Male,41,Lucknow,Karnataka,Southwest,Consumer,2022-03-12
11378,Customer_11378,Female,47,Vijayawada,Odisha,Southeast,Consumer,2024-05-11
11379,Customer_11379,Male,37,Delhi,Chhattisgarh,Central,Corporate,2022-12-28
11380,Customer_11380,Male,56,Nagpur,Madhya Pradesh,Central,Consumer,2025-08-22
11381,Customer_11381,Female,27,Lucknow,Karnataka,Southwest,Corporate,2026-03-01
11382,Customer_11382,Female,50,Guwahati,Jharkhand,East,Consumer,2026-01-31
11383,Customer_11383,Female,65,Coimbatore,Jharkhand,East,Consumer,2026-02-09
11384,Customer_11384,Male,58,Warangal,Goa,Southwest,Consumer,2022-06-10
11385,Customer_11385,Other,20,Hyderabad,Rajasthan,West,Consumer,2024-03-26
11386,Customer_11386,Male,23,Bengaluru,Karnataka,South,Consumer,2022-12-26
11387,Customer_11387,Other,48,Lucknow,Madhya Pradesh,Central,Home Office,2022-06-04
11388,Customer_11388,Female,62,Pune,Jharkhand,East,Home Office,2023-09-20
11389,Customer_11389,Female,58,Bengaluru,Maharashtra,Southwest,Corporate,2023-11-18
11390,Customer_11390,Male,61,Bhopal,Karnataka,Southwest,Consumer,2023-04-20
11391,Customer_11391,Male,25,Kochi,Odisha,East,Home Office,2022-07-02
11392,Customer_11392,Female,42,Chennai,Chhattisgarh,Central,Home Office,2023-10-16
11393,Customer_11393,Female,52,Vijayawada,Goa,Southwest,Home Office,2022-09-06
11394,Customer_11394,Female,47,Vijayawada,Tripura,Northeast,Consumer,2022-03-07
11395,Customer_11395,Female,55,Hyderabad,Telangana,South,Consumer,2023-12-24
11396,Customer_11396,Female,28,Kochi,Chhattisgarh,Central,Corporate,2022-04-16
11397,Customer_11397,Male,39,Jaipur,Madhya Pradesh,Central,Consumer,2026-03-26
11398,Customer_11398,Male,39,Guwahati,Meghalaya,Northeast,Consumer,2025-09-03
11399,Customer_11399,Male,63,Chennai,Rajasthan,North,Consumer,2026-01-21
11400,Customer_11400,Male,27,Bhubaneswar,Jharkhand,East,Consumer,2022-06-14
11401,Customer_11401,Male,33,Hyderabad,Telangana,Southeast,Consumer,2024-01-14
11402,Customer_11402,Female,19,Bhopal,Telangana,South,Corporate,2025-08-11
11403,Customer_11403,Female,25,Bhopal,Jharkhand,East,Corporate,2024-07-09
11404,Customer_11404,Female,65,Visakhapatnam,Bihar,East,Consumer,2023-05-06
11405,Customer_11405,Male,58,Delhi,Karnataka,South,Consumer,2025-08-23
11406,Customer_11406,Female,30,Chennai,Andhra Pradesh,South,Home Office,2023-05-10
11407,Customer_11407,Female,51,Kolkata,Bihar,East,Consumer,2026-04-08
11408,Customer_11408,Female,46,Ahmedabad,Odisha,Southeast,Consumer,2022-06-11
11409,Customer_11409,Female,61,Lucknow,Delhi,North,Consumer,2025-02-03
11410,Customer_11410,Female,32,Mumbai,West Bengal,East,Consumer,2022-01-22
11411,Customer_11411,Female,65,Hyderabad,Uttar Pradesh,North,Corporate,2026-01-02
11412,Customer_11412,Male,35,Coimbatore,Madhya Pradesh,Central,Consumer,2023-07-23
11413,Customer_11413,Female,52,Coimbatore,Bihar,East,Home Office,2022-02-02
11414,Customer_11414,Male,37,Nagpur,Andhra Pradesh,Southeast,Consumer,2025-08-29
11415,Customer_11415,Male,50,Bhopal,Madhya Pradesh,Central,Home Office,2026-03-28
11416,Customer_11416,Male,34,Coimbatore,Odisha,Southeast,Corporate,2026-01-11
11417,Customer_11417,Female,58,Coimbatore,Assam,Northeast,Consumer,2024-02-17
11418,Customer_11418,Female,48,Kochi,Gujarat,West,Consumer,2022-04-09
11419,Customer_11419,Female,31,Vijayawada,Andhra Pradesh,Southeast,Consumer,2022-12-31
11420,Customer_11420,Male,64,Ahmedabad,Gujarat,West,Home Office,2022-02-19
11421,Customer_11421,Male,52,Mumbai,Maharashtra,Southwest,Corporate,2022-03-12
11422,Customer_11422,Female,38,Bhubaneswar,Goa,Southwest,Consumer,2022-09-12
11423,Customer_11423,Male,24,Guwahati,Madhya Pradesh,Central,Consumer,2024-06-20
11424,Customer_11424,Female,64,Visakhapatnam,Assam,Northeast,Home Office,2025-05-11
11425,Customer_11425,Male,54,Vijayawada,Odisha,East,Corporate,2024-07-24
11426,Customer_11426,Female,50,Vijayawada,Telangana,Southeast,Consumer,2022-11-24
11427,Customer_11427,Female,57,Bhubaneswar,Manipur,Northeast,Consumer,2024-08-20
11428,Customer_11428,Female,47,Mumbai,Karnataka,Southwest,Consumer,2023-01-05
11429,Customer_11429,Male,29,Kolkata,Jharkhand,East,Corporate,2024-01-08
11430,Customer_11430,Female,29,Kochi,Telangana,Southeast,Consumer,2025-11-23
11431,Customer_11431,Female,21,Ahmedabad,Goa,West,Corporate,2022-08-04
11432,Customer_11432,Female,21,Delhi,Karnataka,South,Consumer,2025-10-31
11433,Customer_11433,Female,52,Chennai,Andhra Pradesh,South,Consumer,2023-03-10
11434,Customer_11434,Male,58,Warangal,Chhattisgarh,Central,Consumer,2024-12-08
11435,Customer_11435,Male,25,Kochi,West Bengal,East,Corporate,2023-02-23
11436,Customer_11436,Male,45,Bhopal,Rajasthan,North,Consumer,2022-09-20
11437,Customer_11437,Male,23,Hyderabad,Rajasthan,West,Home Office,2023-12-22
11438,Customer_11438,Female,37,Hyderabad,Tripura,Northeast,Consumer,2023-09-02
11439,Customer_11439,Male,55,Jaipur,Bihar,East,Corporate,2024-03-22
11440,Customer_11440,Male,56,Coimbatore,Goa,Southwest,Home Office,2023-01-13
11441,Customer_11441,Male,63,Hyderabad,Odisha,Southeast,Corporate,2026-04-15
11442,Customer_11442,Male,32,Mumbai,Chhattisgarh,Central,Consumer,2024-12-10
11443,Customer_11443,Male,63,Visakhapatnam,Goa,Southwest,Corporate,2025-09-06
11444,Customer_11444,Female,55,Delhi,Maharashtra,West,Consumer,2025-06-01
11445,Customer_11445,Male,34,Lucknow,Karnataka,South,Consumer,2025-03-04
11446,Customer_11446,Female,33,Hyderabad,Rajasthan,North,Corporate,2022-08-16
11447,Customer_11447,Male,23,Guwahati,Karnataka,Southwest,Corporate,2024-07-29
11448,Customer_11448,Male,62,Mumbai,Maharashtra,Southwest,Consumer,2025-12-07
11449,Customer_11449,Female,27,Visakhapatnam,Assam,Northeast,Home Office,2022-06-03
11450,Customer_11450,Male,30,Nagpur,Haryana,North,Consumer,2024-01-11
11451,Customer_11451,Male,37,Ahmedabad,Bihar,East,Home Office,2022-10-22
11452,Customer_11452,Female,24,Nagpur,Delhi,North,Corporate,2025-06-26
11453,Customer_11453,Female,56,Hyderabad,Delhi,North,Home Office,2026-01-30
11454,Customer_11454,Female,51,Lucknow,Kerala,South,Corporate,2022-03-24
11455,Customer_11455,Male,25,Bengaluru,Chhattisgarh,Central,Home Office,2025-07-06
11456,Customer_11456,Female,25,Kochi,Rajasthan,North,Corporate,2023-07-31
11457,Customer_11457,Other,19,Kolkata,Goa,Southwest,Consumer,2026-03-23
11458,Customer_11458,Female,63,Bhopal,Maharashtra,West,Consumer,2022-01-24
11459,Customer_11459,Male,38,Chennai,Jharkhand,East,Corporate,2022-11-03
11460,Customer_11460,Male,49,Guwahati,Madhya Pradesh,Central,Consumer,2025-02-23
11461,Customer_11461,Male,25,Vijayawada,Andhra Pradesh,Southeast,Home Office,2025-05-30
11462,Customer_11462,Male,29,Warangal,Jharkhand,East,Consumer,2022-05-08
11463,Customer_11463,Female,43,Coimbatore,Uttar Pradesh,North,Home Office,2022-09-14
11464,Customer_11464,Male,28,Hyderabad,Punjab,North,Consumer,2023-06-26
11465,Customer_11465,Male,47,Kolkata,Odisha,Southeast,Corporate,2022-02-25
11466,Customer_11466,Male,62,Lucknow,Rajasthan,North,Home Office,2025-06-04
11467,Customer_11467,Male,32,Nagpur,Assam,Northeast,Consumer,2024-12-07
11468,Customer_11468,Male,47,Nagpur,Goa,West,Corporate,2025-04-13
11469,Customer_11469,Male,61,Warangal,Telangana,Southeast,Consumer,2024-01-22
11470,Customer_11470,Male,60,Delhi,Delhi,North,Corporate,2024-10-21
11471,Customer_11471,Female,18,Vijayawada,Goa,Southwest,Corporate,2024-07-05
11472,Customer_11472,Male,23,Vijayawada,Meghalaya,Northeast,Consumer,2025-01-15
11473,Customer_11473,Female,65,Jaipur,Maharashtra,West,Consumer,2023-12-22
11474,Customer_11474,Male,62,Jaipur,Andhra Pradesh,South,Consumer,2024-11-07
11475,Customer_11475,Male,33,Guwahati,Goa,Southwest,Consumer,2024-10-29
11476,Customer_11476,Male,42,Jaipur,Jharkhand,East,Corporate,2024-10-23
11477,Customer_11477,Male,45,Hyderabad,Rajasthan,West,Consumer,2025-10-27
11478,Customer_11478,Male,50,Lucknow,Gujarat,West,Home Office,2023-07-14
11479,Customer_11479,Male,54,Ahmedabad,Karnataka,South,Home Office,2025-11-07
11480,Customer_11480,Female,35,Jaipur,Goa,West,Home Office,2022-02-15
11481,Customer_11481,Male,60,Kochi,Karnataka,South,Consumer,2024-02-17
11482,Customer_11482,Male,20,Mysuru,Rajasthan,North,Consumer,2023-12-08
11483,Customer_11483,Female,19,Mysuru,Jharkhand,East,Corporate,2025-10-20
11484,Customer_11484,Male,63,Bhopal,Haryana,North,Corporate,2022-03-14
11485,Customer_11485,Male,26,Coimbatore,Maharashtra,West,Home Office,2022-12-13
11486,Customer_11486,Male,65,Hyderabad,Telangana,Southeast,Consumer,2024-01-21
11487,Customer_11487,Male,31,Warangal,Karnataka,South,Consumer,2025-07-28
11488,Customer_11488,Male,35,Bhubaneswar,Delhi,North,Home Office,2024-01-13
11489,Customer_11489,Other,19,Bhubaneswar,Haryana,North,Corporate,2024-10-19
11490,Customer_11490,Other,63,Bhopal,Madhya Pradesh,Central,Consumer,2022-10-13
11491,Customer_11491,Other,35,Nagpur,Jharkhand,East,Corporate,2026-02-18
11492,Customer_11492,Male,26,Warangal,Goa,West,Consumer,2025-06-08
11493,Customer_11493,Male,41,Chennai,Haryana,North,Consumer,2022-03-10
11494,Customer_11494,Male,25,Vijayawada,Odisha,East,Consumer,2025-01-31
11495,Customer_11495,Male,55,Kolkata,Goa,West,Consumer,2022-07-27
11496,Customer_11496,Male,21,Bhubaneswar,Maharashtra,West,Consumer,2024-06-14
11497,Customer_11497,Male,41,Bhopal,Madhya Pradesh,Central,Consumer,2025-02-07
11498,Customer_11498,Male,36,Visakhapatnam,Andhra Pradesh,Southeast,Consumer,2026-01-21
11499,Customer_11499,Male,19,Jaipur,Goa,West,Consumer,2022-04-23
11500,Customer_11500,Male,20,Mumbai,Telangana,Southeast,Consumer,2023-04-05
11501,Customer_11501,Female,42,Hyderabad,Chhattisgarh,Central,Consumer,2025-01-09
11502,Customer_11502,Male,36,Kolkata,Odisha,East,Corporate,2023-02-24
11503,Customer_11503,Female,24,Pune,Kerala,South,Corporate,2025-02-14
11504,Customer_11504,Male,24,Delhi,West Bengal,East,Consumer,2022-10-21
11505,Customer_11505,Female,56,Nagpur,Chhattisgarh,Central,Consumer,2022-09-19
11506,Customer_11506,Male,53,Ahmedabad,Kerala,South,Corporate,2024-05-21
11507,Customer_11507,Male,47,Coimbatore,Karnataka,Southwest,Home Office,2025-01-07
11508,Customer_11508,Male,58,Mumbai,Goa,West,Home Office,2022-11-25
11509,Customer_11509,Male,21,Bhubaneswar,Odisha,Southeast,Home Office,2025-10-30
11510,Customer_11510,Female,51,Kochi,Assam,Northeast,Corporate,2025-10-22
11511,Customer_11511,Male,54,Warangal,Jharkhand,East,Home Office,2022-05-10
11512,Customer_11512,Male,27,Vijayawada,Kerala,South,Consumer,2023-05-02
11513,Customer_11513,Female,43,Coimbatore,Tripura,Northeast,Corporate,2024-06-08
11514,Customer_11514,Male,54,Bhubaneswar,West Bengal,East,Home Office,2024-02-25
11515,Customer_11515,Female,46,Lucknow,Karnataka,South,Corporate,2023-02-12
11516,Customer_11516,Female,29,Vijayawada,Karnataka,Southwest,Consumer,2024-04-27
11517,Customer_11517,Male,49,Ahmedabad,Gujarat,West,Consumer,2026-03-21
11518,Customer_11518,Male,54,Mysuru,Punjab,North,Consumer,2023-05-08
11519,Customer_11519,Male,18,Kolkata,Goa,West,Consumer,2022-12-17
11520,Customer_11520,Female,45,Mysuru,Rajasthan,West,Corporate,2025-03-27
11521,Customer_11521,Male,42,Kochi,Odisha,Southeast,Corporate,2024-07-02
11522,Customer_11522,Male,35,Mumbai,Meghalaya,Northeast,Consumer,2025-01-12
11523,Customer_11523,Male,20,Nagpur,Andhra Pradesh,South,Corporate,2024-10-31
11524,Customer_11524,Female,22,Ahmedabad,Andhra Pradesh,South,Consumer,2025-05-02
11525,Customer_11525,Female,54,Jaipur,Madhya Pradesh,Central,Consumer,2025-03-12
11526,Customer_11526,Female,57,Pune,Haryana,North,Consumer,2024-08-27
11527,Customer_11527,Female,38,Mysuru,West Bengal,East,Consumer,2023-12-29
11528,Customer_11528,Female,63,Bhubaneswar,Kerala,South,Corporate,2024-01-07
11529,Customer_11529,Male,62,Hyderabad,Uttar Pradesh,North,Corporate,2023-03-01
11530,Customer_11530,Female,49,Kochi,Goa,Southwest,Corporate,2023-12-20
11531,Customer_11531,Female,45,Chennai,Uttar Pradesh,North,Consumer,2024-08-26
11532,Customer_11532,Male,64,Delhi,Delhi,North,Corporate,2025-02-20
11533,Customer_11533,Female,47,Coimbatore,Goa,Southwest,Consumer,2025-05-21
11534,Customer_11534,Female,62,Pune,Karnataka,South,Consumer,2023-08-27
11535,Customer_11535,Male,64,Warangal,Telangana,Southeast,Consumer,2025-03-18
11536,Customer_11536,Male,27,Visakhapatnam,Punjab,North,Corporate,2023-12-01
11537,Customer_11537,Male,49,Coimbatore,Kerala,South,Home Office,2023-07-28
11538,Customer_11538,Female,53,Bhubaneswar,Rajasthan,North,Consumer,2022-09-19
11539,Customer_11539,Male,57,Mumbai,Meghalaya,Northeast,Corporate,2023-03-02
11540,Customer_11540,Female,34,Bhopal,Madhya Pradesh,Central,Consumer,2024-12-23
11541,Customer_11541,Male,59,Pune,Gujarat,West,Consumer,2022-12-13
11542,Customer_11542,Female,41,Hyderabad,Kerala,South,Corporate,2022-05-04
11543,Customer_11543,Male,36,Visakhapatnam,Punjab,North,Corporate,2023-03-12
11544,Customer_11544,Female,25,Kolkata,Chhattisgarh,Central,Home Office,2026-05-04
11545,Customer_11545,Male,33,Mumbai,Telangana,South,Corporate,2022-08-28
11546,Customer_11546,Male,64,Visakhapatnam,Chhattisgarh,Central,Consumer,2022-08-18
11547,Customer_11547,Male,52,Guwahati,Tripura,Northeast,Home Office,2023-10-08
11548,Customer_11548,Male,52,Coimbatore,Telangana,Southeast,Home Office,2023-09-05
11549,Customer_11549,Male,60,Lucknow,Gujarat,West,Consumer,2026-01-12
11550,Customer_11550,Female,30,Chennai,Rajasthan,North,Consumer,2023-01-16
11551,Customer_11551,Female,49,Bengaluru,Bihar,East,Consumer,2023-10-30
11552,Customer_11552,Female,35,Kolkata,Telangana,Southeast,Corporate,2023-04-11
11553,Customer_11553,Female,58,Bhopal,Chhattisgarh,Central,Home Office,2023-02-04
11554,Customer_11554,Male,38,Guwahati,Madhya Pradesh,Central,Corporate,2023-05-31
11555,Customer_11555,Female,59,Chennai,Gujarat,West,Consumer,2023-02-16
11556,Customer_11556,Female,53,Vijayawada,Karnataka,South,Consumer,2025-02-23
11557,Customer_11557,Male,55,Jaipur,Karnataka,Southwest,Consumer,2025-06-18
11558,Customer_11558,Female,62,Lucknow,Odisha,Southeast,Consumer,2022-10-10
11559,Customer_11559,Male,55,Pune,Karnataka,Southwest,Consumer,2024-03-04
11560,Customer_11560,Female,33,Vijayawada,Telangana,Southeast,Consumer,2023-02-27
11561,Customer_11561,Female,43,Bhubaneswar,Jharkhand,East,Consumer,2025-10-20
11562,Customer_11562,Female,40,Vijayawada,Jharkhand,East,Consumer,2022-06-11
11563,Customer_11563,Male,21,Bhopal,Karnataka,South,Corporate,2023-10-17
11564,Customer_11564,Female,46,Kochi,Karnataka,Southwest,Consumer,2023-06-15
11565,Customer_11565,Male,38,Coimbatore,Chhattisgarh,Central,Consumer,2023-08-05
11566,Customer_11566,Female,36,Delhi,Gujarat,West,Consumer,2026-02-14
11567,Customer_11567,Male,23,Nagpur,Maharashtra,Southwest,Home Office,2024-05-15
11568,Customer_11568,Female,42,Pune,Madhya Pradesh,Central,Corporate,2023-09-01
11569,Customer_11569,Female,45,Mysuru,Karnataka,Southwest,Corporate,2025-07-16
11570,Customer_11570,Male,23,Nagpur,Maharashtra,Southwest,Corporate,2025-05-28
11571,Customer_11571,Male,48,Warangal,Rajasthan,North,Corporate,2022-08-20
11572,Customer_11572,Female,26,Guwahati,Bihar,East,Corporate,2024-01-09
11573,Customer_11573,Male,24,Lucknow,Assam,Northeast,Consumer,2023-10-22
11574,Customer_11574,Male,37,Lucknow,Telangana,Southeast,Consumer,2023-12-21
11575,Customer_11575,Male,36,Bengaluru,Kerala,South,Consumer,2023-07-13
11576,Customer_11576,Male,61,Chennai,West Bengal,East,Consumer,2025-08-11
11577,Customer_11577,Female,21,Bengaluru,Chhattisgarh,Central,Consumer,2026-05-13
11578,Customer_11578,Female,34,Hyderabad,Odisha,Southeast,Consumer,2022-02-12
11579,Customer_11579,Male,53,Bhubaneswar,Punjab,North,Consumer,2025-10-02
11580,Customer_11580,Male,29,Mumbai,Chhattisgarh,Central,Consumer,2025-10-15
11581,Customer_11581,Male,65,Hyderabad,Jharkhand,East,Consumer,2023-08-08
11582,Customer_11582,Male,53,Mysuru,Kerala,South,Consumer,2024-02-16
11583,Customer_11583,Female,63,Delhi,Madhya Pradesh,Central,Consumer,2022-06-13
11584,Customer_11584,Male,63,Bhubaneswar,Rajasthan,West,Consumer,2023-07-16
11585,Customer_11585,Female,23,Nagpur,Assam,Northeast,Corporate,2023-01-17
11586,Customer_11586,Female,40,Warangal,Odisha,East,Consumer,2025-12-21
11587,Customer_11587,Female,53,Mysuru,Andhra Pradesh,Southeast,Consumer,2022-06-21
11588,Customer_11588,Female,18,Nagpur,Haryana,North,Consumer,2023-06-28
11589,Customer_11589,Male,39,Chennai,Odisha,Southeast,Consumer,2024-02-09
11590,Customer_11590,Male,51,Chennai,Rajasthan,North,Consumer,2026-04-14
11591,Customer_11591,Male,56,Jaipur,Assam,Northeast,Consumer,2025-07-31
11592,Customer_11592,Female,37,Coimbatore,Jharkhand,East,Consumer,2026-02-07
11593,Customer_11593,Female,59,Bhopal,Goa,West,Home Office,2023-05-12
11594,Customer_11594,Male,50,Mumbai,Punjab,North,Corporate,2023-03-05
11595,Customer_11595,Male,20,Mumbai,Manipur,Northeast,Consumer,2024-07-03
11596,Customer_11596,Male,31,Kolkata,Telangana,South,Consumer,2023-06-29
11597,Customer_11597,Female,63,Delhi,Tripura,Northeast,Corporate,2022-01-26
11598,Customer_11598,Female,18,Mysuru,Meghalaya,Northeast,Consumer,2025-07-23
11599,Customer_11599,Female,23,Jaipur,Odisha,Southeast,Home Office,2022-06-01
11600,Customer_11600,Female,34,Guwahati,Tripura,Northeast,Consumer,2022-11-09
11601,Customer_11601,Male,65,Bengaluru,West Bengal,East,Consumer,2026-02-18
11602,Customer_11602,Female,51,Chennai,Tripura,Northeast,Consumer,2025-03-17
11603,Customer_11603,Female,25,Bhubaneswar,Odisha,Southeast,Home Office,2024-10-24
11604,Customer_11604,Male,36,Pune,Odisha,East,Home Office,2022-07-26
11605,Customer_11605,Female,63,Bengaluru,Delhi,North,Home Office,2023-02-06
11606,Customer_11606,Male,28,Coimbatore,Karnataka,Southwest,Consumer,2022-11-25
11607,Customer_11607,Female,45,Chennai,Tamil Nadu,South,Corporate,2024-10-23
11608,Customer_11608,Female,40,Bengaluru,Madhya Pradesh,Central,Consumer,2024-03-11
11609,Customer_11609,Female,54,Visakhapatnam,Tamil Nadu,South,Consumer,2023-07-31
11610,Customer_11610,Female,54,Coimbatore,Tamil Nadu,South,Corporate,2025-04-08
11611,Customer_11611,Male,57,Warangal,Telangana,Southeast,Home Office,2025-05-29
11612,Customer_11612,Female,23,Coimbatore,Telangana,South,Consumer,2025-03-29
11613,Customer_11613,Female,39,Hyderabad,Assam,Northeast,Consumer,2022-06-19
11614,Customer_11614,Female,51,Delhi,Assam,Northeast,Consumer,2024-09-01
11615,Customer_11615,Female,38,Kolkata,Haryana,North,Consumer,2022-12-03
11616,Customer_11616,Male,50,Delhi,Andhra Pradesh,South,Consumer,2023-03-12
11617,Customer_11617,Female,48,Coimbatore,Odisha,Southeast,Home Office,2026-04-15
11618,Customer_11618,Female,35,Pune,Chhattisgarh,Central,Consumer,2023-10-27
11619,Customer_11619,Male,22,Kochi,Delhi,North,Corporate,2025-06-14
11620,Customer_11620,Male,64,Mysuru,Karnataka,Southwest,Consumer,2023-01-29
11621,Customer_11621,Female,57,Ahmedabad,Odisha,East,Consumer,2026-04-05
11622,Customer_11622,Female,60,Jaipur,Haryana,North,Consumer,2023-03-20
11623,Customer_11623,Female,32,Visakhapatnam,Maharashtra,Southwest,Consumer,2022-10-19
11624,Customer_11624,Male,33,Coimbatore,Delhi,North,Consumer,2023-06-02
11625,Customer_11625,Other,33,Lucknow,Madhya Pradesh,Central,Corporate,2022-10-05
11626,Customer_11626,Male,19,Kolkata,Karnataka,Southwest,Home Office,2024-08-16
11627,Customer_11627,Female,26,Hyderabad,Chhattisgarh,Central,Consumer,2022-08-19
11628,Customer_11628,Male,32,Lucknow,Madhya Pradesh,Central,Consumer,2022-11-29
11629,Customer_11629,Female,65,Ahmedabad,Maharashtra,West,Home Office,2025-01-28
11630,Customer_11630,Female,27,Chennai,Tamil Nadu,South,Consumer,2022-03-10
11631,Customer_11631,Female,42,Kochi,Madhya Pradesh,Central,Home Office,2023-12-06
11632,Customer_11632,Female,44,Bengaluru,Goa,Southwest,Home Office,2025-01-12
11633,Customer_11633,Male,35,Kochi,Uttar Pradesh,North,Corporate,2023-12-14
11634,Customer_11634,Female,62,Lucknow,Goa,Southwest,Consumer,2022-02-04
11635,Customer_11635,Female,22,Hyderabad,Gujarat,West,Corporate,2022-09-10
11636,Customer_11636,Male,59,Lucknow,Madhya Pradesh,Central,Consumer,2026-04-03
11637,Customer_11637,Female,53,Chennai,Karnataka,South,Consumer,2025-05-20
11638,Customer_11638,Female,32,Delhi,Chhattisgarh,Central,Home Office,2023-07-15
11639,Customer_11639,Female,54,Lucknow,Telangana,South,Consumer,2025-10-29
11640,Customer_11640,Female,38,Jaipur,Bihar,East,Corporate,2022-01-11
11641,Customer_11641,Male,64,Nagpur,Meghalaya,Northeast,Consumer,2022-03-17
11642,Customer_11642,Female,19,Nagpur,Uttar Pradesh,North,Consumer,2025-11-16
11643,Customer_11643,Male,19,Nagpur,Rajasthan,West,Corporate,2024-12-14
11644,Customer_11644,Male,44,Chennai,Madhya Pradesh,Central,Corporate,2024-08-17
11645,Customer_11645,Male,62,Mumbai,Telangana,South,Consumer,2023-07-06
11646,Customer_11646,Male,21,Mumbai,Bihar,East,Corporate,2025-07-31
11647,Customer_11647,Male,55,Coimbatore,West Bengal,East,Consumer,2024-08-31
11648,Customer_11648,Female,63,Visakhapatnam,Assam,Northeast,Home Office,2023-11-28
11649,Customer_11649,Male,41,Lucknow,Karnataka,Southwest,Corporate,2023-09-01
11650,Customer_11650,Male,59,Delhi,Andhra Pradesh,Southeast,Corporate,2023-07-21
11651,Customer_11651,Male,54,Mumbai,Telangana,South,Consumer,2024-07-09
11652,Customer_11652,Female,28,Kochi,Rajasthan,North,Consumer,2024-11-14
11653,Customer_11653,Male,59,Kochi,Haryana,North,Home Office,2025-07-11
11654,Customer_11654,Male,51,Ahmedabad,Chhattisgarh,Central,Consumer,2023-10-12
11655,Customer_11655,Female,18,Kolkata,Telangana,South,Consumer,2023-02-11
11656,Customer_11656,Male,45,Warangal,Karnataka,South,Corporate,2024-06-08
11657,Customer_11657,Female,49,Mysuru,Odisha,Southeast,Corporate,2024-07-22
11658,Customer_11658,Male,56,Kochi,Andhra Pradesh,Southeast,Home Office,2023-03-21
11659,Customer_11659,Male,55,Mysuru,Odisha,Southeast,Corporate,2022-04-28
11660,Customer_11660,Male,40,Visakhapatnam,West Bengal,East,Home Office,2023-06-17
11661,Customer_11661,Female,32,Hyderabad,Chhattisgarh,Central,Consumer,2022-04-23
11662,Customer_11662,Male,27,Bhopal,Madhya Pradesh,Central,Corporate,2022-05-12
11663,Customer_11663,Female,22,Vijayawada,Telangana,South,Corporate,2026-03-26
11664,Customer_11664,Male,48,Hyderabad,Chhattisgarh,Central,Corporate,2025-06-04
11665,Customer_11665,Female,64,Chennai,Chhattisgarh,Central,Consumer,2022-02-26
11666,Customer_11666,Male,21,Kolkata,Gujarat,West,Consumer,2023-07-13
11667,Customer_11667,Male,51,Mumbai,Telangana,Southeast,Consumer,2023-02-12
11668,Customer_11668,Male,46,Ahmedabad,Manipur,Northeast,Corporate,2026-04-09
11669,Customer_11669,Female,26,Kochi,Chhattisgarh,Central,Consumer,2023-12-02
11670,Customer_11670,Male,28,Kolkata,Meghalaya,Northeast,Corporate,2023-02-20
11671,Customer_11671,Female,31,Bengaluru,Odisha,Southeast,Corporate,2024-10-12
11672,Customer_11672,Female,50,Bengaluru,Madhya Pradesh,Central,Consumer,2024-01-31
11673,Customer_11673,Other,32,Mysuru,Jharkhand,East,Consumer,2022-10-27
11674,Customer_11674,Male,57,Kolkata,Odisha,Southeast,Consumer,2023-05-04
11675,Customer_11675,Female,35,Chennai,Tripura,Northeast,Consumer,2022-07-23
11676,Customer_11676,Female,23,Lucknow,Maharashtra,Southwest,Consumer,2025-01-15
11677,Customer_11677,Female,22,Guwahati,Telangana,South,Consumer,2026-04-03
11678,Customer_11678,Other,37,Chennai,Gujarat,West,Corporate,2025-07-17
11679,Customer_11679,Female,37,Mysuru,Maharashtra,Southwest,Consumer,2023-08-24
11680,Customer_11680,Female,53,Lucknow,Chhattisgarh,Central,Consumer,2024-02-19
11681,Customer_11681,Female,40,Delhi,Karnataka,Southwest,Consumer,2022-04-08
11682,Customer_11682,Male,25,Bhopal,Uttar Pradesh,North,Corporate,2023-08-11
11683,Customer_11683,Female,28,Visakhapatnam,Rajasthan,North,Consumer,2022-02-21
11684,Customer_11684,Male,45,Kochi,Telangana,Southeast,Consumer,2025-04-06
11685,Customer_11685,Female,34,Chennai,Jharkhand,East,Home Office,2025-12-25
11686,Customer_11686,Female,50,Pune,Chhattisgarh,Central,Consumer,2022-11-03
11687,Customer_11687,Male,62,Bhopal,Maharashtra,West,Consumer,2024-12-14
11688,Customer_11688,Male,35,Bhubaneswar,Gujarat,West,Consumer,2024-08-17
11689,Customer_11689,Male,44,Hyderabad,Karnataka,Southwest,Corporate,2023-10-31
11690,Customer_11690,Male,57,Pune,Haryana,North,Corporate,2025-03-19
11691,Customer_11691,Male,28,Kochi,Odisha,Southeast,Consumer,2024-12-23
11692,Customer_11692,Female,42,Mysuru,Goa,Southwest,Corporate,2023-03-07
11693,Customer_11693,Female,32,Ahmedabad,Tripura,Northeast,Corporate,2025-07-01
11694,Customer_11694,Female,48,Lucknow,Goa,West,Home Office,2024-11-15
11695,Customer_11695,Male,53,Jaipur,Telangana,South,Home Office,2023-05-15
11696,Customer_11696,Female,24,Bengaluru,Tripura,Northeast,Corporate,2025-03-22
11697,Customer_11697,Male,26,Bhopal,Rajasthan,West,Consumer,2024-10-22
11698,Customer_11698,Female,19,Bhopal,Tamil Nadu,South,Consumer,2022-07-07
11699,Customer_11699,Male,18,Visakhapatnam,Jharkhand,East,Home Office,2022-09-24
11700,Customer_11700,Male,20,Warangal,Karnataka,Southwest,Consumer,2023-06-03
11701,Customer_11701,Male,51,Pune,Bihar,East,Consumer,2022-03-12
11702,Customer_11702,Female,61,Vijayawada,Andhra Pradesh,South,Home Office,2023-10-13
11703,Customer_11703,Male,37,Pune,Manipur,Northeast,Home Office,2024-01-09
11704,Customer_11704,Female,60,Visakhapatnam,Tamil Nadu,South,Corporate,2025-05-26
11705,Customer_11705,Female,53,Chennai,Karnataka,Southwest,Home Office,2022-10-02
11706,Customer_11706,Female,56,Kochi,Telangana,Southeast,Consumer,2024-06-27
11707,Customer_11707,Male,53,Pune,Karnataka,Southwest,Corporate,2024-11-29
11708,Customer_11708,Male,27,Lucknow,Maharashtra,Southwest,Home Office,2023-12-21
11709,Customer_11709,Male,43,Warangal,Tamil Nadu,South,Consumer,2025-12-22
11710,Customer_11710,Male,43,Guwahati,Telangana,South,Consumer,2023-05-26
11711,Customer_11711,Female,48,Pune,Jharkhand,East,Corporate,2023-10-15
11712,Customer_11712,Male,56,Delhi,Gujarat,West,Consumer,2022-01-07
11713,Customer_11713,Male,23,Pune,Goa,Southwest,Consumer,2023-10-20
11714,Customer_11714,Male,50,Kochi,Tripura,Northeast,Consumer,2022-02-02
11715,Customer_11715,Female,57,Chennai,Tripura,Northeast,Consumer,2026-04-24
11716,Customer_11716,Male,23,Ahmedabad,Maharashtra,Southwest,Consumer,2023-01-20
11717,Customer_11717,Female,37,Bhubaneswar,Assam,Northeast,Home Office,2025-07-23
11718,Customer_11718,Male,60,Ahmedabad,Goa,West,Corporate,2022-07-06
11719,Customer_11719,Other,19,Chennai,Goa,West,Corporate,2023-03-15
11720,Customer_11720,Female,25,Vijayawada,Chhattisgarh,Central,Consumer,2022-07-11
11721,Customer_11721,Male,56,Warangal,Rajasthan,North,Consumer,2023-08-13
11722,Customer_11722,Male,26,Jaipur,Manipur,Northeast,Consumer,2024-08-22
11723,Customer_11723,Male,51,Vijayawada,Meghalaya,Northeast,Home Office,2023-11-03
11724,Customer_11724,Male,61,Bhopal,Manipur,Northeast,Home Office,2024-08-26
11725,Customer_11725,Male,41,Bhubaneswar,Chhattisgarh,Central,Consumer,2025-07-14
11726,Customer_11726,Female,41,Kolkata,Andhra Pradesh,Southeast,Home Office,2022-03-13
11727,Customer_11727,Female,38,Kolkata,Maharashtra,Southwest,Consumer,2023-11-10
11728,Customer_11728,Male,35,Pune,Chhattisgarh,Central,Consumer,2024-08-08
11729,Customer_11729,Female,36,Visakhapatnam,Rajasthan,West,Corporate,2024-04-17
11730,Customer_11730,Male,44,Warangal,Haryana,North,Consumer,2022-08-22
11731,Customer_11731,Other,60,Lucknow,Telangana,Southeast,Home Office,2022-11-27
11732,Customer_11732,Male,65,Delhi,Maharashtra,Southwest,Consumer,2023-08-27
11733,Customer_11733,Female,59,Pune,Assam,Northeast,Corporate,2024-11-08
11734,Customer_11734,Female,23,Hyderabad,Telangana,Southeast,Consumer,2026-05-03
11735,Customer_11735,Male,32,Bengaluru,Telangana,Southeast,Consumer,2023-08-13
11736,Customer_11736,Male,54,Bengaluru,Andhra Pradesh,Southeast,Consumer,2024-04-15
11737,Customer_11737,Male,44,Pune,Chhattisgarh,Central,Home Office,2023-05-06
11738,Customer_11738,Female,34,Ahmedabad,Uttar Pradesh,North,Consumer,2022-02-24
11739,Customer_11739,Female,32,Bhopal,Punjab,North,Corporate,2023-09-30
11740,Customer_11740,Female,23,Nagpur,Telangana,South,Consumer,2023-07-11
11741,Customer_11741,Female,33,Warangal,Gujarat,West,Consumer,2022-08-29
11742,Customer_11742,Female,38,Vijayawada,Manipur,Northeast,Consumer,2024-12-09
11743,Customer_11743,Male,37,Guwahati,Maharashtra,West,Corporate,2023-02-18
11744,Customer_11744,Female,44,Chennai,Punjab,North,Consumer,2022-12-26
11745,Customer_11745,Female,31,Kochi,Telangana,South,Consumer,2023-09-15
11746,Customer_11746,Male,27,Bhubaneswar,Maharashtra,Southwest,Consumer,2026-03-24
11747,Customer_11747,Female,60,Warangal,Goa,Southwest,Consumer,2024-10-15
11748,Customer_11748,Male,37,Delhi,Goa,West,Consumer,2023-11-12
11749,Customer_11749,Male,30,Kochi,Andhra Pradesh,Southeast,Consumer,2025-08-06
11750,Customer_11750,Female,48,Nagpur,Manipur,Northeast,Consumer,2022-02-03
11751,Customer_11751,Male,44,Pune,Goa,Southwest,Corporate,2023-06-23
11752,Customer_11752,Male,45,Coimbatore,Maharashtra,Southwest,Consumer,2024-05-14
11753,Customer_11753,Male,28,Bengaluru,Meghalaya,Northeast,Corporate,2024-02-21
11754,Customer_11754,Female,52,Pune,Rajasthan,West,Consumer,2024-12-17
11755,Customer_11755,Female,27,Bhopal,Tripura,Northeast,Home Office,2025-01-27
11756,Customer_11756,Male,58,Vijayawada,Bihar,East,Home Office,2023-12-31
11757,Customer_11757,Male,38,Mumbai,Jharkhand,East,Consumer,2026-01-27
11758,Customer_11758,Male,37,Kolkata,Madhya Pradesh,Central,Consumer,2026-01-25
11759,Customer_11759,Female,36,Chennai,Madhya Pradesh,Central,Consumer,2024-01-31
11760,Customer_11760,Male,38,Bhopal,Chhattisgarh,Central,Corporate,2025-12-14
11761,Customer_11761,Female,49,Mysuru,Rajasthan,West,Consumer,2024-10-22
11762,Customer_11762,Female,41,Chennai,Goa,West,Consumer,2022-08-11
11763,Customer_11763,Male,24,Pune,Haryana,North,Consumer,2022-07-11
11764,Customer_11764,Female,45,Guwahati,Madhya Pradesh,Central,Consumer,2022-05-08
11765,Customer_11765,Female,30,Guwahati,Madhya Pradesh,Central,Corporate,2022-12-05
11766,Customer_11766,Female,23,Bhopal,Maharashtra,Southwest,Corporate,2023-05-15
11767,Customer_11767,Male,58,Lucknow,Madhya Pradesh,Central,Corporate,2022-04-21
11768,Customer_11768,Female,33,Guwahati,Rajasthan,West,Corporate,2024-08-31
11769,Customer_11769,Female,46,Jaipur,Uttar Pradesh,North,Corporate,2023-10-20
11770,Customer_11770,Female,26,Guwahati,Tamil Nadu,South,Consumer,2024-08-20
11771,Customer_11771,Other,34,Guwahati,West Bengal,East,Home Office,2024-03-15
11772,Customer_11772,Male,36,Pune,Goa,West,Corporate,2023-03-11
11773,Customer_11773,Female,24,Bengaluru,Bihar,East,Home Office,2024-09-10
11774,Customer_11774,Female,64,Warangal,Rajasthan,West,Home Office,2026-03-02
11775,Customer_11775,Male,32,Bhopal,Odisha,Southeast,Consumer,2023-05-22
11776,Customer_11776,Male,45,Bhubaneswar,Kerala,South,Corporate,2023-05-07
11777,Customer_11777,Male,45,Chennai,Bihar,East,Corporate,2024-04-05
11778,Customer_11778,Female,38,Jaipur,Tamil Nadu,South,Consumer,2025-07-10
11779,Customer_11779,Male,46,Bhopal,Odisha,East,Corporate,2024-04-30
11780,Customer_11780,Female,45,Bengaluru,Assam,Northeast,Consumer,2025-08-24
11781,Customer_11781,Male,21,Lucknow,Punjab,North,Consumer,2022-04-29
11782,Customer_11782,Male,50,Delhi,West Bengal,East,Consumer,2022-06-07
11783,Customer_11783,Female,23,Hyderabad,Rajasthan,North,Corporate,2023-10-13
11784,Customer_11784,Male,38,Pune,Maharashtra,Southwest,Corporate,2023-01-08
11785,Customer_11785,Female,35,Lucknow,Manipur,Northeast,Consumer,2022-02-07
11786,Customer_11786,Male,39,Guwahati,Telangana,South,Consumer,2022-12-11
11787,Customer_11787,Female,21,Bengaluru,Karnataka,South,Consumer,2023-03-10
11788,Customer_11788,Male,51,Vijayawada,Haryana,North,Consumer,2026-01-11
11789,Customer_11789,Other,38,Pune,Maharashtra,West,Consumer,2025-06-05
11790,Customer_11790,Female,20,Ahmedabad,Telangana,Southeast,Consumer,2023-07-16
11791,Customer_11791,Male,18,Bhopal,Chhattisgarh,Central,Home Office,2026-03-13
11792,Customer_11792,Male,43,Nagpur,Karnataka,Southwest,Consumer,2025-08-31
11793,Customer_11793,Male,49,Jaipur,Odisha,East,Consumer,2023-02-06
11794,Customer_11794,Female,44,Delhi,Odisha,East,Home Office,2024-02-04
11795,Customer_11795,Female,52,Kolkata,Goa,West,Consumer,2026-01-14
11796,Customer_11796,Male,54,Bhopal,Kerala,South,Home Office,2024-01-02
11797,Customer_11797,Male,59,Visakhapatnam,Maharashtra,Southwest,Consumer,2023-08-17
11798,Customer_11798,Female,65,Hyderabad,Telangana,South,Consumer,2025-12-16
11799,Customer_11799,Female,60,Mysuru,Gujarat,West,Consumer,2024-11-22
11800,Customer_11800,Female,56,Chennai,Madhya Pradesh,Central,Consumer,2023-12-07
11801,Customer_11801,Male,38,Mysuru,Punjab,North,Home Office,2025-10-23
11802,Customer_11802,Female,42,Mumbai,Rajasthan,West,Corporate,2025-04-06
11803,Customer_11803,Other,47,Warangal,Maharashtra,West,Corporate,2023-07-11
11804,Customer_11804,Male,26,Kolkata,Bihar,East,Consumer,2023-11-11
11805,Customer_11805,Male,50,Ahmedabad,Kerala,South,Home Office,2022-03-17
11806,Customer_11806,Male,46,Visakhapatnam,Uttar Pradesh,North,Consumer,2022-06-12
11807,Customer_11807,Female,42,Jaipur,Haryana,North,Consumer,2026-03-08
11808,Customer_11808,Male,58,Vijayawada,Rajasthan,West,Home Office,2022-03-26
11809,Customer_11809,Female,50,Nagpur,Uttar Pradesh,North,Consumer,2025-08-31
11810,Customer_11810,Female,62,Pune,Maharashtra,Southwest,Consumer,2022-11-30
11811,Customer_11811,Female,64,Pune,Kerala,South,Consumer,2024-05-16
11812,Customer_11812,Female,57,Bengaluru,Assam,Northeast,Consumer,2025-03-01
11813,Customer_11813,Male,32,Lucknow,Assam,Northeast,Corporate,2026-05-05
11814,Customer_11814,Female,27,Ahmedabad,Goa,West,Consumer,2023-08-21
11815,Customer_11815,Male,32,Kochi,Karnataka,Southwest,Home Office,2026-01-20
11816,Customer_11816,Female,52,Hyderabad,Rajasthan,North,Consumer,2023-12-28
11817,Customer_11817,Female,59,Bhopal,Kerala,South,Consumer,2025-10-19
11818,Customer_11818,Female,60,Bhubaneswar,Jharkhand,East,Corporate,2022-06-13
11819,Customer_11819,Female,50,Mysuru,Tamil Nadu,South,Corporate,2023-03-05
11820,Customer_11820,Male,50,Mysuru,West Bengal,East,Consumer,2024-09-23
11821,Customer_11821,Female,63,Delhi,Odisha,East,Consumer,2025-02-03
11822,Customer_11822,Female,50,Lucknow,Andhra Pradesh,Southeast,Corporate,2025-07-09
11823,Customer_11823,Female,24,Visakhapatnam,West Bengal,East,Home Office,2023-07-27
11824,Customer_11824,Male,42,Coimbatore,Karnataka,Southwest,Consumer,2024-09-26
11825,Customer_11825,Male,35,Kolkata,Andhra Pradesh,Southeast,Consumer,2024-09-20
11826,Customer_11826,Female,48,Ahmedabad,Goa,Southwest,Corporate,2026-04-25
11827,Customer_11827,Male,48,Nagpur,Uttar Pradesh,North,Consumer,2022-07-07
11828,Customer_11828,Female,32,Ahmedabad,Karnataka,Southwest,Consumer,2022-01-27
11829,Customer_11829,Female,32,Mysuru,Madhya Pradesh,Central,Home Office,2024-07-08
11830,Customer_11830,Female,22,Mysuru,Goa,Southwest,Consumer,2022-01-26
11831,Customer_11831,Male,32,Chennai,Odisha,East,Consumer,2022-11-10
11832,Customer_11832,Female,57,Nagpur,Maharashtra,Southwest,Consumer,2024-03-11
11833,Customer_11833,Male,49,Bhubaneswar,Chhattisgarh,Central,Consumer,2023-03-05
11834,Customer_11834,Male,63,Visakhapatnam,Uttar Pradesh,North,Consumer,2023-03-03
11835,Customer_11835,Female,62,Kochi,Maharashtra,West,Consumer,2023-07-09
11836,Customer_11836,Male,59,Kochi,Telangana,South,Consumer,2025-01-03
11837,Customer_11837,Male,26,Bhopal,Goa,Southwest,Consumer,2023-08-09
11838,Customer_11838,Male,34,Bhubaneswar,Odisha,East,Corporate,2025-06-23
11839,Customer_11839,Female,20,Chennai,Karnataka,South,Consumer,2022-09-12
11840,Customer_11840,Female,22,Hyderabad,Madhya Pradesh,Central,Consumer,2022-06-13
11841,Customer_11841,Male,29,Pune,Gujarat,West,Consumer,2022-09-24
11842,Customer_11842,Male,31,Warangal,Haryana,North,Consumer,2026-01-07
11843,Customer_11843,Female,18,Bhubaneswar,Telangana,Southeast,Consumer,2023-03-20
11844,Customer_11844,Male,58,Ahmedabad,Odisha,Southeast,Consumer,2022-02-17
11845,Customer_11845,Female,43,Chennai,Tripura,Northeast,Consumer,2023-05-20
11846,Customer_11846,Female,49,Lucknow,Chhattisgarh,Central,Consumer,2025-01-06
11847,Customer_11847,Female,49,Vijayawada,Maharashtra,West,Consumer,2023-08-03
11848,Customer_11848,Female,64,Jaipur,Chhattisgarh,Central,Home Office,2023-09-08
11849,Customer_11849,Female,25,Bhopal,Madhya Pradesh,Central,Home Office,2022-05-19
11850,Customer_11850,Female,34,Delhi,Kerala,South,Home Office,2024-12-03
11851,Customer_11851,Male,32,Kochi,Haryana,North,Consumer,2022-12-19
11852,Customer_11852,Male,44,Mumbai,Odisha,East,Corporate,2022-06-06
11853,Customer_11853,Female,43,Jaipur,Goa,West,Consumer,2025-02-17
11854,Customer_11854,Male,55,Coimbatore,Kerala,South,Consumer,2026-02-08
11855,Customer_11855,Female,44,Kochi,Uttar Pradesh,North,Home Office,2024-09-03
11856,Customer_11856,Female,29,Mysuru,Odisha,Southeast,Corporate,2026-02-08
11857,Customer_11857,Female,45,Delhi,Odisha,East,Consumer,2023-10-06
11858,Customer_11858,Male,64,Guwahati,Madhya Pradesh,Central,Home Office,2024-04-11
11859,Customer_11859,Male,45,Bhubaneswar,Madhya Pradesh,Central,Consumer,2023-07-26
11860,Customer_11860,Female,46,Jaipur,Tripura,Northeast,Consumer,2024-03-26
11861,Customer_11861,Male,26,Chennai,Assam,Northeast,Consumer,2025-11-29
11862,Customer_11862,Female,18,Delhi,West Bengal,East,Consumer,2024-10-12
11863,Customer_11863,Female,28,Ahmedabad,Odisha,Southeast,Home Office,2022-02-12
11864,Customer_11864,Other,19,Bhopal,West Bengal,East,Consumer,2024-07-17
11865,Customer_11865,Female,39,Kochi,Telangana,Southeast,Consumer,2023-08-27
11866,Customer_11866,Male,60,Lucknow,Goa,West,Corporate,2024-05-19
11867,Customer_11867,Male,39,Chennai,Punjab,North,Home Office,2024-06-11
11868,Customer_11868,Female,48,Warangal,Telangana,Southeast,Home Office,2024-07-31
11869,Customer_11869,Male,59,Guwahati,Rajasthan,North,Home Office,2025-10-17
11870,Customer_11870,Male,54,Jaipur,Telangana,Southeast,Home Office,2025-10-05
11871,Customer_11871,Male,49,Guwahati,Delhi,North,Corporate,2026-04-04
11872,Customer_11872,Male,55,Chennai,Tamil Nadu,South,Consumer,2024-09-04
11873,Customer_11873,Female,31,Nagpur,Chhattisgarh,Central,Home Office,2023-04-02
11874,Customer_11874,Male,38,Bhopal,Goa,Southwest,Consumer,2022-11-10
11875,Customer_11875,Female,37,Kochi,Goa,West,Consumer,2025-09-20
11876,Customer_11876,Male,56,Kochi,Rajasthan,North,Consumer,2026-01-02
11877,Customer_11877,Female,37,Mysuru,Andhra Pradesh,South,Consumer,2022-03-01
11878,Customer_11878,Male,63,Jaipur,Goa,Southwest,Consumer,2022-12-12
11879,Customer_11879,Female,26,Mumbai,Manipur,Northeast,Home Office,2024-12-23
11880,Customer_11880,Male,26,Mysuru,Haryana,North,Consumer,2022-09-22
11881,Customer_11881,Female,52,Chennai,Rajasthan,West,Consumer,2022-03-22
11882,Customer_11882,Male,54,Ahmedabad,West Bengal,East,Consumer,2026-05-15
11883,Customer_11883,Male,50,Delhi,Telangana,South,Corporate,2022-06-03
11884,Customer_11884,Male,32,Mysuru,Odisha,Southeast,Consumer,2022-12-08
11885,Customer_11885,Female,18,Nagpur,Chhattisgarh,Central,Consumer,2026-05-02
11886,Customer_11886,Female,33,Vijayawada,Tamil Nadu,South,Corporate,2022-06-10
11887,Customer_11887,Male,40,Warangal,Manipur,Northeast,Consumer,2025-07-03
11888,Customer_11888,Male,37,Vijayawada,Rajasthan,West,Consumer,2024-06-18
11889,Customer_11889,Female,62,Visakhapatnam,Punjab,North,Consumer,2024-05-13
11890,Customer_11890,Female,59,Mysuru,Goa,West,Consumer,2025-08-16
11891,Customer_11891,Male,55,Delhi,Kerala,South,Corporate,2022-02-04
11892,Customer_11892,Female,19,Nagpur,Andhra Pradesh,South,Consumer,2022-04-08
11893,Customer_11893,Female,24,Ahmedabad,Karnataka,Southwest,Consumer,2022-11-09
11894,Customer_11894,Female,38,Nagpur,Tripura,Northeast,Home Office,2024-02-24
11895,Customer_11895,Male,47,Kochi,Karnataka,South,Corporate,2026-03-20
11896,Customer_11896,Male,50,Bhubaneswar,Andhra Pradesh,Southeast,Consumer,2022-04-20
11897,Customer_11897,Male,32,Vijayawada,Madhya Pradesh,Central,Corporate,2023-11-04
11898,Customer_11898,Female,23,Vijayawada,Andhra Pradesh,Southeast,Consumer,2023-11-17
11899,Customer_11899,Male,33,Delhi,Assam,Northeast,Consumer,2022-11-11
11900,Customer_11900,Female,56,Pune,Bihar,East,Corporate,2023-07-05
11901,Customer_11901,Female,65,Hyderabad,Madhya Pradesh,Central,Consumer,2022-11-18
11902,Customer_11902,Female,63,Jaipur,Chhattisgarh,Central,Consumer,2022-08-08
11903,Customer_11903,Male,46,Nagpur,Assam,Northeast,Home Office,2024-04-13
11904,Customer_11904,Male,22,Mysuru,Karnataka,South,Corporate,2026-01-29
11905,Customer_11905,Male,64,Ahmedabad,Jharkhand,East,Home Office,2023-10-09
11906,Customer_11906,Female,25,Jaipur,Andhra Pradesh,South,Home Office,2024-10-12
11907,Customer_11907,Female,30,Warangal,Odisha,East,Consumer,2024-12-08
11908,Customer_11908,Male,64,Bhopal,Telangana,South,Corporate,2025-09-10
11909,Customer_11909,Female,42,Hyderabad,Delhi,North,Consumer,2025-08-12
11910,Customer_11910,Male,27,Mysuru,Karnataka,Southwest,Corporate,2025-12-20
11911,Customer_11911,Male,42,Guwahati,Rajasthan,North,Consumer,2025-07-27
11912,Customer_11912,Male,21,Nagpur,Goa,Southwest,Consumer,2026-01-28
11913,Customer_11913,Female,33,Bengaluru,Rajasthan,North,Consumer,2026-03-26
11914,Customer_11914,Male,63,Mysuru,Odisha,Southeast,Corporate,2025-04-11
11915,Customer_11915,Male,32,Kochi,Odisha,East,Consumer,2024-02-29
11916,Customer_11916,Female,60,Coimbatore,Chhattisgarh,Central,Consumer,2023-05-07
11917,Customer_11917,Female,44,Mumbai,Bihar,East,Home Office,2024-07-03
11918,Customer_11918,Male,49,Vijayawada,Gujarat,West,Corporate,2025-08-19
11919,Customer_11919,Male,51,Jaipur,Gujarat,West,Consumer,2025-04-20
11920,Customer_11920,Female,44,Nagpur,Chhattisgarh,Central,Consumer,2024-04-12
11921,Customer_11921,Male,19,Kolkata,Rajasthan,West,Home Office,2022-05-02
11922,Customer_11922,Male,62,Pune,Chhattisgarh,Central,Consumer,2023-03-11
11923,Customer_11923,Female,40,Mysuru,Andhra Pradesh,Southeast,Consumer,2024-07-12
11924,Customer_11924,Male,49,Mumbai,Rajasthan,West,Home Office,2023-09-10
11925,Customer_11925,Female,44,Mysuru,West Bengal,East,Consumer,2023-12-31
11926,Customer_11926,Male,49,Nagpur,Telangana,South,Consumer,2023-04-27
11927,Customer_11927,Male,35,Kolkata,Jharkhand,East,Consumer,2022-05-02
11928,Customer_11928,Male,58,Ahmedabad,Kerala,South,Consumer,2024-01-16
11929,Customer_11929,Male,28,Bhopal,Tamil Nadu,South,Consumer,2023-12-13
11930,Customer_11930,Male,49,Warangal,Maharashtra,Southwest,Corporate,2025-06-04
11931,Customer_11931,Male,45,Ahmedabad,Punjab,North,Consumer,2022-06-29
11932,Customer_11932,Female,42,Chennai,Goa,West,Corporate,2024-02-15
11933,Customer_11933,Female,19,Warangal,Odisha,Southeast,Corporate,2025-09-28
11934,Customer_11934,Male,36,Warangal,Maharashtra,Southwest,Home Office,2023-03-05
11935,Customer_11935,Female,20,Coimbatore,Karnataka,South,Consumer,2023-05-22
11936,Customer_11936,Female,42,Mysuru,Tamil Nadu,South,Corporate,2022-05-20
11937,Customer_11937,Female,51,Bhubaneswar,Jharkhand,East,Consumer,2024-07-08
11938,Customer_11938,Male,43,Kochi,Chhattisgarh,Central,Corporate,2025-10-01
11939,Customer_11939,Male,54,Visakhapatnam,Goa,Southwest,Consumer,2024-02-10
11940,Customer_11940,Male,35,Visakhapatnam,Telangana,South,Corporate,2023-10-30
11941,Customer_11941,Male,32,Hyderabad,Telangana,South,Consumer,2025-04-13
11942,Customer_11942,Male,39,Coimbatore,Jharkhand,East,Corporate,2023-12-09
11943,Customer_11943,Female,28,Delhi,Odisha,Southeast,Consumer,2023-09-30
11944,Customer_11944,Female,56,Guwahati,Haryana,North,Consumer,2025-05-06
11945,Customer_11945,Male,56,Bhopal,Goa,West,Consumer,2023-03-31
11946,Customer_11946,Male,37,Mysuru,Rajasthan,North,Consumer,2025-09-21
11947,Customer_11947,Male,56,Nagpur,Karnataka,South,Corporate,2023-03-06
11948,Customer_11948,Male,19,Visakhapatnam,Maharashtra,Southwest,Corporate,2024-03-28
11949,Customer_11949,Female,25,Visakhapatnam,Rajasthan,North,Corporate,2023-02-05
11950,Customer_11950,Male,31,Kochi,West Bengal,East,Corporate,2024-10-08
11951,Customer_11951,Female,36,Visakhapatnam,Goa,Southwest,Corporate,2023-11-26
11952,Customer_11952,Other,29,Delhi,Madhya Pradesh,Central,Home Office,2023-01-18
11953,Customer_11953,Female,42,Lucknow,Haryana,North,Consumer,2025-04-05
11954,Customer_11954,Female,56,Vijayawada,Goa,West,Consumer,2026-02-05
11955,Customer_11955,Female,39,Mysuru,Maharashtra,Southwest,Corporate,2022-02-14
11956,Customer_11956,Male,39,Pune,Rajasthan,West,Consumer,2024-06-27
11957,Customer_11957,Male,20,Visakhapatnam,Chhattisgarh,Central,Consumer,2025-02-23
11958,Customer_11958,Female,31,Warangal,Chhattisgarh,Central,Consumer,2025-02-25
11959,Customer_11959,Male,56,Mysuru,Assam,Northeast,Consumer,2022-12-19
11960,Customer_11960,Female,56,Coimbatore,Andhra Pradesh,South,Consumer,2022-07-02
11961,Customer_11961,Male,23,Bengaluru,Odisha,Southeast,Corporate,2024-04-01
11962,Customer_11962,Male,18,Kolkata,Karnataka,Southwest,Consumer,2024-10-16
11963,Customer_11963,Male,57,Guwahati,Karnataka,South,Corporate,2023-04-09
11964,Customer_11964,Female,26,Delhi,Andhra Pradesh,Southeast,Consumer,2023-08-14
11965,Customer_11965,Male,45,Kolkata,Telangana,Southeast,Corporate,2024-05-01
11966,Customer_11966,Male,57,Mumbai,Tripura,Northeast,Corporate,2023-12-22
11967,Customer_11967,Male,55,Lucknow,Odisha,East,Consumer,2024-02-13
11968,Customer_11968,Female,44,Chennai,Gujarat,West,Consumer,2024-12-27
11969,Customer_11969,Other,36,Jaipur,Telangana,Southeast,Consumer,2026-04-24
11970,Customer_11970,Male,55,Lucknow,Kerala,South,Home Office,2025-06-28
11971,Customer_11971,Female,51,Guwahati,Andhra Pradesh,Southeast,Consumer,2022-01-14
11972,Customer_11972,Male,58,Pune,Goa,Southwest,Consumer,2023-07-13
11973,Customer_11973,Female,42,Kolkata,Assam,Northeast,Consumer,2022-01-16
11974,Customer_11974,Male,63,Chennai,West Bengal,East,Consumer,2025-10-29
11975,Customer_11975,Male,54,Visakhapatnam,Madhya Pradesh,Central,Consumer,2024-10-28
11976,Customer_11976,Female,21,Nagpur,Punjab,North,Corporate,2022-12-17
11977,Customer_11977,Female,32,Kolkata,Goa,Southwest,Consumer,2025-09-04
11978,Customer_11978,Male,56,Delhi,Bihar,East,Corporate,2024-06-19
11979,Customer_11979,Female,23,Jaipur,Rajasthan,North,Consumer,2022-03-24
11980,Customer_11980,Other,52,Guwahati,Telangana,Southeast,Consumer,2022-08-31
11981,Customer_11981,Male,34,Warangal,Manipur,Northeast,Corporate,2025-07-18
11982,Customer_11982,Female,27,Kochi,Madhya Pradesh,Central,Corporate,2023-04-08
11983,Customer_11983,Female,43,Bhopal,Uttar Pradesh,North,Home Office,2024-04-19
11984,Customer_11984,Male,62,Lucknow,Telangana,Southeast,Consumer,2025-12-03
11985,Customer_11985,Female,61,Coimbatore,Meghalaya,Northeast,Consumer,2023-04-08
11986,Customer_11986,Male,37,Coimbatore,Andhra Pradesh,Southeast,Corporate,2022-01-19
11987,Customer_11987,Female,18,Warangal,Telangana,Southeast,Consumer,2022-05-15
11988,Customer_11988,Male,60,Mumbai,Karnataka,South,Corporate,2026-01-04
11989,Customer_11989,Male,61,Visakhapatnam,Andhra Pradesh,South,Consumer,2024-08-17
11990,Customer_11990,Female,47,Bhubaneswar,Karnataka,Southwest,Consumer,2023-06-10
11991,Customer_11991,Female,48,Hyderabad,Chhattisgarh,Central,Corporate,2022-05-06
11992,Customer_11992,Female,43,Bhubaneswar,Goa,West,Corporate,2025-01-18
11993,Customer_11993,Other,18,Coimbatore,Jharkhand,East,Home Office,2022-03-05
11994,Customer_11994,Male,25,Kolkata,Tripura,Northeast,Home Office,2022-05-27
11995,Customer_11995,Male,24,Chennai,Andhra Pradesh,Southeast,Consumer,2024-08-08
11996,Customer_11996,Male,61,Bhopal,Delhi,North,Corporate,2024-10-23
11997,Customer_11997,Male,20,Hyderabad,Chhattisgarh,Central,Home Office,2024-06-30
11998,Customer_11998,Male,44,Warangal,Karnataka,Southwest,Consumer,2025-12-26
11999,Customer_11999,Female,35,Mumbai,West Bengal,East,Consumer,2023-03-07
12000,Customer_12000,Female,18,Mysuru,Jharkhand,East,Home Office,2024-06-07
12001,Customer_12001,Male,62,Mumbai,Goa,Southwest,Consumer,2023-05-05
12002,Customer_12002,Male,18,Bhubaneswar,Haryana,North,Home Office,2023-08-03
12003,Customer_12003,Female,59,Coimbatore,Maharashtra,West,Consumer,2022-08-30
12004,Customer_12004,Male,55,Hyderabad,Rajasthan,West,Home Office,2025-06-23
12005,Customer_12005,Male,56,Lucknow,Andhra Pradesh,Southeast,Corporate,2025-01-30
12006,Customer_12006,Male,25,Guwahati,Kerala,South,Corporate,2025-02-14
12007,Customer_12007,Male,60,Pune,Gujarat,West,Corporate,2022-08-16
12008,Customer_12008,Male,46,Nagpur,Telangana,South,Consumer,2022-07-08
12009,Customer_12009,Female,37,Bhopal,Telangana,Southeast,Corporate,2025-06-05
12010,Customer_12010,Male,50,Lucknow,Manipur,Northeast,Home Office,2024-12-01
12011,Customer_12011,Female,34,Kolkata,Gujarat,West,Home Office,2022-02-17
12012,Customer_12012,Female,31,Chennai,Rajasthan,West,Home Office,2024-11-29
12013,Customer_12013,Female,31,Visakhapatnam,Andhra Pradesh,South,Corporate,2026-04-18
12014,Customer_12014,Male,45,Bhubaneswar,Goa,Southwest,Corporate,2025-04-18
12015,Customer_12015,Male,46,Coimbatore,Meghalaya,Northeast,Consumer,2023-03-21
12016,Customer_12016,Male,29,Kochi,West Bengal,East,Consumer,2023-05-22
12017,Customer_12017,Male,29,Bhopal,Maharashtra,West,Consumer,2025-04-18
12018,Customer_12018,Male,63,Kolkata,Meghalaya,Northeast,Consumer,2023-10-05
12019,Customer_12019,Female,42,Hyderabad,Assam,Northeast,Consumer,2025-03-24
12020,Customer_12020,Male,59,Guwahati,Rajasthan,West,Consumer,2026-03-17
12021,Customer_12021,Male,33,Kochi,Bihar,East,Consumer,2023-10-11
12022,Customer_12022,Male,31,Coimbatore,Manipur,Northeast,Consumer,2024-07-06
12023,Customer_12023,Female,31,Coimbatore,Meghalaya,Northeast,Consumer,2024-02-23
12024,Customer_12024,Female,43,Guwahati,Chhattisgarh,Central,Corporate,2024-03-24
12025,Customer_12025,Female,55,Bhopal,Punjab,North,Home Office,2022-05-02
12026,Customer_12026,Female,42,Ahmedabad,Rajasthan,West,Corporate,2026-04-28
12027,Customer_12027,Female,32,Bhopal,Chhattisgarh,Central,Home Office,2024-05-15
12028,Customer_12028,Female,64,Delhi,Goa,Southwest,Home Office,2023-01-03
12029,Customer_12029,Male,45,Lucknow,Madhya Pradesh,Central,Consumer,2024-07-07
12030,Customer_12030,Female,36,Nagpur,Odisha,East,Consumer,2023-09-29
12031,Customer_12031,Female,18,Pune,Madhya Pradesh,Central,Consumer,2025-08-08
12032,Customer_12032,Male,44,Coimbatore,Kerala,South,Consumer,2025-04-30
12033,Customer_12033,Female,47,Ahmedabad,Haryana,North,Consumer,2023-09-04
12034,Customer_12034,Male,62,Warangal,Manipur,Northeast,Consumer,2025-02-14
12035,Customer_12035,Female,29,Nagpur,Goa,Southwest,Home Office,2022-02-22
12036,Customer_12036,Male,25,Visakhapatnam,Andhra Pradesh,Southeast,Consumer,2026-03-27
12037,Customer_12037,Female,65,Pune,Chhattisgarh,Central,Consumer,2024-03-28
12038,Customer_12038,Female,44,Chennai,Punjab,North,Home Office,2024-11-12
12039,Customer_12039,Male,19,Bhubaneswar,Karnataka,Southwest,Home Office,2024-10-29
12040,Customer_12040,Male,23,Ahmedabad,Goa,West,Corporate,2023-05-16
12041,Customer_12041,Male,40,Coimbatore,Bihar,East,Corporate,2025-01-08
12042,Customer_12042,Male,47,Visakhapatnam,Goa,Southwest,Home Office,2023-09-29
12043,Customer_12043,Other,29,Visakhapatnam,Tripura,Northeast,Consumer,2024-12-25
12044,Customer_12044,Male,35,Mysuru,Manipur,Northeast,Home Office,2022-05-24
12045,Customer_12045,Male,53,Ahmedabad,Odisha,East,Consumer,2022-08-22
12046,Customer_12046,Male,64,Nagpur,Maharashtra,Southwest,Consumer,2026-01-17
12047,Customer_12047,Other,41,Bhubaneswar,Goa,West,Consumer,2025-03-23
12048,Customer_12048,Male,37,Bhopal,Chhattisgarh,Central,Consumer,2022-07-25
12049,Customer_12049,Female,35,Coimbatore,Odisha,Southeast,Consumer,2022-12-09
12050,Customer_12050,Male,24,Pune,Tripura,Northeast,Consumer,2024-05-23
12051,Customer_12051,Male,20,Ahmedabad,Karnataka,South,Consumer,2022-01-10
12052,Customer_12052,Female,58,Lucknow,Odisha,East,Consumer,2023-10-05
12053,Customer_12053,Male,19,Warangal,Jharkhand,East,Consumer,2023-06-07
12054,Customer_12054,Female,57,Hyderabad,Karnataka,Southwest,Corporate,2022-08-03
12055,Customer_12055,Male,29,Nagpur,Manipur,Northeast,Consumer,2023-04-25
12056,Customer_12056,Female,51,Bhubaneswar,Bihar,East,Corporate,2023-04-14
12057,Customer_12057,Female,63,Jaipur,Tripura,Northeast,Consumer,2022-04-18
12058,Customer_12058,Female,53,Vijayawada,Tripura,Northeast,Corporate,2024-10-10
12059,Customer_12059,Male,53,Chennai,Maharashtra,West,Consumer,2023-03-12
12060,Customer_12060,Female,30,Mysuru,Rajasthan,West,Consumer,2022-02-20
12061,Customer_12061,Other,46,Pune,Karnataka,Southwest,Consumer,2022-02-05
12062,Customer_12062,Male,48,Jaipur,Chhattisgarh,Central,Home Office,2026-03-26
12063,Customer_12063,Male,38,Visakhapatnam,Andhra Pradesh,South,Home Office,2022-07-09
12064,Customer_12064,Female,19,Delhi,Tripura,Northeast,Corporate,2025-12-25
12065,Customer_12065,Male,61,Kochi,Madhya Pradesh,Central,Corporate,2022-09-24
12066,Customer_12066,Female,27,Nagpur,Chhattisgarh,Central,Consumer,2022-05-16
12067,Customer_12067,Female,64,Guwahati,Assam,Northeast,Corporate,2024-05-22
12068,Customer_12068,Male,62,Warangal,Karnataka,Southwest,Consumer,2025-10-21
12069,Customer_12069,Female,18,Chennai,Jharkhand,East,Consumer,2022-04-25
12070,Customer_12070,Female,53,Guwahati,Goa,West,Home Office,2023-06-10
12071,Customer_12071,Male,48,Delhi,Tamil Nadu,South,Home Office,2025-04-19
12072,Customer_12072,Female,29,Mysuru,Meghalaya,Northeast,Consumer,2022-04-19
12073,Customer_12073,Male,57,Jaipur,Gujarat,West,Consumer,2022-09-29
12074,Customer_12074,Male,23,Warangal,Bihar,East,Consumer,2023-05-05
12075,Customer_12075,Female,29,Visakhapatnam,Tripura,Northeast,Consumer,2025-07-14
12076,Customer_12076,Male,63,Vijayawada,Gujarat,West,Consumer,2025-07-18
12077,Customer_12077,Female,53,Mumbai,Maharashtra,West,Corporate,2025-02-09
12078,Customer_12078,Male,23,Coimbatore,Gujarat,West,Consumer,2024-12-01
12079,Customer_12079,Male,24,Visakhapatnam,Odisha,East,Consumer,2022-02-11
12080,Customer_12080,Male,30,Bhubaneswar,Telangana,South,Consumer,2023-01-17
12081,Customer_12081,Female,21,Vijayawada,Telangana,Southeast,Corporate,2026-01-14
12082,Customer_12082,Female,26,Nagpur,Uttar Pradesh,North,Consumer,2025-02-24
12083,Customer_12083,Female,45,Delhi,Odisha,East,Consumer,2023-01-21
12084,Customer_12084,Other,18,Kolkata,Meghalaya,Northeast,Corporate,2025-02-06
12085,Customer_12085,Female,31,Hyderabad,Telangana,South,Corporate,2025-03-04
12086,Customer_12086,Female,33,Lucknow,Assam,Northeast,Consumer,2025-04-03
12087,Customer_12087,Female,64,Bengaluru,Manipur,Northeast,Corporate,2026-04-18
12088,Customer_12088,Female,64,Delhi,Tripura,Northeast,Consumer,2024-05-15
12089,Customer_12089,Female,58,Mysuru,Jharkhand,East,Corporate,2022-04-06
12090,Customer_12090,Female,34,Kochi,Delhi,North,Consumer,2025-08-03
12091,Customer_12091,Male,43,Coimbatore,Goa,Southwest,Home Office,2022-01-24
12092,Customer_12092,Male,42,Bhubaneswar,Odisha,East,Home Office,2024-10-23
12093,Customer_12093,Female,59,Bhopal,Odisha,Southeast,Corporate,2025-06-28
12094,Customer_12094,Male,53,Guwahati,Kerala,South,Home Office,2022-07-20
12095,Customer_12095,Male,61,Ahmedabad,Andhra Pradesh,South,Consumer,2025-06-29
12096,Customer_12096,Other,44,Visakhapatnam,Andhra Pradesh,Southeast,Corporate,2025-07-20
12097,Customer_12097,Male,62,Chennai,Goa,Southwest,Consumer,2024-11-12
12098,Customer_12098,Male,53,Jaipur,Andhra Pradesh,Southeast,Consumer,2023-06-03
12099,Customer_12099,Male,53,Lucknow,Andhra Pradesh,Southeast,Consumer,2022-11-20
12100,Customer_12100,Male,49,Delhi,Andhra Pradesh,South,Corporate,2025-02-02
12101,Customer_12101,Female,34,Ahmedabad,Karnataka,Southwest,Corporate,2022-09-09
12102,Customer_12102,Female,47,Chennai,Tripura,Northeast,Home Office,2024-12-16
12103,Customer_12103,Other,35,Bengaluru,Karnataka,South,Consumer,2022-09-29
12104,Customer_12104,Female,49,Jaipur,Telangana,South,Home Office,2023-06-22
12105,Customer_12105,Female,30,Pune,Odisha,Southeast,Home Office,2024-03-21
12106,Customer_12106,Male,56,Guwahati,Odisha,East,Corporate,2022-09-16
12107,Customer_12107,Female,45,Jaipur,Telangana,Southeast,Consumer,2025-06-25
12108,Customer_12108,Male,52,Visakhapatnam,Telangana,South,Consumer,2025-01-16
12109,Customer_12109,Male,28,Visakhapatnam,Odisha,East,Corporate,2022-01-27
12110,Customer_12110,Other,56,Kolkata,Jharkhand,East,Home Office,2025-09-20
12111,Customer_12111,Female,56,Mysuru,Odisha,East,Consumer,2025-02-20
12112,Customer_12112,Male,24,Lucknow,Assam,Northeast,Consumer,2025-09-03
12113,Customer_12113,Female,34,Mumbai,Karnataka,Southwest,Consumer,2024-08-20
12114,Customer_12114,Male,50,Pune,Karnataka,Southwest,Consumer,2024-09-29
12115,Customer_12115,Male,59,Bengaluru,Meghalaya,Northeast,Corporate,2023-09-06
12116,Customer_12116,Male,53,Delhi,Karnataka,South,Consumer,2022-12-30
12117,Customer_12117,Male,40,Ahmedabad,Maharashtra,Southwest,Consumer,2023-01-12
12118,Customer_12118,Female,32,Mysuru,Madhya Pradesh,Central,Corporate,2023-05-21
12119,Customer_12119,Male,61,Vijayawada,Chhattisgarh,Central,Consumer,2023-04-11
12120,Customer_12120,Female,59,Bengaluru,Assam,Northeast,Consumer,2025-04-22
12121,Customer_12121,Male,61,Hyderabad,Andhra Pradesh,Southeast,Consumer,2024-04-18
12122,Customer_12122,Female,32,Visakhapatnam,Karnataka,Southwest,Consumer,2023-10-20
12123,Customer_12123,Female,38,Delhi,Chhattisgarh,Central,Home Office,2025-03-06
12124,Customer_12124,Female,29,Coimbatore,Chhattisgarh,Central,Corporate,2025-03-17
12125,Customer_12125,Male,63,Chennai,Meghalaya,Northeast,Home Office,2026-02-04
12126,Customer_12126,Female,59,Pune,Jharkhand,East,Consumer,2023-05-11
12127,Customer_12127,Female,26,Coimbatore,Bihar,East,Corporate,2023-01-25
12128,Customer_12128,Male,29,Delhi,Meghalaya,Northeast,Consumer,2022-01-11
12129,Customer_12129,Male,44,Jaipur,Delhi,North,Corporate,2022-09-13
12130,Customer_12130,Male,37,Pune,Bihar,East,Consumer,2024-08-23
12131,Customer_12131,Male,40,Bengaluru,Meghalaya,Northeast,Consumer,2025-07-18
12132,Customer_12132,Male,35,Kolkata,Goa,Southwest,Consumer,2024-08-19
12133,Customer_12133,Male,50,Kolkata,Chhattisgarh,Central,Corporate,2026-05-06
12134,Customer_12134,Male,61,Guwahati,Goa,West,Corporate,2024-10-01
12135,Customer_12135,Female,62,Guwahati,Gujarat,West,Consumer,2025-11-13
12136,Customer_12136,Male,39,Visakhapatnam,Assam,Northeast,Corporate,2023-03-06
12137,Customer_12137,Male,57,Delhi,Chhattisgarh,Central,Corporate,2023-06-03
12138,Customer_12138,Female,51,Visakhapatnam,Haryana,North,Consumer,2025-07-21
12139,Customer_12139,Male,27,Kochi,Madhya Pradesh,Central,Consumer,2024-11-23
12140,Customer_12140,Male,56,Jaipur,Gujarat,West,Home Office,2024-02-19
12141,Customer_12141,Male,34,Bhopal,Manipur,Northeast,Corporate,2026-03-10
12142,Customer_12142,Male,48,Nagpur,Karnataka,Southwest,Corporate,2025-05-04
12143,Customer_12143,Male,52,Visakhapatnam,Goa,Southwest,Corporate,2023-04-18
12144,Customer_12144,Male,63,Chennai,Chhattisgarh,Central,Corporate,2024-09-04
12145,Customer_12145,Male,63,Chennai,West Bengal,East,Consumer,2023-09-26
12146,Customer_12146,Other,56,Guwahati,Rajasthan,West,Home Office,2023-10-28
12147,Customer_12147,Female,42,Visakhapatnam,Telangana,South,Consumer,2025-07-12
12148,Customer_12148,Male,37,Kolkata,Maharashtra,Southwest,Corporate,2024-12-23
12149,Customer_12149,Male,39,Kochi,Odisha,Southeast,Home Office,2022-01-20
12150,Customer_12150,Male,63,Nagpur,Andhra Pradesh,Southeast,Corporate,2024-07-08
12151,Customer_12151,Female,27,Visakhapatnam,Bihar,East,Consumer,2024-11-01
12152,Customer_12152,Female,43,Kolkata,Odisha,East,Consumer,2024-03-28
12153,Customer_12153,Male,50,Guwahati,Odisha,Southeast,Consumer,2023-04-25
12154,Customer_12154,Male,19,Bengaluru,Chhattisgarh,Central,Consumer,2024-11-03
12155,Customer_12155,Male,48,Bhubaneswar,Manipur,Northeast,Consumer,2026-02-25
12156,Customer_12156,Female,30,Warangal,Gujarat,West,Consumer,2022-05-18
12157,Customer_12157,Female,31,Hyderabad,Rajasthan,West,Home Office,2024-08-22
12158,Customer_12158,Male,47,Pune,Tripura,Northeast,Consumer,2025-12-27
12159,Customer_12159,Female,18,Ahmedabad,Andhra Pradesh,Southeast,Consumer,2023-10-03
12160,Customer_12160,Male,25,Bhopal,Bihar,East,Consumer,2023-06-21
12161,Customer_12161,Female,39,Mumbai,Telangana,Southeast,Corporate,2023-02-01
12162,Customer_12162,Female,46,Ahmedabad,Kerala,South,Consumer,2022-12-26
12163,Customer_12163,Male,23,Nagpur,Maharashtra,West,Corporate,2023-09-18
12164,Customer_12164,Male,35,Ahmedabad,Karnataka,Southwest,Consumer,2025-05-19
12165,Customer_12165,Female,32,Lucknow,Goa,Southwest,Consumer,2022-10-18
12166,Customer_12166,Male,43,Mumbai,Karnataka,Southwest,Consumer,2023-01-05
12167,Customer_12167,Female,32,Kochi,Odisha,East,Consumer,2026-05-18
12168,Customer_12168,Male,18,Lucknow,Odisha,Southeast,Corporate,2026-05-13
12169,Customer_12169,Female,43,Chennai,Goa,Southwest,Consumer,2022-12-30
12170,Customer_12170,Male,58,Kolkata,Maharashtra,Southwest,Consumer,2023-11-04
12171,Customer_12171,Male,46,Guwahati,Rajasthan,North,Consumer,2023-10-08
12172,Customer_12172,Male,35,Nagpur,Tripura,Northeast,Consumer,2023-04-20
12173,Customer_12173,Male,41,Mumbai,Maharashtra,Southwest,Consumer,2022-09-02
12174,Customer_12174,Male,24,Lucknow,Andhra Pradesh,Southeast,Consumer,2022-04-10
12175,Customer_12175,Female,29,Warangal,Kerala,South,Home Office,2024-09-09
12176,Customer_12176,Male,39,Coimbatore,Telangana,Southeast,Consumer,2022-03-08
12177,Customer_12177,Male,46,Warangal,Haryana,North,Consumer,2024-09-20
12178,Customer_12178,Male,41,Guwahati,Maharashtra,West,Corporate,2022-06-02
12179,Customer_12179,Male,64,Visakhapatnam,Tripura,Northeast,Consumer,2022-09-05
12180,Customer_12180,Female,48,Coimbatore,Goa,West,Corporate,2022-01-09
12181,Customer_12181,Female,19,Ahmedabad,Meghalaya,Northeast,Home Office,2023-09-29
12182,Customer_12182,Male,43,Coimbatore,Andhra Pradesh,South,Corporate,2023-06-08
12183,Customer_12183,Female,45,Guwahati,Madhya Pradesh,Central,Home Office,2023-06-16
12184,Customer_12184,Female,20,Pune,Manipur,Northeast,Corporate,2023-05-12
12185,Customer_12185,Other,36,Mysuru,Meghalaya,Northeast,Consumer,2026-02-10
12186,Customer_12186,Male,59,Ahmedabad,Jharkhand,East,Home Office,2023-11-20
12187,Customer_12187,Male,35,Nagpur,Bihar,East,Consumer,2025-07-18
12188,Customer_12188,Male,39,Jaipur,Jharkhand,East,Consumer,2023-01-08
12189,Customer_12189,Female,28,Vijayawada,Rajasthan,West,Corporate,2024-02-13
12190,Customer_12190,Female,21,Hyderabad,Madhya Pradesh,Central,Home Office,2022-04-11
12191,Customer_12191,Male,33,Mysuru,Odisha,East,Home Office,2023-02-18
12192,Customer_12192,Male,55,Bhubaneswar,Maharashtra,West,Consumer,2022-04-24
12193,Customer_12193,Female,65,Delhi,Jharkhand,East,Corporate,2022-02-03
12194,Customer_12194,Female,49,Bengaluru,Kerala,South,Consumer,2022-10-19
12195,Customer_12195,Male,57,Ahmedabad,Tripura,Northeast,Corporate,2022-09-12
12196,Customer_12196,Female,49,Ahmedabad,Odisha,Southeast,Corporate,2023-05-22
12197,Customer_12197,Male,49,Warangal,West Bengal,East,Consumer,2025-04-04
12198,Customer_12198,Male,38,Mumbai,Odisha,Southeast,Corporate,2022-08-25
12199,Customer_12199,Female,20,Mysuru,Madhya Pradesh,Central,Consumer,2024-09-04
12200,Customer_12200,Female,37,Visakhapatnam,Kerala,South,Consumer,2023-08-08
12201,Customer_12201,Other,59,Lucknow,Odisha,East,Home Office,2023-10-07
12202,Customer_12202,Male,43,Guwahati,Punjab,North,Corporate,2026-01-15
12203,Customer_12203,Male,54,Warangal,Haryana,North,Consumer,2024-01-14
12204,Customer_12204,Male,20,Bengaluru,Jharkhand,East,Consumer,2023-02-23
12205,Customer_12205,Male,27,Guwahati,Maharashtra,West,Consumer,2023-01-16
12206,Customer_12206,Male,32,Ahmedabad,Telangana,Southeast,Consumer,2022-09-27
12207,Customer_12207,Male,35,Guwahati,Andhra Pradesh,South,Consumer,2025-07-07
12208,Customer_12208,Male,65,Kochi,Telangana,Southeast,Consumer,2024-11-29
12209,Customer_12209,Male,40,Mysuru,Kerala,South,Consumer,2023-03-05
12210,Customer_12210,Male,49,Guwahati,Tamil Nadu,South,Corporate,2024-02-25
12211,Customer_12211,Female,48,Pune,Assam,Northeast,Consumer,2024-03-19
12212,Customer_12212,Male,38,Mumbai,Telangana,Southeast,Consumer,2022-03-17
12213,Customer_12213,Female,64,Mumbai,Chhattisgarh,Central,Home Office,2025-12-24
12214,Customer_12214,Female,28,Bhopal,Delhi,North,Consumer,2025-06-14
12215,Customer_12215,Female,19,Pune,Rajasthan,North,Corporate,2024-05-06
12216,Customer_12216,Male,53,Vijayawada,Gujarat,West,Consumer,2025-02-18
12217,Customer_12217,Male,49,Bhopal,Rajasthan,West,Consumer,2022-06-24
12218,Customer_12218,Female,30,Visakhapatnam,Karnataka,Southwest,Corporate,2026-04-13
12219,Customer_12219,Female,59,Bengaluru,West Bengal,East,Consumer,2024-10-21
12220,Customer_12220,Male,25,Jaipur,Kerala,South,Consumer,2026-02-10
12221,Customer_12221,Male,30,Bengaluru,Karnataka,Southwest,Home Office,2025-10-14
12222,Customer_12222,Female,25,Jaipur,Karnataka,South,Consumer,2024-07-23
12223,Customer_12223,Male,26,Lucknow,Delhi,North,Corporate,2023-04-07
12224,Customer_12224,Female,53,Warangal,Rajasthan,West,Consumer,2025-01-02
12225,Customer_12225,Male,51,Ahmedabad,Goa,West,Consumer,2024-03-30
12226,Customer_12226,Male,48,Chennai,Madhya Pradesh,Central,Corporate,2023-10-18
12227,Customer_12227,Female,59,Bhopal,Goa,Southwest,Consumer,2025-02-12
12228,Customer_12228,Male,21,Visakhapatnam,Maharashtra,Southwest,Consumer,2025-11-22
12229,Customer_12229,Female,47,Delhi,West Bengal,East,Home Office,2022-10-02
12230,Customer_12230,Male,23,Ahmedabad,Maharashtra,Southwest,Consumer,2024-06-03
12231,Customer_12231,Male,63,Chennai,Manipur,Northeast,Corporate,2025-05-30
12232,Customer_12232,Female,48,Vijayawada,Haryana,North,Consumer,2023-06-05
12233,Customer_12233,Male,54,Visakhapatnam,Goa,Southwest,Consumer,2023-07-02
12234,Customer_12234,Male,45,Mumbai,Telangana,South,Corporate,2022-01-16
12235,Customer_12235,Female,36,Nagpur,Madhya Pradesh,Central,Corporate,2023-06-01
12236,Customer_12236,Female,50,Jaipur,Odisha,Southeast,Consumer,2024-07-27
12237,Customer_12237,Female,58,Hyderabad,Tamil Nadu,South,Corporate,2026-04-04
12238,Customer_12238,Male,26,Visakhapatnam,West Bengal,East,Consumer,2024-04-20
12239,Customer_12239,Male,59,Nagpur,Goa,West,Consumer,2023-04-11
12240,Customer_12240,Female,52,Ahmedabad,Karnataka,Southwest,Corporate,2025-07-23
12241,Customer_12241,Male,22,Kochi,Andhra Pradesh,South,Consumer,2022-10-28
12242,Customer_12242,Male,62,Mysuru,Meghalaya,Northeast,Consumer,2022-10-27
12243,Customer_12243,Female,26,Bengaluru,Rajasthan,West,Corporate,2024-04-14
12244,Customer_12244,Male,46,Coimbatore,Haryana,North,Consumer,2025-07-28
12245,Customer_12245,Male,24,Kolkata,Manipur,Northeast,Home Office,2022-12-06
12246,Customer_12246,Male,27,Ahmedabad,Andhra Pradesh,Southeast,Corporate,2022-01-25
12247,Customer_12247,Male,48,Guwahati,Chhattisgarh,Central,Consumer,2025-03-03
12248,Customer_12248,Female,50,Bengaluru,Tamil Nadu,South,Consumer,2024-07-28
12249,Customer_12249,Female,50,Mumbai,Telangana,South,Home Office,2025-01-02
12250,Customer_12250,Male,34,Nagpur,Gujarat,West,Home Office,2023-09-27
12251,Customer_12251,Male,57,Vijayawada,Chhattisgarh,Central,Consumer,2022-07-09
12252,Customer_12252,Female,20,Kolkata,Madhya Pradesh,Central,Consumer,2023-06-15
12253,Customer_12253,Male,59,Mumbai,Andhra Pradesh,South,Consumer,2024-01-22
12254,Customer_12254,Male,32,Jaipur,Chhattisgarh,Central,Home Office,2023-11-25
12255,Customer_12255,Female,47,Hyderabad,Odisha,East,Home Office,2025-11-23
12256,Customer_12256,Female,61,Pune,Meghalaya,Northeast,Corporate,2022-12-24
12257,Customer_12257,Male,30,Mumbai,Odisha,Southeast,Consumer,2023-05-14
12258,Customer_12258,Other,37,Bengaluru,Assam,Northeast,Home Office,2022-10-21
12259,Customer_12259,Male,57,Nagpur,Haryana,North,Consumer,2024-07-02
12260,Customer_12260,Female,59,Bhopal,Karnataka,Southwest,Consumer,2025-07-12
12261,Customer_12261,Female,29,Mysuru,Uttar Pradesh,North,Consumer,2025-11-14
12262,Customer_12262,Female,42,Pune,Karnataka,Southwest,Consumer,2022-12-31
12263,Customer_12263,Female,33,Delhi,Uttar Pradesh,North,Consumer,2023-11-19
12264,Customer_12264,Female,42,Delhi,Chhattisgarh,Central,Consumer,2025-03-25
12265,Customer_12265,Male,36,Coimbatore,Punjab,North,Consumer,2022-03-15
12266,Customer_12266,Male,18,Mumbai,Punjab,North,Corporate,2025-02-12
12267,Customer_12267,Female,62,Pune,Manipur,Northeast,Consumer,2022-08-04
12268,Customer_12268,Female,48,Nagpur,Tripura,Northeast,Consumer,2022-02-23
12269,Customer_12269,Male,40,Jaipur,Punjab,North,Consumer,2022-06-30
12270,Customer_12270,Female,23,Bhopal,Karnataka,Southwest,Consumer,2025-11-10
12271,Customer_12271,Female,21,Pune,Odisha,East,Consumer,2024-12-25
12272,Customer_12272,Male,40,Mysuru,West Bengal,East,Corporate,2025-06-16
12273,Customer_12273,Male,49,Ahmedabad,West Bengal,East,Consumer,2025-01-09
12274,Customer_12274,Male,30,Guwahati,Rajasthan,West,Consumer,2025-06-27
12275,Customer_12275,Male,53,Warangal,Kerala,South,Corporate,2024-03-05
12276,Customer_12276,Male,36,Mysuru,Maharashtra,West,Consumer,2025-07-18
12277,Customer_12277,Male,18,Jaipur,Andhra Pradesh,South,Corporate,2022-04-01
12278,Customer_12278,Male,43,Vijayawada,Punjab,North,Consumer,2024-07-21
12279,Customer_12279,Male,26,Bengaluru,West Bengal,East,Home Office,2025-04-23
12280,Customer_12280,Female,18,Mumbai,Assam,Northeast,Consumer,2026-05-09
12281,Customer_12281,Male,24,Bhopal,Telangana,Southeast,Consumer,2023-07-29
12282,Customer_12282,Other,31,Kolkata,West Bengal,East,Corporate,2022-10-14
12283,Customer_12283,Female,42,Chennai,Jharkhand,East,Consumer,2025-02-26
12284,Customer_12284,Female,65,Delhi,Telangana,Southeast,Corporate,2022-04-26
12285,Customer_12285,Female,28,Jaipur,Assam,Northeast,Consumer,2025-05-27
12286,Customer_12286,Female,20,Lucknow,Odisha,Southeast,Consumer,2025-01-31
12287,Customer_12287,Male,27,Bengaluru,Goa,Southwest,Home Office,2025-01-10
12288,Customer_12288,Female,33,Hyderabad,Odisha,Southeast,Home Office,2023-04-16
12289,Customer_12289,Male,27,Lucknow,Karnataka,Southwest,Consumer,2022-07-12
12290,Customer_12290,Female,33,Chennai,Rajasthan,West,Consumer,2024-08-31
12291,Customer_12291,Male,64,Visakhapatnam,Gujarat,West,Corporate,2023-08-04
12292,Customer_12292,Male,36,Ahmedabad,Odisha,East,Corporate,2023-09-19
12293,Customer_12293,Male,48,Warangal,Telangana,South,Home Office,2022-10-28
12294,Customer_12294,Female,50,Chennai,Meghalaya,Northeast,Corporate,2023-06-18
12295,Customer_12295,Male,24,Lucknow,Tripura,Northeast,Consumer,2025-08-24
12296,Customer_12296,Male,29,Hyderabad,Odisha,Southeast,Corporate,2025-11-30
12297,Customer_12297,Male,37,Pune,Kerala,South,Consumer,2023-07-13
12298,Customer_12298,Male,40,Chennai,Goa,West,Consumer,2022-08-16
12299,Customer_12299,Female,18,Warangal,Kerala,South,Corporate,2022-02-24
12300,Customer_12300,Female,48,Ahmedabad,Goa,Southwest,Consumer,2022-10-30
12301,Customer_12301,Male,32,Kochi,Bihar,East,Consumer,2022-01-16
12302,Customer_12302,Male,33,Chennai,Andhra Pradesh,South,Corporate,2024-12-04
12303,Customer_12303,Male,46,Kolkata,Chhattisgarh,Central,Consumer,2024-10-25
12304,Customer_12304,Male,63,Chennai,Maharashtra,Southwest,Consumer,2025-06-06
12305,Customer_12305,Female,59,Kolkata,Goa,Southwest,Consumer,2023-06-16
12306,Customer_12306,Female,65,Pune,Uttar Pradesh,North,Corporate,2025-08-24
12307,Customer_12307,Male,37,Lucknow,Odisha,East,Consumer,2022-09-29
12308,Customer_12308,Female,23,Bhopal,Tamil Nadu,South,Consumer,2023-01-05
12309,Customer_12309,Male,28,Bhubaneswar,Bihar,East,Consumer,2026-01-05
12310,Customer_12310,Female,34,Pune,Chhattisgarh,Central,Consumer,2025-11-12
12311,Customer_12311,Female,32,Hyderabad,West Bengal,East,Home Office,2024-08-16
12312,Customer_12312,Female,27,Hyderabad,Uttar Pradesh,North,Consumer,2024-09-02
12313,Customer_12313,Female,25,Bhubaneswar,Madhya Pradesh,Central,Home Office,2025-01-26
12314,Customer_12314,Female,26,Mysuru,Rajasthan,North,Consumer,2025-08-10
12315,Customer_12315,Male,49,Pune,Kerala,South,Consumer,2023-01-06
12316,Customer_12316,Male,41,Guwahati,Rajasthan,North,Consumer,2022-04-20
12317,Customer_12317,Male,19,Warangal,Delhi,North,Corporate,2022-10-24
12318,Customer_12318,Female,45,Mumbai,Goa,West,Home Office,2023-07-26
12319,Customer_12319,Female,58,Kolkata,Telangana,Southeast,Consumer,2023-01-13
12320,Customer_12320,Female,38,Delhi,Telangana,Southeast,Consumer,2024-04-19
12321,Customer_12321,Female,33,Bhopal,Rajasthan,North,Consumer,2022-08-09
12322,Customer_12322,Male,31,Mumbai,Uttar Pradesh,North,Consumer,2024-07-12
12323,Customer_12323,Female,36,Mumbai,Bihar,East,Consumer,2025-02-10
12324,Customer_12324,Female,31,Lucknow,Manipur,Northeast,Home Office,2022-06-08
12325,Customer_12325,Male,62,Kolkata,Manipur,Northeast,Consumer,2023-04-05
12326,Customer_12326,Male,65,Delhi,Odisha,Southeast,Corporate,2024-05-11
12327,Customer_12327,Male,34,Bhubaneswar,Bihar,East,Corporate,2022-04-16
12328,Customer_12328,Male,62,Mysuru,Tamil Nadu,South,Consumer,2024-11-30
12329,Customer_12329,Female,58,Coimbatore,Punjab,North,Consumer,2025-04-20
12330,Customer_12330,Female,21,Bhubaneswar,Kerala,South,Home Office,2023-08-02
12331,Customer_12331,Female,41,Bhubaneswar,Rajasthan,North,Consumer,2022-01-15
12332,Customer_12332,Male,49,Coimbatore,Odisha,Southeast,Consumer,2024-03-12
12333,Customer_12333,Female,38,Bhubaneswar,Odisha,East,Home Office,2025-10-22
12334,Customer_12334,Female,39,Hyderabad,Andhra Pradesh,Southeast,Consumer,2023-04-14
12335,Customer_12335,Male,41,Hyderabad,Madhya Pradesh,Central,Home Office,2025-09-20
12336,Customer_12336,Female,51,Guwahati,Chhattisgarh,Central,Consumer,2025-10-24
12337,Customer_12337,Male,32,Chennai,Maharashtra,West,Consumer,2023-03-26
12338,Customer_12338,Male,46,Lucknow,Telangana,Southeast,Consumer,2024-08-16
12339,Customer_12339,Male,29,Visakhapatnam,Rajasthan,North,Consumer,2022-03-09
12340,Customer_12340,Male,60,Bhopal,Rajasthan,North,Consumer,2024-06-01
12341,Customer_12341,Female,22,Ahmedabad,Gujarat,West,Consumer,2025-11-08
12342,Customer_12342,Male,21,Bengaluru,Rajasthan,West,Consumer,2026-02-19
12343,Customer_12343,Male,19,Kolkata,Madhya Pradesh,Central,Consumer,2022-11-16
12344,Customer_12344,Male,34,Lucknow,Tripura,Northeast,Consumer,2024-11-29
12345,Customer_12345,Male,47,Mysuru,Madhya Pradesh,Central,Consumer,2022-04-16
12346,Customer_12346,Male,65,Bhubaneswar,Bihar,East,Consumer,2023-03-24
12347,Customer_12347,Male,39,Guwahati,West Bengal,East,Consumer,2025-08-29
12348,Customer_12348,Female,26,Nagpur,Andhra Pradesh,Southeast,Consumer,2024-10-23
12349,Customer_12349,Male,35,Guwahati,Karnataka,South,Consumer,2023-09-20
12350,Customer_12350,Female,24,Coimbatore,Madhya Pradesh,Central,Consumer,2026-03-19
12351,Customer_12351,Male,40,Kolkata,Madhya Pradesh,Central,Consumer,2025-04-28
12352,Customer_12352,Female,52,Warangal,Odisha,Southeast,Corporate,2022-02-07
12353,Customer_12353,Female,19,Bhopal,Tripura,Northeast,Corporate,2022-05-08
12354,Customer_12354,Male,55,Visakhapatnam,Rajasthan,West,Consumer,2024-09-29
12355,Customer_12355,Male,28,Bhubaneswar,West Bengal,East,Home Office,2025-11-03
12356,Customer_12356,Female,50,Lucknow,West Bengal,East,Consumer,2022-09-08
12357,Customer_12357,Male,57,Pune,Gujarat,West,Consumer,2024-05-11
12358,Customer_12358,Female,55,Mysuru,Kerala,South,Consumer,2025-07-30
12359,Customer_12359,Male,50,Bhubaneswar,Meghalaya,Northeast,Consumer,2025-10-11
12360,Customer_12360,Male,51,Coimbatore,Tamil Nadu,South,Consumer,2024-10-22
12361,Customer_12361,Female,27,Mumbai,Meghalaya,Northeast,Consumer,2026-05-19
12362,Customer_12362,Female,24,Pune,Andhra Pradesh,Southeast,Corporate,2026-02-08
12363,Customer_12363,Male,36,Bhubaneswar,Karnataka,Southwest,Consumer,2025-08-27
12364,Customer_12364,Female,47,Hyderabad,Delhi,North,Consumer,2024-12-07
12365,Customer_12365,Female,47,Vijayawada,Odisha,Southeast,Consumer,2026-04-26
12366,Customer_12366,Male,55,Kochi,Punjab,North,Consumer,2022-01-28
12367,Customer_12367,Male,32,Pune,West Bengal,East,Consumer,2022-05-24
12368,Customer_12368,Male,59,Guwahati,Tamil Nadu,South,Consumer,2024-03-27
12369,Customer_12369,Male,39,Warangal,Andhra Pradesh,South,Consumer,2024-12-09
12370,Customer_12370,Female,29,Bengaluru,Kerala,South,Consumer,2025-12-16
12371,Customer_12371,Male,53,Kolkata,Punjab,North,Consumer,2024-12-21
12372,Customer_12372,Male,24,Jaipur,Andhra Pradesh,Southeast,Home Office,2023-01-07
12373,Customer_12373,Female,37,Pune,Punjab,North,Home Office,2025-12-24
12374,Customer_12374,Female,55,Mysuru,Goa,West,Consumer,2022-05-13
12375,Customer_12375,Female,55,Jaipur,Tripura,Northeast,Consumer,2022-06-01
12376,Customer_12376,Female,30,Warangal,Karnataka,Southwest,Corporate,2025-02-25
12377,Customer_12377,Male,25,Warangal,Andhra Pradesh,Southeast,Home Office,2026-03-22
12378,Customer_12378,Female,19,Pune,Kerala,South,Consumer,2024-03-15
12379,Customer_12379,Male,22,Coimbatore,Goa,Southwest,Consumer,2022-08-04
12380,Customer_12380,Male,57,Jaipur,Tripura,Northeast,Corporate,2022-03-18
12381,Customer_12381,Male,55,Hyderabad,Karnataka,South,Consumer,2026-04-17
12382,Customer_12382,Female,42,Visakhapatnam,Goa,West,Corporate,2023-03-24
12383,Customer_12383,Female,45,Coimbatore,Karnataka,Southwest,Consumer,2024-10-19
12384,Customer_12384,Male,33,Chennai,Rajasthan,West,Consumer,2023-06-07
12385,Customer_12385,Female,27,Bhopal,Tamil Nadu,South,Corporate,2022-12-10
12386,Customer_12386,Female,18,Ahmedabad,Maharashtra,Southwest,Corporate,2024-12-04
12387,Customer_12387,Male,50,Kolkata,Goa,Southwest,Consumer,2025-03-28
12388,Customer_12388,Female,19,Coimbatore,Karnataka,Southwest,Corporate,2024-01-25
12389,Customer_12389,Male,23,Kolkata,Karnataka,Southwest,Home Office,2024-03-22
12390,Customer_12390,Other,56,Kochi,Odisha,Southeast,Consumer,2024-02-19
12391,Customer_12391,Male,45,Mumbai,Goa,West,Home Office,2024-08-04
12392,Customer_12392,Male,41,Kochi,Karnataka,South,Consumer,2025-07-14
12393,Customer_12393,Male,28,Bengaluru,Chhattisgarh,Central,Consumer,2025-02-11
12394,Customer_12394,Male,25,Hyderabad,Telangana,South,Corporate,2023-03-22
12395,Customer_12395,Female,40,Delhi,Gujarat,West,Consumer,2023-01-31
12396,Customer_12396,Male,35,Mumbai,Meghalaya,Northeast,Home Office,2024-12-12
12397,Customer_12397,Male,43,Vijayawada,Maharashtra,Southwest,Consumer,2024-10-29
12398,Customer_12398,Female,25,Mumbai,Bihar,East,Consumer,2023-08-12
12399,Customer_12399,Female,29,Pune,Jharkhand,East,Consumer,2025-09-03
12400,Customer_12400,Female,23,Bengaluru,Tripura,Northeast,Consumer,2023-11-01
12401,Customer_12401,Male,38,Guwahati,Punjab,North,Corporate,2023-06-22
12402,Customer_12402,Male,31,Lucknow,Madhya Pradesh,Central,Consumer,2024-06-08
12403,Customer_12403,Male,28,Pune,Tripura,Northeast,Consumer,2022-11-05
12404,Customer_12404,Female,44,Chennai,Madhya Pradesh,Central,Consumer,2025-01-18
12405,Customer_12405,Female,41,Guwahati,Rajasthan,West,Consumer,2025-12-06
12406,Customer_12406,Female,28,Ahmedabad,Telangana,Southeast,Corporate,2026-02-21
12407,Customer_12407,Female,51,Guwahati,Odisha,East,Corporate,2023-12-16
12408,Customer_12408,Male,34,Mumbai,Manipur,Northeast,Consumer,2023-03-07
12409,Customer_12409,Female,34,Jaipur,Goa,West,Consumer,2024-02-06
12410,Customer_12410,Male,40,Chennai,Haryana,North,Corporate,2022-06-15
12411,Customer_12411,Male,24,Visakhapatnam,Chhattisgarh,Central,Consumer,2024-12-04
12412,Customer_12412,Male,38,Mumbai,Rajasthan,North,Consumer,2023-11-18
12413,Customer_12413,Male,45,Hyderabad,Karnataka,Southwest,Consumer,2022-07-15
12414,Customer_12414,Female,24,Warangal,Madhya Pradesh,Central,Consumer,2024-05-24
12415,Customer_12415,Male,45,Nagpur,Bihar,East,Consumer,2025-02-23
12416,Customer_12416,Female,19,Kochi,Gujarat,West,Consumer,2022-12-31
12417,Customer_12417,Female,46,Bhopal,Madhya Pradesh,Central,Corporate,2023-10-10
12418,Customer_12418,Female,19,Bhubaneswar,Jharkhand,East,Consumer,2025-11-25
12419,Customer_12419,Female,26,Nagpur,Odisha,East,Corporate,2025-02-09
12420,Customer_12420,Male,34,Chennai,Maharashtra,West,Consumer,2025-07-02
12421,Customer_12421,Male,47,Delhi,West Bengal,East,Consumer,2023-12-21
12422,Customer_12422,Male,52,Kochi,Odisha,Southeast,Corporate,2024-02-29
12423,Customer_12423,Male,40,Bhubaneswar,Delhi,North,Consumer,2024-03-06
12424,Customer_12424,Female,24,Bhopal,Odisha,Southeast,Consumer,2023-12-22
12425,Customer_12425,Male,36,Lucknow,Jharkhand,East,Consumer,2022-08-19
12426,Customer_12426,Male,55,Kolkata,Madhya Pradesh,Central,Corporate,2022-03-07
12427,Customer_12427,Male,22,Jaipur,Andhra Pradesh,South,Consumer,2025-08-24
12428,Customer_12428,Male,52,Bengaluru,Maharashtra,West,Corporate,2024-05-09
12429,Customer_12429,Female,36,Kolkata,Telangana,Southeast,Consumer,2024-05-02
12430,Customer_12430,Male,18,Mumbai,Odisha,East,Consumer,2024-08-11
12431,Customer_12431,Female,51,Mysuru,Telangana,South,Consumer,2023-10-22
12432,Customer_12432,Female,19,Bengaluru,Madhya Pradesh,Central,Consumer,2025-11-27
12433,Customer_12433,Female,35,Jaipur,Kerala,South,Corporate,2024-01-22
12434,Customer_12434,Male,27,Guwahati,Jharkhand,East,Consumer,2024-03-12
12435,Customer_12435,Female,46,Nagpur,Goa,West,Home Office,2024-04-30
12436,Customer_12436,Male,20,Jaipur,Madhya Pradesh,Central,Consumer,2022-09-09
12437,Customer_12437,Male,22,Vijayawada,Manipur,Northeast,Consumer,2022-10-05
12438,Customer_12438,Female,43,Warangal,Manipur,Northeast,Consumer,2022-10-16
12439,Customer_12439,Female,65,Bhubaneswar,Odisha,Southeast,Corporate,2023-02-11
12440,Customer_12440,Male,19,Bhopal,Delhi,North,Consumer,2022-09-13
12441,Customer_12441,Female,40,Warangal,Jharkhand,East,Consumer,2022-12-25
12442,Customer_12442,Male,56,Jaipur,Delhi,North,Home Office,2026-02-10
12443,Customer_12443,Female,31,Jaipur,Delhi,North,Corporate,2023-08-01
12444,Customer_12444,Other,41,Kochi,Kerala,South,Consumer,2025-06-23
12445,Customer_12445,Female,58,Bhubaneswar,Chhattisgarh,Central,Corporate,2023-09-22
12446,Customer_12446,Female,52,Bengaluru,Goa,Southwest,Consumer,2025-08-12
12447,Customer_12447,Female,32,Bhopal,Andhra Pradesh,Southeast,Consumer,2025-04-19
12448,Customer_12448,Female,54,Vijayawada,Assam,Northeast,Consumer,2025-09-06
12449,Customer_12449,Female,50,Chennai,Telangana,Southeast,Corporate,2023-04-07
12450,Customer_12450,Female,42,Bengaluru,Tamil Nadu,South,Consumer,2022-06-03
12451,Customer_12451,Male,39,Kolkata,Odisha,Southeast,Corporate,2023-05-08
12452,Customer_12452,Female,62,Pune,Maharashtra,Southwest,Corporate,2025-01-28
12453,Customer_12453,Male,59,Chennai,Delhi,North,Consumer,2024-11-12
12454,Customer_12454,Other,65,Delhi,Gujarat,West,Consumer,2025-01-31
12455,Customer_12455,Male,50,Bhubaneswar,Odisha,Southeast,Corporate,2026-05-09
12456,Customer_12456,Male,35,Lucknow,Gujarat,West,Consumer,2022-12-26
12457,Customer_12457,Female,23,Pune,Telangana,Southeast,Consumer,2023-12-12
12458,Customer_12458,Male,24,Ahmedabad,Goa,Southwest,Consumer,2024-02-25
12459,Customer_12459,Male,63,Vijayawada,Goa,West,Home Office,2022-08-27
12460,Customer_12460,Female,35,Lucknow,Haryana,North,Consumer,2024-11-25
12461,Customer_12461,Male,23,Pune,Bihar,East,Consumer,2022-03-20
12462,Customer_12462,Male,28,Bengaluru,Tamil Nadu,South,Consumer,2025-12-06
12463,Customer_12463,Male,19,Kolkata,Maharashtra,West,Consumer,2022-05-22
12464,Customer_12464,Male,43,Nagpur,Chhattisgarh,Central,Home Office,2022-06-26
12465,Customer_12465,Male,46,Coimbatore,Rajasthan,West,Consumer,2022-10-05
12466,Customer_12466,Male,36,Bengaluru,Tamil Nadu,South,Corporate,2025-11-28
12467,Customer_12467,Male,53,Nagpur,Odisha,East,Corporate,2025-10-10
12468,Customer_12468,Male,41,Bhubaneswar,Meghalaya,Northeast,Consumer,2026-01-15
12469,Customer_12469,Male,64,Warangal,Haryana,North,Corporate,2025-08-26
12470,Customer_12470,Female,54,Lucknow,Telangana,South,Home Office,2026-01-17
12471,Customer_12471,Female,21,Mumbai,Goa,Southwest,Corporate,2024-01-25
12472,Customer_12472,Male,31,Coimbatore,Delhi,North,Corporate,2022-01-08
12473,Customer_12473,Male,54,Mysuru,Maharashtra,West,Consumer,2023-12-02
12474,Customer_12474,Female,43,Visakhapatnam,Tamil Nadu,South,Corporate,2022-12-20
12475,Customer_12475,Female,54,Hyderabad,Rajasthan,North,Consumer,2023-01-27
12476,Customer_12476,Male,34,Bhopal,Rajasthan,West,Corporate,2025-01-10
12477,Customer_12477,Male,19,Lucknow,Chhattisgarh,Central,Consumer,2022-09-24
12478,Customer_12478,Male,55,Lucknow,Telangana,South,Consumer,2023-05-30
12479,Customer_12479,Female,55,Kochi,Delhi,North,Home Office,2023-09-21
12480,Customer_12480,Female,48,Chennai,Andhra Pradesh,South,Consumer,2022-04-08
12481,Customer_12481,Female,37,Chennai,Assam,Northeast,Consumer,2025-01-27
12482,Customer_12482,Male,18,Bhopal,Andhra Pradesh,Southeast,Corporate,2025-05-05
12483,Customer_12483,Male,52,Guwahati,Tamil Nadu,South,Home Office,2024-06-12
12484,Customer_12484,Male,49,Bengaluru,Bihar,East,Corporate,2022-02-15
12485,Customer_12485,Male,50,Coimbatore,West Bengal,East,Home Office,2025-06-13
12486,Customer_12486,Male,26,Warangal,West Bengal,East,Corporate,2023-12-15
12487,Customer_12487,Female,53,Jaipur,Andhra Pradesh,South,Home Office,2023-03-03
12488,Customer_12488,Male,52,Kochi,Punjab,North,Consumer,2026-02-25
12489,Customer_12489,Female,59,Mysuru,Chhattisgarh,Central,Consumer,2025-10-07
12490,Customer_12490,Male,45,Bhubaneswar,Bihar,East,Corporate,2023-12-06
12491,Customer_12491,Male,53,Mumbai,West Bengal,East,Home Office,2023-12-11
12492,Customer_12492,Female,37,Vijayawada,West Bengal,East,Consumer,2025-12-30
12493,Customer_12493,Female,51,Mysuru,Goa,Southwest,Consumer,2022-11-02
12494,Customer_12494,Male,51,Pune,Chhattisgarh,Central,Consumer,2023-10-17
12495,Customer_12495,Female,55,Guwahati,Maharashtra,West,Corporate,2024-07-01
12496,Customer_12496,Male,59,Vijayawada,Andhra Pradesh,South,Home Office,2023-07-09
12497,Customer_12497,Male,18,Warangal,Andhra Pradesh,Southeast,Consumer,2023-05-21
12498,Customer_12498,Male,55,Delhi,Maharashtra,Southwest,Consumer,2022-06-21
12499,Customer_12499,Male,56,Mysuru,Punjab,North,Consumer,2023-03-03
12500,Customer_12500,Female,44,Warangal,Goa,Southwest,Home Office,2023-07-27
12501,Customer_12501,Male,42,Coimbatore,Meghalaya,Northeast,Consumer,2025-09-01
12502,Customer_12502,Female,52,Vijayawada,Rajasthan,North,Consumer,2023-06-24
12503,Customer_12503,Female,39,Bengaluru,Odisha,Southeast,Consumer,2022-09-15
12504,Customer_12504,Male,37,Bhopal,Haryana,North,Corporate,2025-09-16
12505,Customer_12505,Male,56,Kolkata,Punjab,North,Consumer,2023-07-17
12506,Customer_12506,Male,55,Pune,Uttar Pradesh,North,Consumer,2026-01-11
12507,Customer_12507,Female,27,Bhopal,Gujarat,West,Consumer,2022-06-24
12508,Customer_12508,Female,57,Mumbai,Chhattisgarh,Central,Home Office,2022-02-05
12509,Customer_12509,Female,33,Ahmedabad,Goa,West,Consumer,2026-01-14
12510,Customer_12510,Male,24,Vijayawada,Rajasthan,North,Consumer,2022-06-07
12511,Customer_12511,Male,60,Bhopal,Andhra Pradesh,South,Consumer,2022-01-14
12512,Customer_12512,Female,29,Bengaluru,Telangana,Southeast,Consumer,2024-10-26
12513,Customer_12513,Male,27,Bhopal,Goa,Southwest,Corporate,2023-05-23
12514,Customer_12514,Female,30,Pune,Odisha,Southeast,Corporate,2024-02-15
12515,Customer_12515,Male,41,Guwahati,Uttar Pradesh,North,Consumer,2023-10-16
12516,Customer_12516,Male,25,Jaipur,Telangana,Southeast,Home Office,2023-04-21
12517,Customer_12517,Female,25,Hyderabad,Tripura,Northeast,Consumer,2024-02-09
12518,Customer_12518,Male,36,Vijayawada,Madhya Pradesh,Central,Home Office,2023-02-20
12519,Customer_12519,Female,28,Bengaluru,Telangana,South,Consumer,2022-12-26
12520,Customer_12520,Male,27,Delhi,Karnataka,Southwest,Consumer,2022-12-26
12521,Customer_12521,Female,61,Lucknow,Gujarat,West,Home Office,2022-07-09
12522,Customer_12522,Female,46,Coimbatore,Delhi,North,Home Office,2024-04-20
12523,Customer_12523,Female,18,Lucknow,Karnataka,South,Corporate,2024-05-27
12524,Customer_12524,Female,22,Guwahati,Rajasthan,West,Corporate,2022-01-28
12525,Customer_12525,Female,57,Vijayawada,Haryana,North,Corporate,2024-01-06
12526,Customer_12526,Female,30,Warangal,West Bengal,East,Corporate,2025-03-28
12527,Customer_12527,Male,25,Bengaluru,Goa,West,Consumer,2022-01-03
12528,Customer_12528,Male,49,Delhi,Karnataka,Southwest,Consumer,2023-04-26
12529,Customer_12529,Female,58,Lucknow,Rajasthan,North,Corporate,2026-03-18
12530,Customer_12530,Male,37,Bengaluru,Madhya Pradesh,Central,Consumer,2023-11-14
12531,Customer_12531,Male,53,Jaipur,Karnataka,Southwest,Home Office,2022-01-27
12532,Customer_12532,Female,38,Chennai,Telangana,Southeast,Consumer,2024-04-23
12533,Customer_12533,Male,23,Guwahati,Karnataka,Southwest,Consumer,2023-10-20
12534,Customer_12534,Female,56,Coimbatore,Tamil Nadu,South,Consumer,2022-12-05
12535,Customer_12535,Female,62,Kochi,Odisha,Southeast,Corporate,2022-04-28
12536,Customer_12536,Male,65,Ahmedabad,Goa,Southwest,Consumer,2025-11-14
12537,Customer_12537,Female,22,Pune,Jharkhand,East,Home Office,2025-07-24
12538,Customer_12538,Male,45,Hyderabad,Maharashtra,West,Consumer,2024-12-27
12539,Customer_12539,Female,47,Jaipur,Chhattisgarh,Central,Consumer,2022-01-29
12540,Customer_12540,Female,21,Mumbai,Gujarat,West,Corporate,2025-10-24
12541,Customer_12541,Male,63,Kolkata,West Bengal,East,Consumer,2024-01-28
12542,Customer_12542,Male,22,Kolkata,Maharashtra,Southwest,Corporate,2024-01-31
12543,Customer_12543,Male,30,Bhopal,Karnataka,Southwest,Consumer,2025-11-05
12544,Customer_12544,Male,64,Kolkata,Gujarat,West,Consumer,2023-11-23
12545,Customer_12545,Male,44,Mumbai,Andhra Pradesh,Southeast,Consumer,2023-01-13
12546,Customer_12546,Other,50,Nagpur,Gujarat,West,Home Office,2023-01-15
12547,Customer_12547,Male,41,Hyderabad,Telangana,Southeast,Consumer,2026-01-22
12548,Customer_12548,Female,54,Pune,Chhattisgarh,Central,Consumer,2024-05-21
12549,Customer_12549,Male,21,Kolkata,Goa,West,Corporate,2024-07-15
12550,Customer_12550,Other,50,Bengaluru,Karnataka,South,Home Office,2024-08-07
12551,Customer_12551,Male,21,Guwahati,Assam,Northeast,Corporate,2022-12-19
12552,Customer_12552,Male,26,Jaipur,West Bengal,East,Corporate,2023-11-03
12553,Customer_12553,Female,42,Bhopal,Telangana,South,Consumer,2026-03-03
12554,Customer_12554,Male,39,Chennai,Karnataka,South,Consumer,2022-08-21
12555,Customer_12555,Female,25,Warangal,Karnataka,Southwest,Home Office,2026-03-03
12556,Customer_12556,Male,56,Chennai,Haryana,North,Home Office,2023-03-13
12557,Customer_12557,Female,32,Pune,Andhra Pradesh,Southeast,Corporate,2023-04-19
12558,Customer_12558,Female,59,Visakhapatnam,Odisha,Southeast,Corporate,2022-01-23
12559,Customer_12559,Female,18,Guwahati,Punjab,North,Home Office,2024-11-27
12560,Customer_12560,Male,29,Kolkata,Madhya Pradesh,Central,Consumer,2023-05-26
12561,Customer_12561,Male,32,Bhopal,Madhya Pradesh,Central,Consumer,2024-01-06
12562,Customer_12562,Male,46,Bengaluru,Jharkhand,East,Home Office,2024-07-18
12563,Customer_12563,Male,37,Delhi,Manipur,Northeast,Consumer,2024-10-11
12564,Customer_12564,Male,25,Kochi,Rajasthan,West,Consumer,2026-03-10
12565,Customer_12565,Female,45,Vijayawada,Maharashtra,West,Consumer,2024-06-08
12566,Customer_12566,Female,63,Warangal,Maharashtra,West,Corporate,2022-10-12
12567,Customer_12567,Female,24,Ahmedabad,Odisha,Southeast,Corporate,2025-01-30
12568,Customer_12568,Male,30,Bengaluru,Tripura,Northeast,Corporate,2022-03-30
12569,Customer_12569,Male,40,Ahmedabad,Maharashtra,West,Consumer,2025-09-11
12570,Customer_12570,Female,52,Guwahati,Goa,Southwest,Consumer,2023-04-20
12571,Customer_12571,Male,24,Bhopal,Telangana,Southeast,Consumer,2025-03-01
12572,Customer_12572,Male,29,Delhi,Karnataka,Southwest,Home Office,2022-09-08
12573,Customer_12573,Male,29,Jaipur,Manipur,Northeast,Consumer,2023-10-13
12574,Customer_12574,Female,47,Nagpur,Maharashtra,West,Corporate,2025-01-17
12575,Customer_12575,Other,21,Bhopal,Andhra Pradesh,Southeast,Consumer,2024-09-21
12576,Customer_12576,Male,49,Mysuru,Jharkhand,East,Corporate,2022-01-10
12577,Customer_12577,Male,38,Mysuru,Jharkhand,East,Consumer,2022-02-25
12578,Customer_12578,Male,33,Visakhapatnam,Maharashtra,West,Corporate,2026-04-19
12579,Customer_12579,Male,59,Chennai,Goa,Southwest,Corporate,2024-04-26
12580,Customer_12580,Female,57,Pune,Madhya Pradesh,Central,Consumer,2025-10-01
12581,Customer_12581,Male,56,Delhi,Gujarat,West,Consumer,2022-04-27
12582,Customer_12582,Female,60,Bhubaneswar,Rajasthan,West,Consumer,2024-02-25
12583,Customer_12583,Male,29,Delhi,Odisha,East,Consumer,2024-07-11
12584,Customer_12584,Male,59,Jaipur,Meghalaya,Northeast,Corporate,2026-01-13
12585,Customer_12585,Female,26,Guwahati,Bihar,East,Consumer,2025-02-10
12586,Customer_12586,Male,33,Mumbai,Chhattisgarh,Central,Corporate,2024-10-01
12587,Customer_12587,Female,44,Ahmedabad,Bihar,East,Consumer,2023-04-15
12588,Customer_12588,Male,53,Coimbatore,Jharkhand,East,Corporate,2026-05-10
12589,Customer_12589,Female,45,Nagpur,Maharashtra,Southwest,Consumer,2023-06-09
12590,Customer_12590,Male,44,Vijayawada,West Bengal,East,Consumer,2023-03-22
12591,Customer_12591,Male,36,Warangal,Punjab,North,Consumer,2025-03-03
12592,Customer_12592,Female,46,Guwahati,Rajasthan,West,Corporate,2026-05-15
12593,Customer_12593,Male,40,Nagpur,Chhattisgarh,Central,Consumer,2025-10-02
12594,Customer_12594,Male,40,Lucknow,Rajasthan,North,Corporate,2022-10-16
12595,Customer_12595,Other,46,Ahmedabad,Bihar,East,Consumer,2025-07-28
12596,Customer_12596,Female,46,Guwahati,Tamil Nadu,South,Home Office,2023-07-20
12597,Customer_12597,Female,33,Nagpur,Madhya Pradesh,Central,Corporate,2022-12-22
12598,Customer_12598,Female,24,Lucknow,Tripura,Northeast,Consumer,2026-02-05
12599,Customer_12599,Female,32,Delhi,Karnataka,Southwest,Corporate,2026-02-28
12600,Customer_12600,Female,37,Kochi,Gujarat,West,Consumer,2023-08-16
12601,Customer_12601,Female,25,Pune,Telangana,Southeast,Corporate,2022-02-11
12602,Customer_12602,Male,26,Warangal,Tamil Nadu,South,Consumer,2022-12-02
12603,Customer_12603,Male,63,Visakhapatnam,Telangana,Southeast,Corporate,2024-05-15
12604,Customer_12604,Female,31,Nagpur,Madhya Pradesh,Central,Consumer,2022-04-06
12605,Customer_12605,Female,53,Coimbatore,Andhra Pradesh,Southeast,Consumer,2022-12-30
12606,Customer_12606,Male,24,Nagpur,Odisha,Southeast,Corporate,2022-08-27
12607,Customer_12607,Male,64,Bhubaneswar,Madhya Pradesh,Central,Consumer,2026-03-04
12608,Customer_12608,Male,28,Bhubaneswar,Bihar,East,Consumer,2023-07-23
12609,Customer_12609,Female,36,Mumbai,Madhya Pradesh,Central,Consumer,2023-09-01
12610,Customer_12610,Female,55,Bhopal,Andhra Pradesh,Southeast,Corporate,2023-11-05
12611,Customer_12611,Male,27,Delhi,Karnataka,Southwest,Consumer,2022-01-21
12612,Customer_12612,Female,44,Coimbatore,Goa,Southwest,Consumer,2024-05-17
12613,Customer_12613,Female,55,Vijayawada,Tamil Nadu,South,Home Office,2025-12-30
12614,Customer_12614,Female,19,Delhi,Chhattisgarh,Central,Home Office,2025-07-25
12615,Customer_12615,Male,19,Nagpur,Rajasthan,North,Consumer,2023-02-06
12616,Customer_12616,Female,55,Guwahati,Tripura,Northeast,Consumer,2022-01-22
12617,Customer_12617,Female,30,Coimbatore,Karnataka,Southwest,Consumer,2025-05-22
12618,Customer_12618,Female,61,Hyderabad,Uttar Pradesh,North,Home Office,2025-09-07
12619,Customer_12619,Male,62,Mumbai,Meghalaya,Northeast,Consumer,2026-01-14
12620,Customer_12620,Female,60,Pune,Karnataka,Southwest,Consumer,2024-07-12
12621,Customer_12621,Female,65,Nagpur,Andhra Pradesh,Southeast,Consumer,2024-01-28
12622,Customer_12622,Male,57,Visakhapatnam,Gujarat,West,Consumer,2025-04-25
12623,Customer_12623,Male,36,Hyderabad,Rajasthan,North,Consumer,2025-01-09
12624,Customer_12624,Female,65,Coimbatore,Karnataka,Southwest,Corporate,2025-04-26
12625,Customer_12625,Female,34,Nagpur,Maharashtra,Southwest,Consumer,2023-03-31
12626,Customer_12626,Male,46,Coimbatore,Chhattisgarh,Central,Consumer,2025-12-16
12627,Customer_12627,Male,18,Visakhapatnam,Karnataka,Southwest,Corporate,2022-03-01
12628,Customer_12628,Male,64,Mumbai,Haryana,North,Consumer,2022-05-30
12629,Customer_12629,Female,46,Guwahati,Chhattisgarh,Central,Consumer,2024-11-13
12630,Customer_12630,Other,63,Chennai,Uttar Pradesh,North,Consumer,2024-07-03
12631,Customer_12631,Male,34,Mysuru,Maharashtra,Southwest,Corporate,2024-06-05
12632,Customer_12632,Male,33,Pune,Tripura,Northeast,Consumer,2025-12-25
12633,Customer_12633,Male,43,Chennai,Karnataka,Southwest,Corporate,2025-10-25
12634,Customer_12634,Male,59,Kolkata,Chhattisgarh,Central,Consumer,2025-02-24
12635,Customer_12635,Female,44,Hyderabad,Rajasthan,North,Consumer,2022-09-21
12636,Customer_12636,Female,56,Hyderabad,Haryana,North,Consumer,2022-06-04
12637,Customer_12637,Male,28,Mumbai,West Bengal,East,Consumer,2022-08-12
12638,Customer_12638,Male,55,Ahmedabad,Meghalaya,Northeast,Consumer,2024-09-09
12639,Customer_12639,Male,53,Bhubaneswar,Kerala,South,Corporate,2025-02-14
12640,Customer_12640,Female,61,Pune,Telangana,Southeast,Consumer,2025-07-03
12641,Customer_12641,Female,20,Kochi,Andhra Pradesh,South,Consumer,2022-06-14
12642,Customer_12642,Female,36,Jaipur,Maharashtra,West,Home Office,2023-03-16
12643,Customer_12643,Male,22,Visakhapatnam,Tamil Nadu,South,Consumer,2023-06-25
12644,Customer_12644,Female,37,Kolkata,Gujarat,West,Consumer,2024-10-08
12645,Customer_12645,Male,54,Guwahati,Rajasthan,West,Consumer,2022-03-16
12646,Customer_12646,Female,48,Warangal,Haryana,North,Consumer,2025-09-06
12647,Customer_12647,Female,54,Warangal,Madhya Pradesh,Central,Home Office,2022-05-09
12648,Customer_12648,Male,53,Guwahati,Andhra Pradesh,Southeast,Home Office,2024-04-18
12649,Customer_12649,Female,65,Ahmedabad,Goa,Southwest,Consumer,2026-02-01
12650,Customer_12650,Male,60,Chennai,Jharkhand,East,Home Office,2022-11-07
12651,Customer_12651,Female,46,Mumbai,Maharashtra,Southwest,Consumer,2025-01-04
12652,Customer_12652,Male,60,Kolkata,Goa,Southwest,Home Office,2024-05-29
12653,Customer_12653,Male,20,Bengaluru,Karnataka,Southwest,Corporate,2025-08-04
12654,Customer_12654,Male,52,Ahmedabad,Odisha,East,Consumer,2024-07-29
12655,Customer_12655,Male,43,Vijayawada,Andhra Pradesh,Southeast,Consumer,2025-09-19
12656,Customer_12656,Male,63,Hyderabad,Madhya Pradesh,Central,Corporate,2023-10-07
12657,Customer_12657,Male,42,Visakhapatnam,Rajasthan,North,Consumer,2022-09-20
12658,Customer_12658,Female,26,Bhubaneswar,Jharkhand,East,Consumer,2024-12-23
12659,Customer_12659,Male,52,Mysuru,Assam,Northeast,Corporate,2026-03-29
12660,Customer_12660,Male,63,Nagpur,Tamil Nadu,South,Consumer,2023-11-25
12661,Customer_12661,Other,18,Mysuru,Rajasthan,West,Consumer,2025-08-04
12662,Customer_12662,Female,21,Kochi,Telangana,Southeast,Consumer,2025-11-04
12663,Customer_12663,Male,49,Mysuru,Tamil Nadu,South,Corporate,2024-10-29
12664,Customer_12664,Male,44,Nagpur,Rajasthan,West,Consumer,2025-06-20
12665,Customer_12665,Female,44,Kochi,Kerala,South,Consumer,2024-06-19
12666,Customer_12666,Female,22,Visakhapatnam,Madhya Pradesh,Central,Consumer,2025-07-11
12667,Customer_12667,Male,45,Nagpur,Karnataka,South,Consumer,2023-06-22
12668,Customer_12668,Female,45,Visakhapatnam,Goa,Southwest,Corporate,2024-04-21
12669,Customer_12669,Male,58,Mumbai,Uttar Pradesh,North,Consumer,2022-05-05
12670,Customer_12670,Male,36,Chennai,Goa,Southwest,Corporate,2022-11-11
12671,Customer_12671,Female,34,Coimbatore,Telangana,Southeast,Consumer,2024-07-15
12672,Customer_12672,Female,21,Hyderabad,Odisha,Southeast,Corporate,2025-03-05
12673,Customer_12673,Female,45,Chennai,Odisha,Southeast,Consumer,2022-02-17
12674,Customer_12674,Male,49,Pune,Andhra Pradesh,South,Corporate,2022-04-21
12675,Customer_12675,Male,31,Warangal,Goa,Southwest,Consumer,2022-01-11
12676,Customer_12676,Male,53,Vijayawada,Chhattisgarh,Central,Home Office,2024-04-08
12677,Customer_12677,Male,63,Warangal,Maharashtra,Southwest,Consumer,2023-06-21
12678,Customer_12678,Male,26,Warangal,Goa,Southwest,Consumer,2022-03-26
12679,Customer_12679,Female,45,Nagpur,Madhya Pradesh,Central,Consumer,2025-06-23
12680,Customer_12680,Female,51,Pune,Jharkhand,East,Consumer,2024-04-25
12681,Customer_12681,Female,18,Vijayawada,Haryana,North,Consumer,2022-01-17
12682,Customer_12682,Male,26,Kochi,Rajasthan,North,Corporate,2025-01-02
12683,Customer_12683,Male,36,Delhi,Maharashtra,West,Corporate,2025-12-29
12684,Customer_12684,Female,24,Mumbai,Odisha,Southeast,Consumer,2023-11-02
12685,Customer_12685,Male,35,Hyderabad,Madhya Pradesh,Central,Home Office,2026-02-28
12686,Customer_12686,Female,25,Kolkata,Goa,West,Consumer,2023-10-30
12687,Customer_12687,Male,61,Delhi,Andhra Pradesh,South,Consumer,2022-05-04
12688,Customer_12688,Female,46,Mumbai,Madhya Pradesh,Central,Corporate,2022-07-16
12689,Customer_12689,Female,33,Delhi,Manipur,Northeast,Consumer,2022-04-18
12690,Customer_12690,Female,55,Ahmedabad,Karnataka,Southwest,Consumer,2023-04-28
12691,Customer_12691,Female,18,Bhubaneswar,Manipur,Northeast,Consumer,2023-09-08
12692,Customer_12692,Female,46,Warangal,Chhattisgarh,Central,Consumer,2023-12-12
12693,Customer_12693,Male,50,Bengaluru,Goa,Southwest,Consumer,2024-02-09
12694,Customer_12694,Female,56,Lucknow,Gujarat,West,Consumer,2025-10-13
12695,Customer_12695,Female,28,Mumbai,Karnataka,Southwest,Consumer,2022-01-19
12696,Customer_12696,Other,46,Bengaluru,West Bengal,East,Corporate,2025-12-07
12697,Customer_12697,Male,54,Coimbatore,Tamil Nadu,South,Home Office,2023-01-18
12698,Customer_12698,Male,56,Visakhapatnam,Maharashtra,West,Consumer,2026-03-06
12699,Customer_12699,Female,26,Kolkata,Karnataka,South,Consumer,2022-08-05
12700,Customer_12700,Female,64,Nagpur,Rajasthan,North,Consumer,2022-06-10
12701,Customer_12701,Male,31,Bengaluru,Maharashtra,Southwest,Consumer,2022-07-14
12702,Customer_12702,Male,36,Bengaluru,Odisha,Southeast,Consumer,2023-04-19
12703,Customer_12703,Male,27,Coimbatore,Andhra Pradesh,South,Corporate,2026-02-15
12704,Customer_12704,Male,25,Visakhapatnam,Andhra Pradesh,Southeast,Corporate,2024-01-11
12705,Customer_12705,Male,30,Bhubaneswar,Haryana,North,Consumer,2022-09-22
12706,Customer_12706,Male,24,Hyderabad,Bihar,East,Corporate,2024-10-23
12707,Customer_12707,Male,53,Visakhapatnam,Manipur,Northeast,Corporate,2024-03-23
12708,Customer_12708,Female,46,Chennai,Odisha,East,Home Office,2025-01-29
12709,Customer_12709,Male,36,Hyderabad,Manipur,Northeast,Consumer,2025-04-01
12710,Customer_12710,Male,44,Vijayawada,Andhra Pradesh,Southeast,Corporate,2025-06-11
12711,Customer_12711,Male,47,Lucknow,Rajasthan,North,Corporate,2022-08-31
12712,Customer_12712,Male,26,Mumbai,Delhi,North,Consumer,2024-03-04
12713,Customer_12713,Female,32,Bhubaneswar,Karnataka,Southwest,Corporate,2024-10-06
12714,Customer_12714,Female,60,Warangal,Chhattisgarh,Central,Corporate,2024-06-09
12715,Customer_12715,Male,18,Vijayawada,Chhattisgarh,Central,Consumer,2026-04-06
12716,Customer_12716,Male,63,Mysuru,Maharashtra,West,Consumer,2026-03-17
12717,Customer_12717,Male,64,Kolkata,Goa,West,Consumer,2025-07-23
12718,Customer_12718,Male,30,Pune,Assam,Northeast,Corporate,2023-01-20
12719,Customer_12719,Male,33,Bhopal,Madhya Pradesh,Central,Consumer,2024-04-26
12720,Customer_12720,Male,27,Chennai,Telangana,South,Consumer,2025-07-10
12721,Customer_12721,Male,44,Guwahati,Tripura,Northeast,Consumer,2023-03-06
12722,Customer_12722,Female,28,Bhubaneswar,Assam,Northeast,Corporate,2025-02-12
12723,Customer_12723,Male,55,Nagpur,Punjab,North,Corporate,2023-02-03
12724,Customer_12724,Male,36,Vijayawada,Gujarat,West,Consumer,2022-08-13
12725,Customer_12725,Male,64,Kochi,Telangana,Southeast,Consumer,2023-01-19
12726,Customer_12726,Male,58,Guwahati,Madhya Pradesh,Central,Consumer,2026-01-22
12727,Customer_12727,Male,37,Chennai,Kerala,South,Consumer,2026-05-12
12728,Customer_12728,Male,46,Kolkata,Punjab,North,Corporate,2025-09-30
12729,Customer_12729,Male,19,Vijayawada,Chhattisgarh,Central,Consumer,2023-03-11
12730,Customer_12730,Male,21,Kochi,Rajasthan,West,Corporate,2025-06-01
12731,Customer_12731,Female,42,Ahmedabad,Karnataka,Southwest,Corporate,2022-12-16
12732,Customer_12732,Female,40,Mysuru,Madhya Pradesh,Central,Home Office,2022-07-22
12733,Customer_12733,Male,37,Vijayawada,Karnataka,Southwest,Consumer,2023-02-18
12734,Customer_12734,Male,22,Mumbai,Andhra Pradesh,South,Consumer,2022-08-12
12735,Customer_12735,Female,58,Mumbai,Gujarat,West,Consumer,2024-10-21
12736,Customer_12736,Female,37,Bhubaneswar,Tamil Nadu,South,Home Office,2024-12-29
12737,Customer_12737,Male,40,Vijayawada,Chhattisgarh,Central,Corporate,2022-02-27
12738,Customer_12738,Male,37,Kochi,Telangana,South,Corporate,2022-06-21
12739,Customer_12739,Male,41,Coimbatore,Gujarat,West,Corporate,2024-02-06
12740,Customer_12740,Female,49,Bhubaneswar,Jharkhand,East,Consumer,2022-07-01
12741,Customer_12741,Male,54,Pune,Kerala,South,Consumer,2025-08-18
12742,Customer_12742,Male,44,Mumbai,Rajasthan,North,Corporate,2023-10-03
12743,Customer_12743,Male,25,Lucknow,Chhattisgarh,Central,Consumer,2023-10-23
12744,Customer_12744,Male,59,Visakhapatnam,Maharashtra,Southwest,Home Office,2022-01-09
12745,Customer_12745,Male,31,Bhubaneswar,Andhra Pradesh,South,Home Office,2025-01-27
12746,Customer_12746,Female,18,Chennai,Gujarat,West,Home Office,2025-02-28
12747,Customer_12747,Female,19,Delhi,Karnataka,South,Corporate,2025-04-25
12748,Customer_12748,Male,55,Nagpur,Telangana,Southeast,Consumer,2024-05-14
12749,Customer_12749,Male,36,Bhubaneswar,Maharashtra,West,Consumer,2023-03-08
12750,Customer_12750,Female,19,Bengaluru,Goa,Southwest,Consumer,2022-05-06
12751,Customer_12751,Male,56,Bhubaneswar,Telangana,South,Corporate,2023-05-20
12752,Customer_12752,Male,32,Bengaluru,Uttar Pradesh,North,Consumer,2024-05-19
12753,Customer_12753,Male,64,Chennai,Madhya Pradesh,Central,Home Office,2022-07-06
12754,Customer_12754,Female,60,Guwahati,Tripura,Northeast,Consumer,2022-03-28
12755,Customer_12755,Female,20,Chennai,Karnataka,Southwest,Consumer,2022-12-14
12756,Customer_12756,Female,51,Kolkata,Odisha,Southeast,Consumer,2022-04-24
12757,Customer_12757,Female,46,Chennai,Karnataka,Southwest,Corporate,2022-01-23
12758,Customer_12758,Male,26,Coimbatore,Assam,Northeast,Consumer,2024-02-16
12759,Customer_12759,Male,34,Bengaluru,Bihar,East,Consumer,2025-04-07
12760,Customer_12760,Male,41,Delhi,Rajasthan,West,Consumer,2024-03-10
12761,Customer_12761,Female,25,Kolkata,Kerala,South,Consumer,2022-05-27
12762,Customer_12762,Female,52,Kochi,Goa,West,Home Office,2023-06-27
12763,Customer_12763,Male,31,Vijayawada,Jharkhand,East,Consumer,2022-02-26
12764,Customer_12764,Female,62,Mumbai,Uttar Pradesh,North,Consumer,2024-09-21
12765,Customer_12765,Male,56,Vijayawada,Tamil Nadu,South,Consumer,2023-01-09
12766,Customer_12766,Male,48,Vijayawada,Madhya Pradesh,Central,Consumer,2023-09-12
12767,Customer_12767,Male,23,Jaipur,Bihar,East,Consumer,2025-12-14
12768,Customer_12768,Female,19,Warangal,Karnataka,Southwest,Consumer,2024-07-28
12769,Customer_12769,Female,25,Kolkata,Rajasthan,West,Consumer,2025-05-08
12770,Customer_12770,Male,41,Kolkata,Goa,Southwest,Consumer,2023-07-14
12771,Customer_12771,Female,55,Bhopal,Meghalaya,Northeast,Consumer,2026-01-29
12772,Customer_12772,Female,25,Delhi,Haryana,North,Corporate,2025-02-17
12773,Customer_12773,Female,51,Kolkata,Kerala,South,Consumer,2024-04-05
12774,Customer_12774,Female,20,Chennai,Assam,Northeast,Corporate,2024-07-15
12775,Customer_12775,Male,30,Ahmedabad,Madhya Pradesh,Central,Corporate,2024-09-24
12776,Customer_12776,Female,46,Lucknow,Bihar,East,Home Office,2022-09-14
12777,Customer_12777,Female,57,Ahmedabad,Madhya Pradesh,Central,Consumer,2023-02-07
12778,Customer_12778,Female,55,Mumbai,Maharashtra,Southwest,Corporate,2025-01-03
12779,Customer_12779,Male,43,Vijayawada,Goa,West,Home Office,2023-12-07
12780,Customer_12780,Female,19,Delhi,Delhi,North,Home Office,2025-06-08
12781,Customer_12781,Female,32,Bhopal,Odisha,East,Corporate,2024-04-21
12782,Customer_12782,Male,55,Kolkata,Karnataka,Southwest,Consumer,2022-04-16
12783,Customer_12783,Other,21,Visakhapatnam,Telangana,Southeast,Home Office,2024-11-29
12784,Customer_12784,Male,51,Vijayawada,Odisha,Southeast,Corporate,2024-09-02
12785,Customer_12785,Male,51,Bhopal,Goa,Southwest,Consumer,2023-08-07
12786,Customer_12786,Male,54,Lucknow,Rajasthan,North,Consumer,2025-06-18
12787,Customer_12787,Female,28,Bhubaneswar,Jharkhand,East,Home Office,2023-07-16
12788,Customer_12788,Female,29,Visakhapatnam,Uttar Pradesh,North,Consumer,2022-07-03
12789,Customer_12789,Male,27,Bhubaneswar,Punjab,North,Corporate,2022-07-13
12790,Customer_12790,Female,36,Guwahati,Telangana,Southeast,Consumer,2025-12-13
12791,Customer_12791,Male,43,Warangal,Karnataka,Southwest,Corporate,2023-08-25
12792,Customer_12792,Male,23,Ahmedabad,Tamil Nadu,South,Consumer,2023-10-26
12793,Customer_12793,Female,45,Mysuru,Meghalaya,Northeast,Corporate,2023-05-04
12794,Customer_12794,Female,29,Bhubaneswar,Chhattisgarh,Central,Consumer,2025-03-26
12795,Customer_12795,Female,44,Delhi,Uttar Pradesh,North,Home Office,2024-08-26
12796,Customer_12796,Female,32,Lucknow,Goa,Southwest,Consumer,2025-12-09
12797,Customer_12797,Other,63,Visakhapatnam,Telangana,Southeast,Consumer,2025-12-02
12798,Customer_12798,Male,33,Chennai,Madhya Pradesh,Central,Consumer,2026-05-03
12799,Customer_12799,Male,59,Jaipur,Meghalaya,Northeast,Consumer,2023-06-11
12800,Customer_12800,Male,26,Nagpur,Rajasthan,West,Home Office,2024-07-23
12801,Customer_12801,Female,22,Nagpur,Andhra Pradesh,Southeast,Consumer,2023-07-09
12802,Customer_12802,Female,27,Bhopal,Gujarat,West,Consumer,2025-01-31
12803,Customer_12803,Female,38,Nagpur,Maharashtra,Southwest,Corporate,2025-04-12
12804,Customer_12804,Male,61,Coimbatore,Haryana,North,Consumer,2023-02-07
12805,Customer_12805,Male,26,Bhopal,Tamil Nadu,South,Consumer,2025-10-07
12806,Customer_12806,Female,55,Mumbai,Goa,Southwest,Corporate,2023-04-10
12807,Customer_12807,Other,51,Delhi,West Bengal,East,Consumer,2026-04-23
12808,Customer_12808,Male,34,Mumbai,Bihar,East,Corporate,2025-09-23
12809,Customer_12809,Male,34,Mysuru,Odisha,Southeast,Corporate,2022-01-30
12810,Customer_12810,Male,63,Kochi,Tamil Nadu,South,Consumer,2023-09-30
12811,Customer_12811,Male,52,Mysuru,Madhya Pradesh,Central,Consumer,2023-09-14
12812,Customer_12812,Male,29,Visakhapatnam,Odisha,East,Home Office,2025-08-08
12813,Customer_12813,Male,61,Visakhapatnam,Tamil Nadu,South,Consumer,2025-03-05
12814,Customer_12814,Female,37,Ahmedabad,Goa,Southwest,Corporate,2022-03-22
12815,Customer_12815,Male,21,Coimbatore,Kerala,South,Consumer,2025-09-07
12816,Customer_12816,Male,57,Jaipur,Rajasthan,North,Consumer,2022-12-16
12817,Customer_12817,Male,59,Kolkata,Manipur,Northeast,Corporate,2023-08-15
12818,Customer_12818,Female,39,Warangal,Telangana,Southeast,Consumer,2022-09-30
12819,Customer_12819,Male,51,Bengaluru,Tamil Nadu,South,Consumer,2022-09-10
12820,Customer_12820,Male,29,Mumbai,Manipur,Northeast,Consumer,2024-04-23
12821,Customer_12821,Male,58,Hyderabad,Chhattisgarh,Central,Corporate,2022-05-16
12822,Customer_12822,Female,35,Mumbai,Andhra Pradesh,Southeast,Consumer,2022-05-09
12823,Customer_12823,Female,30,Mumbai,Andhra Pradesh,South,Consumer,2025-06-11
12824,Customer_12824,Male,42,Bengaluru,Maharashtra,Southwest,Consumer,2023-07-05
12825,Customer_12825,Male,30,Bengaluru,Madhya Pradesh,Central,Home Office,2024-11-03
12826,Customer_12826,Male,47,Bhubaneswar,Odisha,Southeast,Consumer,2026-04-27
12827,Customer_12827,Female,53,Mumbai,Bihar,East,Consumer,2022-03-23
12828,Customer_12828,Female,37,Coimbatore,Maharashtra,Southwest,Consumer,2025-06-24
12829,Customer_12829,Male,55,Bengaluru,Tripura,Northeast,Consumer,2022-06-25
12830,Customer_12830,Male,38,Mysuru,Andhra Pradesh,South,Consumer,2025-05-01
12831,Customer_12831,Female,64,Pune,Goa,Southwest,Corporate,2023-05-05
12832,Customer_12832,Female,30,Lucknow,Andhra Pradesh,Southeast,Corporate,2022-08-05
12833,Customer_12833,Male,51,Kochi,Odisha,East,Consumer,2023-01-01
12834,Customer_12834,Male,43,Bhopal,Chhattisgarh,Central,Consumer,2023-08-07
12835,Customer_12835,Male,63,Kochi,Rajasthan,West,Consumer,2025-03-13
12836,Customer_12836,Female,28,Warangal,Madhya Pradesh,Central,Consumer,2024-12-24
12837,Customer_12837,Female,27,Bhopal,Goa,Southwest,Consumer,2025-03-11
12838,Customer_12838,Female,59,Bhubaneswar,Maharashtra,Southwest,Consumer,2022-02-04
12839,Customer_12839,Female,61,Jaipur,Karnataka,South,Home Office,2026-04-10
12840,Customer_12840,Male,53,Mysuru,Goa,Southwest,Consumer,2023-11-26
12841,Customer_12841,Male,40,Nagpur,Goa,West,Consumer,2022-06-28
12842,Customer_12842,Male,37,Lucknow,Assam,Northeast,Home Office,2026-01-25
12843,Customer_12843,Female,49,Mysuru,Telangana,Southeast,Consumer,2025-06-22
12844,Customer_12844,Female,53,Chennai,Rajasthan,West,Consumer,2022-05-12
12845,Customer_12845,Male,31,Warangal,Gujarat,West,Consumer,2023-11-30
12846,Customer_12846,Male,18,Ahmedabad,Rajasthan,West,Home Office,2025-12-21
12847,Customer_12847,Female,21,Mysuru,Odisha,Southeast,Consumer,2024-12-28
12848,Customer_12848,Female,34,Chennai,Gujarat,West,Consumer,2022-11-08
12849,Customer_12849,Female,50,Bhubaneswar,Bihar,East,Consumer,2025-01-25
12850,Customer_12850,Male,39,Bengaluru,West Bengal,East,Consumer,2022-10-30
12851,Customer_12851,Female,47,Jaipur,Tamil Nadu,South,Consumer,2023-07-17
12852,Customer_12852,Female,40,Ahmedabad,Goa,West,Consumer,2022-11-09
12853,Customer_12853,Female,30,Delhi,Haryana,North,Home Office,2025-01-14
12854,Customer_12854,Female,53,Bhubaneswar,Delhi,North,Corporate,2026-01-30
12855,Customer_12855,Female,52,Mysuru,Manipur,Northeast,Consumer,2022-03-13
12856,Customer_12856,Female,64,Mumbai,Delhi,North,Consumer,2024-08-23
12857,Customer_12857,Female,57,Delhi,Madhya Pradesh,Central,Consumer,2023-02-02
12858,Customer_12858,Male,36,Bengaluru,Odisha,Southeast,Consumer,2025-04-16
12859,Customer_12859,Male,51,Lucknow,Tripura,Northeast,Corporate,2022-08-11
12860,Customer_12860,Female,34,Guwahati,Rajasthan,West,Consumer,2023-08-10
12861,Customer_12861,Female,59,Kochi,Andhra Pradesh,South,Corporate,2022-11-26
12862,Customer_12862,Male,47,Chennai,Goa,Southwest,Consumer,2025-10-29
12863,Customer_12863,Male,58,Mumbai,Odisha,Southeast,Corporate,2022-05-13
12864,Customer_12864,Female,31,Hyderabad,Madhya Pradesh,Central,Home Office,2024-07-20
12865,Customer_12865,Female,18,Vijayawada,Punjab,North,Corporate,2022-07-12
12866,Customer_12866,Female,24,Lucknow,Delhi,North,Home Office,2024-08-17
12867,Customer_12867,Male,43,Mumbai,Bihar,East,Corporate,2025-05-13
12868,Customer_12868,Female,64,Bhubaneswar,Kerala,South,Consumer,2025-04-18
12869,Customer_12869,Female,48,Delhi,Andhra Pradesh,Southeast,Consumer,2022-02-23
12870,Customer_12870,Male,56,Warangal,Kerala,South,Consumer,2025-05-22
12871,Customer_12871,Male,40,Ahmedabad,Odisha,East,Home Office,2023-04-20
12872,Customer_12872,Other,64,Warangal,Karnataka,Southwest,Consumer,2024-12-26
12873,Customer_12873,Male,63,Vijayawada,Telangana,Southeast,Home Office,2026-03-23
12874,Customer_12874,Female,28,Kolkata,Karnataka,South,Consumer,2022-07-10
12875,Customer_12875,Female,59,Visakhapatnam,Goa,West,Corporate,2023-08-04
12876,Customer_12876,Female,18,Pune,Chhattisgarh,Central,Consumer,2025-10-18
12877,Customer_12877,Male,46,Delhi,Assam,Northeast,Home Office,2022-08-15
12878,Customer_12878,Female,38,Bhopal,Maharashtra,Southwest,Consumer,2023-02-22
12879,Customer_12879,Male,32,Guwahati,Andhra Pradesh,Southeast,Consumer,2024-05-28
12880,Customer_12880,Female,62,Bhubaneswar,Maharashtra,Southwest,Home Office,2026-05-13
12881,Customer_12881,Male,49,Kolkata,Haryana,North,Consumer,2023-04-17
12882,Customer_12882,Female,24,Kolkata,Andhra Pradesh,South,Consumer,2023-09-09
12883,Customer_12883,Female,24,Bengaluru,Madhya Pradesh,Central,Home Office,2025-06-27
12884,Customer_12884,Male,23,Delhi,Punjab,North,Corporate,2022-07-11
12885,Customer_12885,Male,32,Coimbatore,Odisha,East,Consumer,2023-06-09
12886,Customer_12886,Female,21,Delhi,Karnataka,South,Consumer,2023-05-21
12887,Customer_12887,Male,30,Lucknow,Maharashtra,Southwest,Consumer,2023-10-04
12888,Customer_12888,Male,54,Bengaluru,Rajasthan,North,Consumer,2024-07-06
12889,Customer_12889,Male,59,Visakhapatnam,Tamil Nadu,South,Consumer,2022-12-21
12890,Customer_12890,Female,55,Delhi,Andhra Pradesh,South,Consumer,2023-09-19
12891,Customer_12891,Female,41,Vijayawada,Kerala,South,Consumer,2026-01-06
12892,Customer_12892,Male,51,Hyderabad,Chhattisgarh,Central,Consumer,2025-08-18
12893,Customer_12893,Other,63,Visakhapatnam,Jharkhand,East,Home Office,2026-03-11
12894,Customer_12894,Male,20,Bhopal,Karnataka,Southwest,Consumer,2024-12-27
12895,Customer_12895,Male,61,Guwahati,Jharkhand,East,Consumer,2024-07-20
12896,Customer_12896,Male,52,Delhi,Madhya Pradesh,Central,Home Office,2022-12-08
12897,Customer_12897,Male,36,Visakhapatnam,Assam,Northeast,Corporate,2022-09-12
12898,Customer_12898,Male,39,Ahmedabad,Manipur,Northeast,Consumer,2024-05-12
12899,Customer_12899,Female,39,Vijayawada,Telangana,Southeast,Home Office,2023-10-10
12900,Customer_12900,Male,25,Warangal,Karnataka,South,Consumer,2025-06-14
12901,Customer_12901,Female,29,Kolkata,Chhattisgarh,Central,Consumer,2022-01-16
12902,Customer_12902,Male,32,Bhubaneswar,Andhra Pradesh,Southeast,Consumer,2025-11-26
12903,Customer_12903,Male,18,Kochi,Andhra Pradesh,Southeast,Consumer,2022-09-30
12904,Customer_12904,Male,42,Nagpur,Chhattisgarh,Central,Corporate,2023-09-24
12905,Customer_12905,Female,40,Bhopal,Assam,Northeast,Consumer,2023-07-24
12906,Customer_12906,Female,33,Jaipur,Telangana,Southeast,Home Office,2026-01-19
12907,Customer_12907,Male,26,Kolkata,Madhya Pradesh,Central,Consumer,2025-02-26
12908,Customer_12908,Male,64,Bengaluru,Goa,Southwest,Consumer,2022-02-27
12909,Customer_12909,Male,50,Kochi,Tamil Nadu,South,Consumer,2025-09-26
12910,Customer_12910,Female,40,Lucknow,Bihar,East,Consumer,2024-12-18
12911,Customer_12911,Male,52,Jaipur,Delhi,North,Home Office,2022-04-19
12912,Customer_12912,Female,35,Hyderabad,Uttar Pradesh,North,Corporate,2025-06-05
12913,Customer_12913,Male,28,Bhubaneswar,Rajasthan,West,Corporate,2022-02-24
12914,Customer_12914,Male,50,Pune,Andhra Pradesh,South,Corporate,2023-11-12
12915,Customer_12915,Female,54,Coimbatore,Rajasthan,West,Consumer,2022-09-17
12916,Customer_12916,Male,49,Bengaluru,Gujarat,West,Consumer,2022-01-18
12917,Customer_12917,Male,45,Bengaluru,Chhattisgarh,Central,Consumer,2024-06-14
12918,Customer_12918,Female,18,Guwahati,Karnataka,Southwest,Corporate,2025-01-04
12919,Customer_12919,Male,48,Ahmedabad,Andhra Pradesh,Southeast,Consumer,2024-02-07
12920,Customer_12920,Male,47,Hyderabad,Goa,West,Consumer,2023-07-03
12921,Customer_12921,Male,37,Chennai,Bihar,East,Corporate,2024-04-01
12922,Customer_12922,Male,29,Vijayawada,Telangana,Southeast,Consumer,2022-08-31
12923,Customer_12923,Female,64,Ahmedabad,Uttar Pradesh,North,Consumer,2022-03-21
12924,Customer_12924,Male,36,Visakhapatnam,Madhya Pradesh,Central,Consumer,2022-09-09
12925,Customer_12925,Female,31,Guwahati,Rajasthan,West,Consumer,2022-03-28
12926,Customer_12926,Female,51,Ahmedabad,Karnataka,South,Consumer,2025-05-15
12927,Customer_12927,Female,41,Kochi,Madhya Pradesh,Central,Home Office,2024-08-31
12928,Customer_12928,Female,44,Delhi,West Bengal,East,Corporate,2022-10-27
12929,Customer_12929,Female,49,Ahmedabad,Telangana,South,Consumer,2024-06-30
12930,Customer_12930,Female,35,Guwahati,Manipur,Northeast,Corporate,2024-02-14
12931,Customer_12931,Male,25,Hyderabad,Telangana,South,Corporate,2022-06-28
12932,Customer_12932,Male,26,Lucknow,Assam,Northeast,Corporate,2026-04-02
12933,Customer_12933,Female,63,Guwahati,Andhra Pradesh,South,Home Office,2026-02-09
12934,Customer_12934,Male,42,Visakhapatnam,Rajasthan,West,Corporate,2025-04-29
12935,Customer_12935,Female,38,Bhopal,Andhra Pradesh,Southeast,Consumer,2025-07-17
12936,Customer_12936,Male,33,Jaipur,Telangana,South,Consumer,2024-05-25
12937,Customer_12937,Female,52,Mumbai,Andhra Pradesh,Southeast,Consumer,2025-07-10
12938,Customer_12938,Male,61,Bhubaneswar,Meghalaya,Northeast,Consumer,2024-04-25
12939,Customer_12939,Female,54,Kolkata,Goa,Southwest,Home Office,2022-09-23
12940,Customer_12940,Male,43,Bhopal,Andhra Pradesh,South,Consumer,2022-09-25
12941,Customer_12941,Male,40,Kolkata,Tripura,Northeast,Consumer,2025-09-28
12942,Customer_12942,Female,59,Jaipur,Maharashtra,Southwest,Home Office,2023-12-16
12943,Customer_12943,Female,59,Ahmedabad,Andhra Pradesh,Southeast,Corporate,2025-03-13
12944,Customer_12944,Female,36,Kolkata,Telangana,South,Consumer,2022-08-20
12945,Customer_12945,Female,64,Bhubaneswar,Telangana,Southeast,Home Office,2023-12-18
12946,Customer_12946,Male,57,Hyderabad,Haryana,North,Consumer,2022-05-14
12947,Customer_12947,Female,58,Hyderabad,Chhattisgarh,Central,Consumer,2022-12-20
12948,Customer_12948,Male,20,Bengaluru,Maharashtra,West,Consumer,2022-06-24
12949,Customer_12949,Female,24,Delhi,Chhattisgarh,Central,Home Office,2022-11-29
12950,Customer_12950,Male,32,Bengaluru,Madhya Pradesh,Central,Consumer,2024-08-28
12951,Customer_12951,Male,54,Jaipur,Delhi,North,Consumer,2022-01-09
12952,Customer_12952,Female,21,Hyderabad,Chhattisgarh,Central,Corporate,2022-11-06
12953,Customer_12953,Female,21,Bhopal,Goa,Southwest,Home Office,2025-01-10
12954,Customer_12954,Male,19,Mumbai,Goa,West,Consumer,2022-08-27
12955,Customer_12955,Female,27,Nagpur,Odisha,East,Consumer,2024-06-07
12956,Customer_12956,Female,62,Guwahati,Karnataka,Southwest,Home Office,2025-10-19
12957,Customer_12957,Male,52,Ahmedabad,Delhi,North,Corporate,2025-06-02
12958,Customer_12958,Female,52,Bhopal,Maharashtra,West,Consumer,2022-07-15
12959,Customer_12959,Male,32,Bhopal,Madhya Pradesh,Central,Consumer,2022-08-25
12960,Customer_12960,Male,48,Bhubaneswar,Gujarat,West,Consumer,2025-02-03
12961,Customer_12961,Female,55,Coimbatore,Karnataka,Southwest,Corporate,2023-07-09
12962,Customer_12962,Male,43,Kochi,Maharashtra,West,Consumer,2023-10-30
12963,Customer_12963,Male,59,Vijayawada,Maharashtra,Southwest,Corporate,2024-02-02
12964,Customer_12964,Female,45,Kochi,Uttar Pradesh,North,Consumer,2024-07-15
12965,Customer_12965,Male,33,Jaipur,Meghalaya,Northeast,Corporate,2023-12-20
12966,Customer_12966,Female,48,Chennai,Chhattisgarh,Central,Consumer,2022-02-07
12967,Customer_12967,Female,63,Mysuru,Telangana,South,Home Office,2022-06-01
12968,Customer_12968,Male,57,Ahmedabad,Telangana,South,Consumer,2022-01-01
12969,Customer_12969,Female,41,Lucknow,Tripura,Northeast,Consumer,2023-02-28
12970,Customer_12970,Male,46,Delhi,Assam,Northeast,Consumer,2025-07-31
12971,Customer_12971,Female,64,Bhopal,Chhattisgarh,Central,Consumer,2026-04-04
12972,Customer_12972,Male,53,Warangal,Punjab,North,Consumer,2024-01-31
12973,Customer_12973,Female,42,Bengaluru,Chhattisgarh,Central,Corporate,2022-02-13
12974,Customer_12974,Male,31,Nagpur,Maharashtra,Southwest,Home Office,2022-04-25
12975,Customer_12975,Female,61,Nagpur,Punjab,North,Consumer,2025-07-28
12976,Customer_12976,Male,64,Guwahati,Rajasthan,West,Consumer,2023-07-04
12977,Customer_12977,Male,21,Vijayawada,Maharashtra,West,Consumer,2025-11-11
12978,Customer_12978,Male,19,Pune,Goa,Southwest,Corporate,2024-03-21
12979,Customer_12979,Female,23,Hyderabad,West Bengal,East,Consumer,2025-11-07
12980,Customer_12980,Other,36,Lucknow,Maharashtra,West,Consumer,2022-08-05
12981,Customer_12981,Male,25,Guwahati,Tripura,Northeast,Consumer,2025-10-05
12982,Customer_12982,Male,60,Chennai,Haryana,North,Consumer,2024-05-24
12983,Customer_12983,Male,61,Ahmedabad,Andhra Pradesh,Southeast,Consumer,2023-12-02
12984,Customer_12984,Male,26,Hyderabad,Odisha,Southeast,Consumer,2024-04-26
12985,Customer_12985,Female,57,Bhopal,Manipur,Northeast,Consumer,2023-06-08
12986,Customer_12986,Female,24,Hyderabad,Meghalaya,Northeast,Corporate,2024-08-22
12987,Customer_12987,Female,55,Nagpur,Meghalaya,Northeast,Consumer,2025-05-17
12988,Customer_12988,Male,35,Mumbai,Odisha,Southeast,Consumer,2025-07-20
12989,Customer_12989,Male,19,Visakhapatnam,Goa,Southwest,Consumer,2026-04-15
12990,Customer_12990,Female,38,Ahmedabad,Maharashtra,West,Home Office,2023-10-23
12991,Customer_12991,Male,57,Bhubaneswar,Gujarat,West,Corporate,2025-05-15
12992,Customer_12992,Female,62,Jaipur,Manipur,Northeast,Consumer,2025-11-22
12993,Customer_12993,Male,23,Nagpur,Karnataka,South,Home Office,2022-01-29
12994,Customer_12994,Male,58,Hyderabad,Telangana,Southeast,Consumer,2024-01-30
12995,Customer_12995,Female,32,Vijayawada,Odisha,Southeast,Consumer,2025-01-26
12996,Customer_12996,Male,40,Nagpur,Meghalaya,Northeast,Corporate,2024-01-02
12997,Customer_12997,Female,23,Delhi,Jharkhand,East,Corporate,2022-06-10
12998,Customer_12998,Male,64,Warangal,Jharkhand,East,Consumer,2024-11-15
12999,Customer_12999,Male,55,Visakhapatnam,Gujarat,West,Consumer,2023-10-12
13000,Customer_13000,Male,48,Jaipur,Assam,Northeast,Consumer,2024-09-15
13001,Customer_13001,Male,52,Bhopal,Odisha,Southeast,Consumer,2022-01-03
13002,Customer_13002,Female,59,Warangal,Meghalaya,Northeast,Home Office,2022-01-19
13003,Customer_13003,Male,24,Lucknow,Maharashtra,Southwest,Consumer,2024-08-22
13004,Customer_13004,Female,29,Warangal,Goa,Southwest,Home Office,2026-04-21
13005,Customer_13005,Female,19,Nagpur,Manipur,Northeast,Consumer,2024-10-20
13006,Customer_13006,Male,41,Vijayawada,Bihar,East,Corporate,2026-02-17
13007,Customer_13007,Male,41,Bhopal,Chhattisgarh,Central,Home Office,2025-09-17
13008,Customer_13008,Male,19,Kochi,Goa,West,Corporate,2023-03-27
13009,Customer_13009,Female,49,Bhubaneswar,Meghalaya,Northeast,Consumer,2022-06-13
13010,Customer_13010,Female,18,Guwahati,Odisha,Southeast,Consumer,2024-06-12
13011,Customer_13011,Male,56,Pune,Bihar,East,Consumer,2024-09-19
13012,Customer_13012,Female,51,Kolkata,Madhya Pradesh,Central,Consumer,2025-05-17
13013,Customer_13013,Male,57,Kolkata,Punjab,North,Home Office,2024-04-13
13014,Customer_13014,Male,23,Vijayawada,Tripura,Northeast,Consumer,2026-01-12
13015,Customer_13015,Male,59,Vijayawada,Maharashtra,West,Consumer,2025-09-12
13016,Customer_13016,Other,44,Hyderabad,Goa,West,Consumer,2024-07-26
13017,Customer_13017,Male,59,Guwahati,Madhya Pradesh,Central,Consumer,2024-06-01
13018,Customer_13018,Male,51,Guwahati,Kerala,South,Consumer,2022-01-31
13019,Customer_13019,Male,49,Kochi,Madhya Pradesh,Central,Consumer,2025-06-03
13020,Customer_13020,Female,19,Kolkata,Manipur,Northeast,Corporate,2024-12-25
13021,Customer_13021,Male,51,Bhubaneswar,Bihar,East,Consumer,2025-12-04
13022,Customer_13022,Male,39,Delhi,Telangana,South,Corporate,2022-05-29
13023,Customer_13023,Male,58,Kolkata,Gujarat,West,Consumer,2022-08-22
13024,Customer_13024,Female,50,Nagpur,Tamil Nadu,South,Consumer,2024-12-09
13025,Customer_13025,Male,21,Mysuru,Jharkhand,East,Corporate,2024-02-22
13026,Customer_13026,Female,60,Coimbatore,Assam,Northeast,Corporate,2024-07-28
13027,Customer_13027,Male,21,Mumbai,Punjab,North,Consumer,2023-11-27
13028,Customer_13028,Male,32,Chennai,Manipur,Northeast,Corporate,2024-10-22
13029,Customer_13029,Female,28,Nagpur,Kerala,South,Consumer,2024-11-19
13030,Customer_13030,Female,64,Delhi,Maharashtra,Southwest,Consumer,2022-10-30
13031,Customer_13031,Male,25,Ahmedabad,Assam,Northeast,Home Office,2025-05-01
13032,Customer_13032,Female,58,Jaipur,Bihar,East,Home Office,2024-02-29
13033,Customer_13033,Female,28,Vijayawada,Chhattisgarh,Central,Consumer,2024-07-09
13034,Customer_13034,Male,49,Nagpur,Punjab,North,Home Office,2024-09-15
13035,Customer_13035,Female,22,Coimbatore,Rajasthan,North,Corporate,2025-04-06
13036,Customer_13036,Female,36,Visakhapatnam,Goa,Southwest,Consumer,2023-04-26
13037,Customer_13037,Male,47,Visakhapatnam,Andhra Pradesh,Southeast,Consumer,2022-01-11
13038,Customer_13038,Female,52,Pune,Karnataka,South,Consumer,2022-10-18
13039,Customer_13039,Male,59,Coimbatore,Odisha,East,Consumer,2026-03-26
13040,Customer_13040,Male,57,Coimbatore,Tamil Nadu,South,Home Office,2022-12-23
13041,Customer_13041,Female,42,Bengaluru,Maharashtra,West,Consumer,2023-02-03
13042,Customer_13042,Female,32,Visakhapatnam,West Bengal,East,Consumer,2025-10-04
13043,Customer_13043,Female,30,Kochi,West Bengal,East,Consumer,2023-01-13
13044,Customer_13044,Female,65,Bengaluru,Madhya Pradesh,Central,Consumer,2024-01-14
13045,Customer_13045,Female,47,Nagpur,Karnataka,South,Corporate,2023-08-16
13046,Customer_13046,Male,61,Guwahati,Maharashtra,Southwest,Consumer,2024-11-23
13047,Customer_13047,Other,38,Kochi,Assam,Northeast,Consumer,2024-08-09
13048,Customer_13048,Female,41,Hyderabad,Odisha,Southeast,Consumer,2024-04-03
13049,Customer_13049,Female,57,Warangal,Tamil Nadu,South,Corporate,2024-03-13
13050,Customer_13050,Male,52,Guwahati,Tripura,Northeast,Corporate,2025-08-27
13051,Customer_13051,Male,27,Hyderabad,Telangana,Southeast,Corporate,2024-07-19
13052,Customer_13052,Male,43,Bhopal,Kerala,South,Consumer,2024-03-24
13053,Customer_13053,Male,28,Bhubaneswar,Andhra Pradesh,Southeast,Consumer,2025-11-20
13054,Customer_13054,Male,54,Bengaluru,Jharkhand,East,Corporate,2022-05-30
13055,Customer_13055,Female,19,Pune,Telangana,Southeast,Corporate,2025-08-26
13056,Customer_13056,Female,57,Lucknow,Rajasthan,West,Consumer,2022-11-13
13057,Customer_13057,Male,62,Mysuru,Odisha,Southeast,Home Office,2023-06-15
13058,Customer_13058,Male,19,Bhopal,Kerala,South,Consumer,2022-01-22
13059,Customer_13059,Female,48,Warangal,Gujarat,West,Consumer,2024-07-03
13060,Customer_13060,Male,21,Kochi,Bihar,East,Home Office,2025-08-23
13061,Customer_13061,Female,35,Warangal,Telangana,South,Consumer,2023-09-03
13062,Customer_13062,Male,34,Coimbatore,Bihar,East,Home Office,2024-11-27
13063,Customer_13063,Male,42,Bhopal,Maharashtra,West,Consumer,2023-09-21
13064,Customer_13064,Male,62,Hyderabad,Kerala,South,Home Office,2025-04-29
13065,Customer_13065,Female,40,Pune,Meghalaya,Northeast,Consumer,2026-05-17
13066,Customer_13066,Male,37,Bengaluru,Madhya Pradesh,Central,Corporate,2025-02-18
13067,Customer_13067,Female,22,Bhopal,Telangana,Southeast,Corporate,2023-06-29
13068,Customer_13068,Male,60,Lucknow,Tripura,Northeast,Consumer,2025-08-12
13069,Customer_13069,Male,33,Bengaluru,Tamil Nadu,South,Consumer,2022-03-02
13070,Customer_13070,Female,40,Chennai,Uttar Pradesh,North,Consumer,2026-04-29
13071,Customer_13071,Male,22,Delhi,Maharashtra,West,Consumer,2025-09-05
13072,Customer_13072,Male,31,Pune,Goa,West,Home Office,2024-11-11
13073,Customer_13073,Female,44,Warangal,Tamil Nadu,South,Consumer,2024-09-20
13074,Customer_13074,Female,61,Vijayawada,Telangana,Southeast,Corporate,2023-02-08
13075,Customer_13075,Male,33,Jaipur,Madhya Pradesh,Central,Consumer,2023-11-22
13076,Customer_13076,Male,44,Mumbai,Assam,Northeast,Consumer,2022-06-12
13077,Customer_13077,Other,60,Kochi,Punjab,North,Home Office,2023-06-27
13078,Customer_13078,Female,35,Bhopal,Odisha,Southeast,Consumer,2024-08-01
13079,Customer_13079,Female,32,Kochi,Tamil Nadu,South,Consumer,2023-08-03
13080,Customer_13080,Female,20,Bhubaneswar,Maharashtra,West,Consumer,2025-05-18
13081,Customer_13081,Female,61,Mysuru,Rajasthan,West,Consumer,2025-09-27
13082,Customer_13082,Male,23,Bhubaneswar,Telangana,Southeast,Consumer,2024-06-17
13083,Customer_13083,Male,28,Ahmedabad,West Bengal,East,Corporate,2023-06-30
13084,Customer_13084,Female,24,Hyderabad,Karnataka,South,Consumer,2023-05-01
13085,Customer_13085,Female,51,Kolkata,Odisha,East,Corporate,2024-05-24
13086,Customer_13086,Female,35,Visakhapatnam,West Bengal,East,Corporate,2025-02-25
13087,Customer_13087,Female,51,Lucknow,Telangana,South,Consumer,2022-07-22
13088,Customer_13088,Male,47,Bhubaneswar,Andhra Pradesh,South,Consumer,2023-12-18
13089,Customer_13089,Male,18,Kochi,Telangana,South,Consumer,2023-12-06
13090,Customer_13090,Female,32,Jaipur,Gujarat,West,Corporate,2023-04-04
13091,Customer_13091,Male,18,Bhopal,Jharkhand,East,Consumer,2023-01-16
13092,Customer_13092,Female,21,Ahmedabad,Goa,West,Consumer,2025-09-07
13093,Customer_13093,Female,40,Bhopal,Tripura,Northeast,Consumer,2023-11-23
13094,Customer_13094,Male,30,Coimbatore,Andhra Pradesh,South,Consumer,2024-07-11
13095,Customer_13095,Female,22,Kochi,Karnataka,Southwest,Corporate,2022-03-03
13096,Customer_13096,Female,37,Kolkata,Odisha,Southeast,Consumer,2023-03-30
13097,Customer_13097,Female,39,Jaipur,Karnataka,South,Consumer,2022-12-24
13098,Customer_13098,Male,65,Delhi,West Bengal,East,Consumer,2023-06-10
13099,Customer_13099,Female,49,Delhi,Telangana,South,Corporate,2025-09-08
13100,Customer_13100,Male,36,Ahmedabad,Bihar,East,Corporate,2024-07-03
13101,Customer_13101,Female,40,Jaipur,Jharkhand,East,Consumer,2025-12-14
13102,Customer_13102,Male,22,Chennai,Karnataka,South,Consumer,2023-11-08
13103,Customer_13103,Female,36,Hyderabad,Uttar Pradesh,North,Corporate,2025-05-17
13104,Customer_13104,Female,45,Guwahati,Maharashtra,West,Consumer,2022-09-14
13105,Customer_13105,Female,19,Visakhapatnam,Tripura,Northeast,Consumer,2025-07-28
13106,Customer_13106,Female,62,Coimbatore,West Bengal,East,Consumer,2024-09-03
13107,Customer_13107,Male,42,Mysuru,Andhra Pradesh,Southeast,Consumer,2022-03-04
13108,Customer_13108,Female,55,Chennai,Jharkhand,East,Consumer,2025-01-07
13109,Customer_13109,Male,31,Mysuru,Goa,Southwest,Consumer,2024-02-06
13110,Customer_13110,Female,58,Lucknow,Karnataka,South,Consumer,2022-01-01
13111,Customer_13111,Male,35,Kochi,Madhya Pradesh,Central,Consumer,2025-09-17
13112,Customer_13112,Female,62,Visakhapatnam,Andhra Pradesh,Southeast,Consumer,2024-05-08
13113,Customer_13113,Male,43,Lucknow,Uttar Pradesh,North,Consumer,2024-08-28
13114,Customer_13114,Female,48,Pune,Maharashtra,Southwest,Consumer,2024-07-12
13115,Customer_13115,Female,27,Kolkata,Bihar,East,Consumer,2022-05-25
13116,Customer_13116,Male,65,Nagpur,Gujarat,West,Corporate,2023-06-16
13117,Customer_13117,Male,27,Delhi,Tripura,Northeast,Home Office,2025-01-27
13118,Customer_13118,Female,19,Lucknow,Assam,Northeast,Consumer,2023-06-26
13119,Customer_13119,Female,39,Mysuru,Uttar Pradesh,North,Consumer,2025-11-22
13120,Customer_13120,Male,58,Coimbatore,Telangana,Southeast,Consumer,2023-05-24
13121,Customer_13121,Male,62,Delhi,Madhya Pradesh,Central,Home Office,2024-01-06
13122,Customer_13122,Male,59,Bhubaneswar,Maharashtra,Southwest,Consumer,2023-12-14
13123,Customer_13123,Female,44,Bhubaneswar,Maharashtra,West,Consumer,2022-01-31
13124,Customer_13124,Female,62,Warangal,Madhya Pradesh,Central,Corporate,2025-07-23
13125,Customer_13125,Male,41,Chennai,Maharashtra,West,Consumer,2022-08-06
13126,Customer_13126,Female,40,Visakhapatnam,Maharashtra,Southwest,Consumer,2024-01-21
13127,Customer_13127,Female,26,Visakhapatnam,Odisha,Southeast,Consumer,2025-12-23
13128,Customer_13128,Female,55,Mumbai,Karnataka,Southwest,Corporate,2026-05-09
13129,Customer_13129,Male,33,Visakhapatnam,Chhattisgarh,Central,Corporate,2023-01-04
13130,Customer_13130,Male,27,Mumbai,Andhra Pradesh,Southeast,Consumer,2023-08-25
13131,Customer_13131,Male,35,Ahmedabad,Odisha,East,Corporate,2024-06-24
13132,Customer_13132,Male,46,Visakhapatnam,Gujarat,West,Consumer,2025-01-23
13133,Customer_13133,Male,30,Lucknow,Odisha,Southeast,Consumer,2023-02-05
13134,Customer_13134,Male,35,Vijayawada,Uttar Pradesh,North,Home Office,2024-05-28
13135,Customer_13135,Male,33,Lucknow,Manipur,Northeast,Corporate,2025-08-27
13136,Customer_13136,Female,46,Lucknow,Punjab,North,Home Office,2025-05-04
13137,Customer_13137,Male,52,Mumbai,Chhattisgarh,Central,Corporate,2025-08-08
13138,Customer_13138,Female,50,Visakhapatnam,Gujarat,West,Consumer,2025-11-22
13139,Customer_13139,Male,24,Lucknow,Rajasthan,West,Consumer,2025-10-10
13140,Customer_13140,Female,34,Coimbatore,Goa,West,Consumer,2024-03-29
13141,Customer_13141,Male,49,Pune,Goa,West,Consumer,2026-04-08
13142,Customer_13142,Female,28,Bhubaneswar,Maharashtra,West,Consumer,2024-03-02
13143,Customer_13143,Female,21,Mumbai,Goa,West,Consumer,2025-02-09
13144,Customer_13144,Male,33,Nagpur,Madhya Pradesh,Central,Consumer,2026-02-17
13145,Customer_13145,Female,50,Lucknow,Telangana,Southeast,Corporate,2022-03-11
13146,Customer_13146,Male,49,Kolkata,Madhya Pradesh,Central,Consumer,2026-02-02
13147,Customer_13147,Female,24,Mumbai,Meghalaya,Northeast,Consumer,2025-08-07
13148,Customer_13148,Male,50,Mysuru,Odisha,Southeast,Corporate,2026-05-15
13149,Customer_13149,Male,27,Warangal,Goa,Southwest,Consumer,2025-05-21
13150,Customer_13150,Male,53,Bhubaneswar,Delhi,North,Consumer,2022-09-08
13151,Customer_13151,Female,45,Bhubaneswar,Manipur,Northeast,Consumer,2023-04-29
13152,Customer_13152,Male,24,Bengaluru,Telangana,South,Corporate,2022-01-06
13153,Customer_13153,Female,34,Ahmedabad,Tamil Nadu,South,Home Office,2024-08-30
13154,Customer_13154,Male,57,Kolkata,Andhra Pradesh,Southeast,Consumer,2023-12-01
13155,Customer_13155,Male,38,Mysuru,Haryana,North,Consumer,2024-01-30
13156,Customer_13156,Male,51,Pune,Andhra Pradesh,Southeast,Consumer,2025-03-19
13157,Customer_13157,Female,53,Hyderabad,Odisha,Southeast,Consumer,2025-08-05
13158,Customer_13158,Female,19,Ahmedabad,Goa,Southwest,Corporate,2022-04-27
13159,Customer_13159,Male,62,Coimbatore,Manipur,Northeast,Corporate,2026-01-07
13160,Customer_13160,Female,34,Coimbatore,Odisha,Southeast,Corporate,2023-08-21
13161,Customer_13161,Male,56,Delhi,Haryana,North,Home Office,2025-04-18
13162,Customer_13162,Male,40,Vijayawada,Maharashtra,Southwest,Consumer,2024-07-19
13163,Customer_13163,Female,45,Nagpur,Karnataka,South,Home Office,2023-12-12
13164,Customer_13164,Male,35,Bhopal,Bihar,East,Corporate,2022-12-07
13165,Customer_13165,Male,58,Nagpur,Kerala,South,Consumer,2022-10-31
13166,Customer_13166,Female,23,Kolkata,Gujarat,West,Corporate,2025-03-15
13167,Customer_13167,Male,61,Guwahati,Manipur,Northeast,Corporate,2023-05-30
13168,Customer_13168,Female,27,Jaipur,Bihar,East,Home Office,2023-01-03
13169,Customer_13169,Female,60,Mysuru,Telangana,Southeast,Consumer,2022-01-10
13170,Customer_13170,Female,19,Guwahati,Chhattisgarh,Central,Consumer,2025-09-07
13171,Customer_13171,Female,18,Mumbai,Meghalaya,Northeast,Corporate,2023-09-25
13172,Customer_13172,Female,22,Nagpur,Goa,Southwest,Consumer,2023-07-12
13173,Customer_13173,Male,44,Kochi,Gujarat,West,Corporate,2023-08-18
13174,Customer_13174,Female,30,Bhopal,Odisha,East,Consumer,2024-08-15
13175,Customer_13175,Female,46,Coimbatore,Maharashtra,Southwest,Consumer,2024-02-11
13176,Customer_13176,Female,57,Pune,Chhattisgarh,Central,Consumer,2024-05-20
13177,Customer_13177,Male,19,Nagpur,Madhya Pradesh,Central,Corporate,2023-03-21
13178,Customer_13178,Female,43,Chennai,Odisha,East,Consumer,2023-04-20
13179,Customer_13179,Female,53,Bhubaneswar,Kerala,South,Corporate,2025-10-12
13180,Customer_13180,Male,38,Pune,Karnataka,South,Corporate,2023-12-04
13181,Customer_13181,Female,62,Bhopal,Telangana,South,Corporate,2026-04-06
13182,Customer_13182,Male,49,Visakhapatnam,Karnataka,South,Consumer,2025-09-15
13183,Customer_13183,Male,19,Pune,Assam,Northeast,Consumer,2025-02-12
13184,Customer_13184,Female,43,Pune,Rajasthan,North,Corporate,2024-05-27
13185,Customer_13185,Male,36,Kolkata,Tripura,Northeast,Consumer,2025-09-01
13186,Customer_13186,Male,24,Mysuru,Maharashtra,Southwest,Consumer,2022-03-30
13187,Customer_13187,Male,63,Bhopal,Odisha,Southeast,Home Office,2024-03-09
13188,Customer_13188,Male,28,Ahmedabad,Gujarat,West,Consumer,2025-02-14
13189,Customer_13189,Female,22,Kochi,Rajasthan,North,Consumer,2022-06-23
13190,Customer_13190,Female,28,Visakhapatnam,Andhra Pradesh,Southeast,Home Office,2022-10-19
13191,Customer_13191,Female,57,Mysuru,Delhi,North,Consumer,2022-04-15
13192,Customer_13192,Male,46,Delhi,Meghalaya,Northeast,Consumer,2024-02-17
13193,Customer_13193,Female,57,Mysuru,Tripura,Northeast,Consumer,2024-05-16
13194,Customer_13194,Female,40,Jaipur,Telangana,South,Corporate,2024-01-20
13195,Customer_13195,Female,23,Kolkata,Assam,Northeast,Home Office,2022-03-29
13196,Customer_13196,Male,36,Vijayawada,Andhra Pradesh,South,Corporate,2024-02-18
13197,Customer_13197,Male,27,Lucknow,Kerala,South,Home Office,2025-11-21
13198,Customer_13198,Female,44,Lucknow,Andhra Pradesh,Southeast,Consumer,2022-02-19
13199,Customer_13199,Female,30,Bhopal,Goa,Southwest,Consumer,2025-05-26
13200,Customer_13200,Male,64,Bengaluru,Bihar,East,Consumer,2023-03-12
13201,Customer_13201,Female,36,Mumbai,Karnataka,Southwest,Home Office,2022-04-30
13202,Customer_13202,Male,33,Bhubaneswar,Goa,Southwest,Home Office,2022-03-23
13203,Customer_13203,Male,65,Nagpur,Odisha,Southeast,Consumer,2022-01-21
13204,Customer_13204,Female,42,Chennai,Kerala,South,Corporate,2023-10-26
13205,Customer_13205,Female,26,Mysuru,West Bengal,East,Corporate,2024-03-07
13206,Customer_13206,Male,41,Delhi,Meghalaya,Northeast,Consumer,2024-09-21
13207,Customer_13207,Female,30,Nagpur,Goa,Southwest,Consumer,2022-05-10
13208,Customer_13208,Female,52,Nagpur,Andhra Pradesh,Southeast,Home Office,2024-11-12
13209,Customer_13209,Male,45,Kochi,Maharashtra,West,Consumer,2025-03-29
13210,Customer_13210,Female,53,Mumbai,Kerala,South,Consumer,2022-04-14
13211,Customer_13211,Female,63,Bhopal,Goa,Southwest,Home Office,2024-12-16
13212,Customer_13212,Female,52,Chennai,West Bengal,East,Consumer,2022-07-10
13213,Customer_13213,Other,34,Kolkata,Jharkhand,East,Consumer,2023-12-04
13214,Customer_13214,Female,27,Kochi,Goa,Southwest,Corporate,2024-11-24
13215,Customer_13215,Male,43,Bengaluru,Madhya Pradesh,Central,Consumer,2025-10-25
13216,Customer_13216,Male,39,Jaipur,Odisha,East,Consumer,2024-04-29
13217,Customer_13217,Female,33,Bhopal,Haryana,North,Consumer,2023-11-28
13218,Customer_13218,Other,56,Bengaluru,Goa,West,Corporate,2025-08-26
13219,Customer_13219,Male,61,Jaipur,Karnataka,Southwest,Consumer,2022-12-12
13220,Customer_13220,Male,36,Hyderabad,Rajasthan,West,Corporate,2022-11-25
13221,Customer_13221,Female,50,Ahmedabad,Tripura,Northeast,Home Office,2024-01-17
13222,Customer_13222,Male,65,Bengaluru,Bihar,East,Consumer,2022-07-12
13223,Customer_13223,Male,18,Delhi,Andhra Pradesh,Southeast,Home Office,2022-02-05
13224,Customer_13224,Female,35,Warangal,Andhra Pradesh,Southeast,Corporate,2023-08-03
13225,Customer_13225,Female,53,Pune,Madhya Pradesh,Central,Home Office,2022-09-02
13226,Customer_13226,Female,41,Pune,Odisha,Southeast,Consumer,2024-10-16
13227,Customer_13227,Female,56,Bhubaneswar,Madhya Pradesh,Central,Consumer,2024-05-27
13228,Customer_13228,Male,40,Bhopal,Gujarat,West,Corporate,2024-02-17
13229,Customer_13229,Female,21,Bengaluru,Assam,Northeast,Home Office,2024-03-05
13230,Customer_13230,Male,38,Guwahati,Odisha,Southeast,Home Office,2022-06-07
13231,Customer_13231,Male,37,Vijayawada,Odisha,Southeast,Consumer,2023-10-07
13232,Customer_13232,Female,58,Chennai,Andhra Pradesh,South,Consumer,2022-04-25
13233,Customer_13233,Female,25,Mysuru,Manipur,Northeast,Consumer,2023-07-22
13234,Customer_13234,Female,25,Kolkata,Rajasthan,North,Corporate,2024-12-20
13235,Customer_13235,Male,24,Kolkata,Chhattisgarh,Central,Corporate,2026-04-28
13236,Customer_13236,Female,45,Chennai,Chhattisgarh,Central,Corporate,2023-04-21
13237,Customer_13237,Female,65,Guwahati,West Bengal,East,Consumer,2023-02-27
13238,Customer_13238,Female,47,Delhi,Goa,Southwest,Home Office,2024-12-07
13239,Customer_13239,Female,57,Coimbatore,Karnataka,Southwest,Consumer,2026-01-08
13240,Customer_13240,Male,58,Pune,Punjab,North,Consumer,2023-04-17
13241,Customer_13241,Female,46,Guwahati,Tamil Nadu,South,Consumer,2025-09-02
13242,Customer_13242,Female,47,Bhopal,Karnataka,South,Consumer,2023-05-19
13243,Customer_13243,Female,29,Warangal,Karnataka,Southwest,Corporate,2024-10-19
13244,Customer_13244,Female,64,Kolkata,Chhattisgarh,Central,Consumer,2022-12-02
13245,Customer_13245,Female,55,Ahmedabad,Assam,Northeast,Consumer,2023-02-24
13246,Customer_13246,Male,59,Vijayawada,Odisha,Southeast,Consumer,2026-04-23
13247,Customer_13247,Male,65,Mysuru,Odisha,Southeast,Consumer,2023-09-15
13248,Customer_13248,Female,34,Ahmedabad,Haryana,North,Corporate,2022-01-26
13249,Customer_13249,Female,24,Hyderabad,Kerala,South,Consumer,2025-05-20
13250,Customer_13250,Female,59,Bhubaneswar,Maharashtra,West,Consumer,2022-07-23
13251,Customer_13251,Male,40,Mumbai,Odisha,East,Consumer,2022-06-27
13252,Customer_13252,Male,64,Kolkata,Tripura,Northeast,Corporate,2025-08-31
13253,Customer_13253,Female,51,Visakhapatnam,Andhra Pradesh,South,Consumer,2023-07-12
13254,Customer_13254,Female,30,Pune,West Bengal,East,Consumer,2022-08-10
13255,Customer_13255,Male,35,Mysuru,Andhra Pradesh,South,Consumer,2026-04-11
13256,Customer_13256,Female,47,Nagpur,Karnataka,South,Consumer,2023-03-26
13257,Customer_13257,Male,36,Mumbai,Tamil Nadu,South,Consumer,2024-10-09
13258,Customer_13258,Male,31,Kolkata,Kerala,South,Consumer,2023-02-25
13259,Customer_13259,Male,28,Jaipur,Madhya Pradesh,Central,Corporate,2024-07-18
13260,Customer_13260,Male,49,Ahmedabad,Goa,West,Consumer,2025-01-20
13261,Customer_13261,Male,19,Coimbatore,Goa,West,Consumer,2025-04-27
13262,Customer_13262,Female,22,Ahmedabad,Gujarat,West,Home Office,2023-10-20
13263,Customer_13263,Female,20,Hyderabad,Assam,Northeast,Consumer,2024-09-12
13264,Customer_13264,Female,53,Warangal,Andhra Pradesh,Southeast,Consumer,2025-09-06
13265,Customer_13265,Male,19,Pune,Chhattisgarh,Central,Consumer,2025-09-06
13266,Customer_13266,Male,38,Pune,Meghalaya,Northeast,Consumer,2025-04-10
13267,Customer_13267,Male,23,Bhopal,Assam,Northeast,Consumer,2023-10-02
13268,Customer_13268,Female,46,Chennai,Manipur,Northeast,Home Office,2024-04-29
13269,Customer_13269,Male,19,Hyderabad,Telangana,South,Consumer,2026-03-29
13270,Customer_13270,Female,19,Vijayawada,Maharashtra,Southwest,Corporate,2023-02-03
13271,Customer_13271,Female,37,Lucknow,Telangana,South,Home Office,2025-01-13
13272,Customer_13272,Female,51,Warangal,Maharashtra,West,Consumer,2025-06-21
13273,Customer_13273,Male,23,Mumbai,Assam,Northeast,Corporate,2024-02-09
13274,Customer_13274,Female,41,Bhopal,Gujarat,West,Consumer,2025-10-17
13275,Customer_13275,Male,56,Jaipur,Andhra Pradesh,South,Consumer,2023-11-17
13276,Customer_13276,Male,48,Lucknow,Maharashtra,Southwest,Corporate,2025-08-31
13277,Customer_13277,Female,54,Pune,Rajasthan,North,Consumer,2024-10-27
13278,Customer_13278,Female,33,Mysuru,Karnataka,South,Home Office,2022-03-24
13279,Customer_13279,Female,63,Delhi,Goa,Southwest,Consumer,2025-08-10
13280,Customer_13280,Male,24,Nagpur,Assam,Northeast,Consumer,2025-01-21
13281,Customer_13281,Other,47,Jaipur,Uttar Pradesh,North,Consumer,2022-12-22
13282,Customer_13282,Other,38,Lucknow,Telangana,Southeast,Consumer,2025-01-31
13283,Customer_13283,Male,19,Warangal,Karnataka,Southwest,Consumer,2024-03-29
13284,Customer_13284,Female,63,Bengaluru,Delhi,North,Consumer,2026-02-17
13285,Customer_13285,Male,51,Bengaluru,Maharashtra,West,Consumer,2023-05-03
13286,Customer_13286,Female,28,Visakhapatnam,Maharashtra,West,Consumer,2023-02-26
13287,Customer_13287,Female,20,Mumbai,Andhra Pradesh,South,Home Office,2022-04-04
13288,Customer_13288,Female,50,Kochi,Tamil Nadu,South,Consumer,2025-06-12
13289,Customer_13289,Female,44,Chennai,Andhra Pradesh,South,Consumer,2026-04-26
13290,Customer_13290,Male,20,Coimbatore,Telangana,South,Corporate,2025-01-07
13291,Customer_13291,Female,65,Pune,Goa,West,Corporate,2023-08-14
13292,Customer_13292,Female,52,Mumbai,Maharashtra,West,Home Office,2025-11-06
13293,Customer_13293,Male,40,Jaipur,Telangana,South,Home Office,2023-02-10
13294,Customer_13294,Male,29,Coimbatore,Jharkhand,East,Consumer,2025-01-14
13295,Customer_13295,Female,31,Jaipur,Telangana,South,Consumer,2024-08-13
13296,Customer_13296,Female,39,Kolkata,Odisha,Southeast,Corporate,2025-09-25
13297,Customer_13297,Female,20,Kolkata,Kerala,South,Consumer,2026-04-04
13298,Customer_13298,Female,35,Kolkata,Karnataka,Southwest,Corporate,2023-07-30
13299,Customer_13299,Female,28,Visakhapatnam,Chhattisgarh,Central,Consumer,2022-06-02
13300,Customer_13300,Male,23,Bhubaneswar,Andhra Pradesh,Southeast,Home Office,2022-09-10
13301,Customer_13301,Male,24,Coimbatore,Assam,Northeast,Corporate,2025-03-28
13302,Customer_13302,Female,34,Visakhapatnam,Jharkhand,East,Consumer,2023-08-05
13303,Customer_13303,Female,36,Lucknow,Chhattisgarh,Central,Consumer,2022-08-12
13304,Customer_13304,Female,34,Warangal,Odisha,East,Home Office,2025-07-28
13305,Customer_13305,Female,51,Mysuru,Haryana,North,Corporate,2024-11-04
13306,Customer_13306,Female,43,Coimbatore,Odisha,East,Corporate,2022-07-30
13307,Customer_13307,Female,27,Pune,Odisha,East,Corporate,2025-02-15
13308,Customer_13308,Female,64,Coimbatore,Karnataka,South,Consumer,2024-10-17
13309,Customer_13309,Male,53,Bhopal,Haryana,North,Consumer,2026-04-25
13310,Customer_13310,Female,40,Pune,Karnataka,Southwest,Consumer,2026-04-30
13311,Customer_13311,Female,20,Pune,Madhya Pradesh,Central,Corporate,2026-04-10
13312,Customer_13312,Male,61,Coimbatore,Maharashtra,West,Corporate,2025-12-03
13313,Customer_13313,Female,53,Guwahati,Goa,Southwest,Consumer,2025-06-23
13314,Customer_13314,Female,40,Kolkata,Kerala,South,Home Office,2024-12-09
13315,Customer_13315,Female,25,Warangal,Gujarat,West,Consumer,2024-05-21
13316,Customer_13316,Female,23,Ahmedabad,Telangana,Southeast,Corporate,2025-06-22
13317,Customer_13317,Male,31,Ahmedabad,Tripura,Northeast,Consumer,2026-03-26
13318,Customer_13318,Male,29,Chennai,Rajasthan,West,Consumer,2022-07-06
13319,Customer_13319,Male,28,Jaipur,Jharkhand,East,Consumer,2022-08-07
13320,Customer_13320,Male,37,Nagpur,Uttar Pradesh,North,Corporate,2024-03-09
13321,Customer_13321,Female,20,Guwahati,Rajasthan,North,Corporate,2023-04-15
13322,Customer_13322,Female,33,Bhopal,Telangana,South,Consumer,2024-05-01
13323,Customer_13323,Female,59,Hyderabad,Odisha,Southeast,Consumer,2023-05-13
13324,Customer_13324,Male,59,Visakhapatnam,Tripura,Northeast,Consumer,2025-06-06
13325,Customer_13325,Male,18,Bengaluru,Rajasthan,West,Consumer,2025-12-08
13326,Customer_13326,Male,50,Kolkata,Odisha,Southeast,Consumer,2023-03-29
13327,Customer_13327,Female,65,Guwahati,Tamil Nadu,South,Consumer,2025-05-20
13328,Customer_13328,Male,45,Jaipur,Andhra Pradesh,South,Home Office,2022-06-20
13329,Customer_13329,Female,36,Mumbai,Gujarat,West,Corporate,2025-06-28
13330,Customer_13330,Female,41,Lucknow,Goa,Southwest,Consumer,2025-01-21
13331,Customer_13331,Female,28,Bhopal,Madhya Pradesh,Central,Corporate,2025-02-10
13332,Customer_13332,Male,37,Ahmedabad,Andhra Pradesh,Southeast,Consumer,2024-02-28
13333,Customer_13333,Male,62,Bhubaneswar,Karnataka,South,Home Office,2022-06-21
13334,Customer_13334,Female,47,Lucknow,Andhra Pradesh,Southeast,Consumer,2025-09-09
13335,Customer_13335,Female,38,Kochi,Uttar Pradesh,North,Consumer,2022-06-25
13336,Customer_13336,Male,23,Guwahati,Tamil Nadu,South,Corporate,2024-02-10
13337,Customer_13337,Female,61,Kolkata,Chhattisgarh,Central,Consumer,2022-10-06
13338,Customer_13338,Female,25,Vijayawada,Uttar Pradesh,North,Home Office,2025-09-16
13339,Customer_13339,Male,52,Coimbatore,Telangana,Southeast,Home Office,2024-07-07
13340,Customer_13340,Male,32,Ahmedabad,Andhra Pradesh,Southeast,Corporate,2024-03-23
13341,Customer_13341,Male,31,Vijayawada,Chhattisgarh,Central,Consumer,2023-05-23
13342,Customer_13342,Male,26,Visakhapatnam,Bihar,East,Consumer,2025-06-06
13343,Customer_13343,Male,36,Mumbai,Punjab,North,Consumer,2022-12-03
13344,Customer_13344,Female,50,Kochi,Madhya Pradesh,Central,Consumer,2025-02-27
13345,Customer_13345,Male,37,Chennai,Chhattisgarh,Central,Home Office,2026-03-31
13346,Customer_13346,Female,19,Vijayawada,Telangana,Southeast,Consumer,2023-03-02
13347,Customer_13347,Female,30,Visakhapatnam,Madhya Pradesh,Central,Consumer,2025-01-02
13348,Customer_13348,Male,25,Bhopal,Telangana,South,Consumer,2023-05-11
13349,Customer_13349,Male,37,Vijayawada,Haryana,North,Home Office,2026-01-27
13350,Customer_13350,Female,61,Hyderabad,Odisha,Southeast,Home Office,2025-12-09
13351,Customer_13351,Other,64,Warangal,Tamil Nadu,South,Consumer,2023-05-18
13352,Customer_13352,Female,65,Pune,Goa,Southwest,Consumer,2023-01-05
13353,Customer_13353,Male,23,Jaipur,Haryana,North,Corporate,2022-05-13
13354,Customer_13354,Male,41,Delhi,Meghalaya,Northeast,Consumer,2025-01-21
13355,Customer_13355,Male,20,Mumbai,Maharashtra,Southwest,Home Office,2026-01-11
13356,Customer_13356,Female,41,Mysuru,Maharashtra,West,Home Office,2022-08-21
13357,Customer_13357,Female,45,Delhi,Punjab,North,Corporate,2025-07-29
13358,Customer_13358,Female,55,Warangal,Goa,Southwest,Consumer,2025-04-23
13359,Customer_13359,Female,34,Bhubaneswar,Andhra Pradesh,South,Corporate,2024-01-26
13360,Customer_13360,Male,19,Jaipur,Chhattisgarh,Central,Home Office,2022-12-24
13361,Customer_13361,Female,39,Mysuru,Goa,Southwest,Consumer,2024-11-10
13362,Customer_13362,Male,38,Visakhapatnam,Assam,Northeast,Home Office,2024-08-08
13363,Customer_13363,Female,47,Mysuru,Punjab,North,Consumer,2025-07-22
13364,Customer_13364,Female,22,Vijayawada,Telangana,Southeast,Home Office,2024-06-21
13365,Customer_13365,Female,47,Hyderabad,Tamil Nadu,South,Corporate,2022-03-20
13366,Customer_13366,Male,37,Guwahati,Tripura,Northeast,Consumer,2022-11-22
13367,Customer_13367,Female,53,Guwahati,Madhya Pradesh,Central,Consumer,2023-09-01
13368,Customer_13368,Female,65,Nagpur,Odisha,East,Consumer,2024-02-26
13369,Customer_13369,Male,28,Chennai,Gujarat,West,Consumer,2023-07-14
13370,Customer_13370,Male,54,Bhubaneswar,Uttar Pradesh,North,Home Office,2025-11-07
13371,Customer_13371,Female,24,Kolkata,Karnataka,Southwest,Consumer,2023-03-26
13372,Customer_13372,Male,65,Bhubaneswar,Karnataka,South,Home Office,2024-12-24
13373,Customer_13373,Male,41,Nagpur,West Bengal,East,Consumer,2023-08-02
13374,Customer_13374,Male,53,Mumbai,Chhattisgarh,Central,Corporate,2026-05-08
13375,Customer_13375,Male,55,Jaipur,Meghalaya,Northeast,Home Office,2026-01-05
13376,Customer_13376,Male,47,Delhi,Madhya Pradesh,Central,Corporate,2025-06-09
13377,Customer_13377,Female,36,Kolkata,Chhattisgarh,Central,Home Office,2025-05-08
13378,Customer_13378,Male,54,Coimbatore,Chhattisgarh,Central,Home Office,2024-10-26
13379,Customer_13379,Female,40,Visakhapatnam,Odisha,Southeast,Corporate,2024-07-28
13380,Customer_13380,Male,49,Ahmedabad,Rajasthan,West,Corporate,2024-06-20
13381,Customer_13381,Male,47,Ahmedabad,Odisha,Southeast,Consumer,2022-02-13
13382,Customer_13382,Male,40,Pune,Odisha,Southeast,Consumer,2026-02-08
13383,Customer_13383,Female,23,Hyderabad,Maharashtra,Southwest,Consumer,2026-04-20
13384,Customer_13384,Female,32,Lucknow,Maharashtra,Southwest,Corporate,2024-04-23
13385,Customer_13385,Male,63,Mumbai,Telangana,Southeast,Corporate,2025-10-24
13386,Customer_13386,Male,42,Mumbai,Andhra Pradesh,South,Consumer,2023-10-07
13387,Customer_13387,Male,48,Kochi,Odisha,Southeast,Home Office,2022-06-29
13388,Customer_13388,Male,30,Delhi,Manipur,Northeast,Consumer,2025-08-28
13389,Customer_13389,Female,51,Mumbai,West Bengal,East,Home Office,2024-03-26
13390,Customer_13390,Male,41,Kolkata,Tripura,Northeast,Consumer,2026-02-13
13391,Customer_13391,Female,28,Warangal,Odisha,East,Consumer,2022-12-08
13392,Customer_13392,Female,25,Bhubaneswar,Madhya Pradesh,Central,Corporate,2024-02-06
13393,Customer_13393,Female,36,Nagpur,Andhra Pradesh,Southeast,Consumer,2024-12-03
13394,Customer_13394,Female,45,Lucknow,Andhra Pradesh,South,Corporate,2022-08-08
13395,Customer_13395,Male,31,Guwahati,Bihar,East,Corporate,2026-05-14
13396,Customer_13396,Female,29,Warangal,Odisha,Southeast,Corporate,2024-08-31
13397,Customer_13397,Male,30,Visakhapatnam,Maharashtra,West,Consumer,2022-10-02
13398,Customer_13398,Female,32,Bhubaneswar,Maharashtra,Southwest,Consumer,2025-03-31
13399,Customer_13399,Female,53,Kolkata,Uttar Pradesh,North,Consumer,2025-11-06
13400,Customer_13400,Male,41,Bhubaneswar,Meghalaya,Northeast,Consumer,2023-08-21
13401,Customer_13401,Female,40,Nagpur,Odisha,Southeast,Consumer,2024-09-02
13402,Customer_13402,Male,25,Jaipur,Goa,Southwest,Consumer,2025-04-11
13403,Customer_13403,Male,44,Kochi,Karnataka,South,Corporate,2022-08-21
13404,Customer_13404,Female,64,Bhopal,Maharashtra,Southwest,Home Office,2024-04-29
13405,Customer_13405,Male,53,Bhopal,Goa,West,Corporate,2024-06-13
13406,Customer_13406,Female,39,Pune,Jharkhand,East,Consumer,2023-04-28
13407,Customer_13407,Female,32,Nagpur,West Bengal,East,Consumer,2023-04-25
13408,Customer_13408,Female,34,Warangal,Tripura,Northeast,Consumer,2024-10-04
13409,Customer_13409,Male,19,Hyderabad,Tripura,Northeast,Consumer,2025-04-17
13410,Customer_13410,Male,19,Chennai,Goa,West,Consumer,2023-09-15
13411,Customer_13411,Female,55,Lucknow,Punjab,North,Home Office,2022-08-23
13412,Customer_13412,Male,58,Visakhapatnam,Maharashtra,Southwest,Corporate,2025-06-12
13413,Customer_13413,Female,64,Chennai,Tamil Nadu,South,Consumer,2022-10-05
13414,Customer_13414,Male,48,Warangal,Rajasthan,North,Corporate,2022-01-05
13415,Customer_13415,Male,62,Coimbatore,Chhattisgarh,Central,Home Office,2023-05-31
13416,Customer_13416,Female,37,Bengaluru,Gujarat,West,Consumer,2025-08-02
13417,Customer_13417,Female,30,Jaipur,Chhattisgarh,Central,Corporate,2025-04-25
13418,Customer_13418,Female,29,Vijayawada,Maharashtra,Southwest,Consumer,2023-05-06
13419,Customer_13419,Female,29,Bhopal,Uttar Pradesh,North,Consumer,2024-04-11
13420,Customer_13420,Male,53,Ahmedabad,Odisha,East,Home Office,2026-03-16
13421,Customer_13421,Male,18,Bengaluru,Chhattisgarh,Central,Consumer,2025-02-24
13422,Customer_13422,Male,63,Kochi,Andhra Pradesh,Southeast,Corporate,2025-04-29
13423,Customer_13423,Female,55,Mysuru,Chhattisgarh,Central,Consumer,2022-05-21
13424,Customer_13424,Male,36,Bengaluru,Gujarat,West,Consumer,2023-01-21
13425,Customer_13425,Female,51,Nagpur,Madhya Pradesh,Central,Corporate,2022-06-16
13426,Customer_13426,Male,24,Bengaluru,Goa,Southwest,Home Office,2026-04-16
13427,Customer_13427,Female,38,Kochi,Maharashtra,West,Corporate,2023-07-02
13428,Customer_13428,Female,23,Jaipur,Goa,Southwest,Corporate,2024-03-10
13429,Customer_13429,Female,23,Lucknow,Telangana,Southeast,Consumer,2024-06-01
13430,Customer_13430,Male,18,Bhubaneswar,Jharkhand,East,Consumer,2024-04-16
13431,Customer_13431,Other,56,Guwahati,Kerala,South,Corporate,2022-03-25
13432,Customer_13432,Male,53,Guwahati,Odisha,Southeast,Consumer,2025-12-26
13433,Customer_13433,Male,60,Bhubaneswar,Andhra Pradesh,South,Consumer,2023-09-01
13434,Customer_13434,Male,65,Kolkata,Bihar,East,Home Office,2026-01-09
13435,Customer_13435,Male,64,Vijayawada,Kerala,South,Consumer,2025-05-09
13436,Customer_13436,Female,65,Lucknow,Madhya Pradesh,Central,Consumer,2025-01-20
13437,Customer_13437,Male,18,Mumbai,West Bengal,East,Home Office,2025-01-29
13438,Customer_13438,Male,55,Coimbatore,Manipur,Northeast,Consumer,2026-04-15
13439,Customer_13439,Female,52,Warangal,Maharashtra,Southwest,Corporate,2023-05-01
13440,Customer_13440,Female,25,Nagpur,Andhra Pradesh,Southeast,Consumer,2023-06-11
13441,Customer_13441,Female,24,Hyderabad,Goa,Southwest,Consumer,2024-12-09
13442,Customer_13442,Female,64,Bengaluru,Delhi,North,Corporate,2023-01-07
13443,Customer_13443,Male,60,Hyderabad,Gujarat,West,Consumer,2025-07-10
13444,Customer_13444,Female,33,Warangal,Karnataka,South,Corporate,2022-02-16
13445,Customer_13445,Male,21,Coimbatore,Karnataka,Southwest,Consumer,2025-12-06
13446,Customer_13446,Male,34,Coimbatore,Meghalaya,Northeast,Consumer,2023-07-09
13447,Customer_13447,Male,18,Pune,West Bengal,East,Consumer,2022-01-08
13448,Customer_13448,Female,50,Kolkata,Chhattisgarh,Central,Consumer,2024-08-22
13449,Customer_13449,Male,36,Visakhapatnam,Chhattisgarh,Central,Consumer,2023-03-17
13450,Customer_13450,Female,20,Hyderabad,Maharashtra,West,Corporate,2023-05-04
13451,Customer_13451,Male,65,Bhopal,Goa,West,Consumer,2024-02-10
13452,Customer_13452,Male,57,Bengaluru,Punjab,North,Consumer,2024-07-16
13453,Customer_13453,Male,61,Ahmedabad,Gujarat,West,Consumer,2022-08-06
13454,Customer_13454,Male,65,Vijayawada,West Bengal,East,Consumer,2022-03-19
13455,Customer_13455,Male,18,Nagpur,Andhra Pradesh,Southeast,Consumer,2024-01-09
13456,Customer_13456,Female,55,Ahmedabad,Andhra Pradesh,Southeast,Home Office,2023-07-21
13457,Customer_13457,Female,55,Vijayawada,Odisha,Southeast,Corporate,2024-07-20
13458,Customer_13458,Male,55,Lucknow,Delhi,North,Corporate,2025-04-11
13459,Customer_13459,Female,30,Chennai,Odisha,Southeast,Consumer,2024-09-10
13460,Customer_13460,Male,36,Mumbai,Rajasthan,West,Consumer,2022-06-16
13461,Customer_13461,Male,62,Vijayawada,Rajasthan,West,Corporate,2026-05-14
13462,Customer_13462,Male,21,Guwahati,Goa,Southwest,Consumer,2025-02-17
13463,Customer_13463,Male,48,Bhubaneswar,Andhra Pradesh,Southeast,Corporate,2022-03-20
13464,Customer_13464,Male,56,Jaipur,Punjab,North,Home Office,2025-05-06
13465,Customer_13465,Female,56,Delhi,Jharkhand,East,Consumer,2025-11-09
13466,Customer_13466,Male,46,Nagpur,Manipur,Northeast,Corporate,2024-06-29
13467,Customer_13467,Female,54,Coimbatore,Chhattisgarh,Central,Consumer,2025-08-24
13468,Customer_13468,Male,61,Chennai,Bihar,East,Consumer,2025-11-18
13469,Customer_13469,Female,54,Pune,Chhattisgarh,Central,Consumer,2026-03-23
13470,Customer_13470,Female,23,Bhubaneswar,Odisha,Southeast,Consumer,2026-03-08
13471,Customer_13471,Male,29,Guwahati,Tamil Nadu,South,Consumer,2022-11-07
13472,Customer_13472,Male,32,Mysuru,Meghalaya,Northeast,Corporate,2022-02-25
13473,Customer_13473,Female,34,Hyderabad,Meghalaya,Northeast,Corporate,2024-11-08
13474,Customer_13474,Other,35,Bhubaneswar,Karnataka,Southwest,Consumer,2024-12-22
13475,Customer_13475,Female,28,Chennai,West Bengal,East,Consumer,2024-06-29
13476,Customer_13476,Male,50,Bhubaneswar,Telangana,South,Corporate,2023-01-15
13477,Customer_13477,Female,23,Guwahati,Chhattisgarh,Central,Consumer,2026-02-27
13478,Customer_13478,Male,55,Jaipur,Madhya Pradesh,Central,Home Office,2023-10-16
13479,Customer_13479,Male,49,Mumbai,Goa,West,Consumer,2025-04-01
13480,Customer_13480,Female,64,Lucknow,Andhra Pradesh,Southeast,Home Office,2024-09-24
13481,Customer_13481,Female,18,Bengaluru,Odisha,Southeast,Consumer,2025-12-03
13482,Customer_13482,Female,32,Coimbatore,Telangana,South,Consumer,2025-02-13
13483,Customer_13483,Female,61,Kolkata,Andhra Pradesh,Southeast,Corporate,2024-10-12
13484,Customer_13484,Male,41,Visakhapatnam,Andhra Pradesh,South,Consumer,2025-09-06
13485,Customer_13485,Female,44,Bhubaneswar,Rajasthan,West,Consumer,2022-03-28
13486,Customer_13486,Male,19,Nagpur,Punjab,North,Consumer,2025-02-02
13487,Customer_13487,Male,54,Visakhapatnam,West Bengal,East,Corporate,2024-07-26
13488,Customer_13488,Male,30,Delhi,Goa,Southwest,Consumer,2025-05-28
13489,Customer_13489,Female,64,Bhubaneswar,Maharashtra,West,Consumer,2022-12-25
13490,Customer_13490,Male,35,Visakhapatnam,Tripura,Northeast,Consumer,2024-08-16
13491,Customer_13491,Male,27,Mumbai,Uttar Pradesh,North,Consumer,2023-03-31
13492,Customer_13492,Female,46,Mysuru,Manipur,Northeast,Home Office,2022-07-07
13493,Customer_13493,Female,40,Nagpur,West Bengal,East,Consumer,2024-07-09
13494,Customer_13494,Female,40,Delhi,Manipur,Northeast,Consumer,2022-02-04
13495,Customer_13495,Female,63,Mumbai,Goa,Southwest,Consumer,2022-05-30
13496,Customer_13496,Male,35,Mumbai,Madhya Pradesh,Central,Consumer,2024-04-27
13497,Customer_13497,Female,37,Coimbatore,Uttar Pradesh,North,Home Office,2025-12-08
13498,Customer_13498,Female,47,Kolkata,Rajasthan,West,Consumer,2025-02-18
13499,Customer_13499,Female,26,Kochi,Punjab,North,Corporate,2022-01-25
13500,Customer_13500,Female,57,Bhopal,Maharashtra,West,Consumer,2022-06-24
13501,Customer_13501,Male,29,Hyderabad,Delhi,North,Corporate,2023-11-21
13502,Customer_13502,Male,29,Guwahati,Tripura,Northeast,Consumer,2023-11-18
13503,Customer_13503,Female,18,Hyderabad,Odisha,East,Consumer,2022-03-05
13504,Customer_13504,Male,34,Chennai,Andhra Pradesh,South,Consumer,2023-02-14
13505,Customer_13505,Male,45,Lucknow,Rajasthan,North,Consumer,2022-07-23
13506,Customer_13506,Male,51,Kochi,Goa,Southwest,Home Office,2024-06-26
13507,Customer_13507,Female,61,Nagpur,Telangana,Southeast,Corporate,2024-11-19
13508,Customer_13508,Female,55,Coimbatore,Telangana,Southeast,Consumer,2023-09-17
13509,Customer_13509,Female,33,Visakhapatnam,Uttar Pradesh,North,Consumer,2024-07-03
13510,Customer_13510,Female,57,Ahmedabad,Bihar,East,Corporate,2022-11-19
13511,Customer_13511,Female,27,Bhopal,Goa,Southwest,Consumer,2025-09-24
13512,Customer_13512,Female,28,Ahmedabad,Chhattisgarh,Central,Consumer,2022-01-08
13513,Customer_13513,Male,35,Jaipur,Karnataka,South,Corporate,2024-03-18
13514,Customer_13514,Female,43,Nagpur,Andhra Pradesh,South,Consumer,2023-05-30
13515,Customer_13515,Male,27,Kolkata,West Bengal,East,Consumer,2023-12-23
13516,Customer_13516,Male,61,Kolkata,Maharashtra,Southwest,Consumer,2024-04-05
13517,Customer_13517,Male,30,Delhi,Tamil Nadu,South,Consumer,2024-10-30
13518,Customer_13518,Female,36,Delhi,Goa,Southwest,Corporate,2026-01-26
13519,Customer_13519,Female,47,Pune,Manipur,Northeast,Corporate,2024-06-16
13520,Customer_13520,Female,38,Coimbatore,Maharashtra,Southwest,Home Office,2022-12-30
13521,Customer_13521,Other,37,Lucknow,Odisha,Southeast,Consumer,2024-04-18
13522,Customer_13522,Female,65,Visakhapatnam,Bihar,East,Corporate,2024-03-30
13523,Customer_13523,Male,38,Mysuru,Odisha,Southeast,Home Office,2025-10-15
13524,Customer_13524,Female,23,Vijayawada,Tamil Nadu,South,Corporate,2024-06-25
13525,Customer_13525,Female,53,Vijayawada,West Bengal,East,Home Office,2025-10-20
13526,Customer_13526,Female,51,Bengaluru,Karnataka,South,Home Office,2024-11-04
13527,Customer_13527,Male,28,Mysuru,Kerala,South,Corporate,2024-07-03
13528,Customer_13528,Male,58,Chennai,Rajasthan,North,Home Office,2023-06-10
13529,Customer_13529,Female,36,Mumbai,Andhra Pradesh,South,Corporate,2023-02-14
13530,Customer_13530,Male,25,Mysuru,Delhi,North,Consumer,2022-06-09
13531,Customer_13531,Male,26,Warangal,Maharashtra,West,Home Office,2024-05-27
13532,Customer_13532,Male,52,Bengaluru,Punjab,North,Corporate,2026-01-14
13533,Customer_13533,Male,28,Visakhapatnam,Punjab,North,Consumer,2022-01-21
13534,Customer_13534,Male,40,Coimbatore,Goa,Southwest,Consumer,2026-03-05
13535,Customer_13535,Other,53,Hyderabad,Haryana,North,Consumer,2025-10-07
13536,Customer_13536,Female,58,Bhopal,Delhi,North,Home Office,2023-12-03
13537,Customer_13537,Female,41,Ahmedabad,Rajasthan,North,Consumer,2023-05-17
13538,Customer_13538,Male,61,Hyderabad,Telangana,South,Consumer,2024-07-17
13539,Customer_13539,Male,32,Kochi,Chhattisgarh,Central,Consumer,2025-09-30
13540,Customer_13540,Male,59,Pune,Andhra Pradesh,Southeast,Consumer,2022-02-16
13541,Customer_13541,Male,30,Lucknow,Manipur,Northeast,Home Office,2023-12-20
13542,Customer_13542,Male,21,Jaipur,Chhattisgarh,Central,Consumer,2022-03-17
13543,Customer_13543,Female,52,Pune,Haryana,North,Consumer,2024-10-27
13544,Customer_13544,Other,54,Warangal,Odisha,Southeast,Consumer,2022-05-03
13545,Customer_13545,Female,62,Visakhapatnam,Uttar Pradesh,North,Corporate,2023-05-22
13546,Customer_13546,Male,62,Kolkata,Manipur,Northeast,Corporate,2025-03-27
13547,Customer_13547,Male,22,Guwahati,Gujarat,West,Consumer,2025-04-18
13548,Customer_13548,Male,47,Kochi,Karnataka,Southwest,Consumer,2022-12-30
13549,Customer_13549,Male,51,Vijayawada,Jharkhand,East,Home Office,2024-03-31
13550,Customer_13550,Female,46,Pune,Tripura,Northeast,Corporate,2022-10-23
13551,Customer_13551,Male,18,Coimbatore,Gujarat,West,Corporate,2024-08-04
13552,Customer_13552,Female,20,Hyderabad,Chhattisgarh,Central,Consumer,2022-01-14
13553,Customer_13553,Female,50,Guwahati,Maharashtra,Southwest,Home Office,2025-07-26
13554,Customer_13554,Male,59,Hyderabad,Tripura,Northeast,Corporate,2022-02-06
13555,Customer_13555,Male,26,Ahmedabad,Rajasthan,West,Consumer,2024-08-31
13556,Customer_13556,Male,20,Kolkata,Rajasthan,West,Home Office,2023-10-11
13557,Customer_13557,Male,37,Lucknow,Tripura,Northeast,Home Office,2022-12-24
13558,Customer_13558,Female,33,Jaipur,Odisha,East,Corporate,2024-05-16
13559,Customer_13559,Female,65,Hyderabad,Karnataka,South,Corporate,2022-08-15
13560,Customer_13560,Female,62,Mysuru,Maharashtra,West,Consumer,2024-07-15
13561,Customer_13561,Female,44,Bhopal,Punjab,North,Consumer,2024-10-28
13562,Customer_13562,Male,63,Hyderabad,Telangana,South,Consumer,2024-01-03
13563,Customer_13563,Male,28,Hyderabad,Maharashtra,West,Consumer,2023-08-02
13564,Customer_13564,Male,65,Warangal,Telangana,Southeast,Consumer,2024-01-06
13565,Customer_13565,Male,39,Nagpur,Andhra Pradesh,Southeast,Consumer,2026-03-11
13566,Customer_13566,Female,40,Coimbatore,Jharkhand,East,Home Office,2025-04-20
13567,Customer_13567,Male,20,Hyderabad,Gujarat,West,Consumer,2022-01-10
13568,Customer_13568,Male,26,Ahmedabad,Kerala,South,Corporate,2023-04-09
13569,Customer_13569,Male,27,Visakhapatnam,Odisha,Southeast,Consumer,2022-02-09
13570,Customer_13570,Male,41,Kochi,Tamil Nadu,South,Consumer,2023-01-16
13571,Customer_13571,Female,27,Jaipur,Telangana,Southeast,Consumer,2025-05-30
13572,Customer_13572,Male,22,Hyderabad,Andhra Pradesh,Southeast,Consumer,2025-09-28
13573,Customer_13573,Male,47,Hyderabad,Manipur,Northeast,Consumer,2024-01-02
13574,Customer_13574,Male,59,Kochi,Odisha,East,Consumer,2025-01-07
13575,Customer_13575,Female,21,Kochi,Karnataka,Southwest,Corporate,2023-08-16
13576,Customer_13576,Female,44,Kolkata,Tripura,Northeast,Consumer,2024-02-02
13577,Customer_13577,Female,64,Bengaluru,Assam,Northeast,Consumer,2025-08-19
13578,Customer_13578,Male,37,Bhopal,Andhra Pradesh,Southeast,Consumer,2023-03-17
13579,Customer_13579,Male,26,Mumbai,Goa,Southwest,Consumer,2023-05-25
13580,Customer_13580,Female,21,Mumbai,Delhi,North,Consumer,2022-08-07
13581,Customer_13581,Male,62,Vijayawada,Goa,Southwest,Consumer,2022-12-16
13582,Customer_13582,Male,37,Lucknow,Telangana,Southeast,Corporate,2022-03-01
13583,Customer_13583,Female,23,Nagpur,Kerala,South,Corporate,2025-07-29
13584,Customer_13584,Male,59,Kochi,Odisha,East,Home Office,2025-09-25
13585,Customer_13585,Male,56,Nagpur,Odisha,Southeast,Corporate,2023-11-06
13586,Customer_13586,Female,51,Ahmedabad,Tamil Nadu,South,Consumer,2024-08-07
13587,Customer_13587,Male,22,Bhubaneswar,Gujarat,West,Consumer,2023-02-03
13588,Customer_13588,Male,21,Mumbai,Meghalaya,Northeast,Consumer,2022-03-15
13589,Customer_13589,Male,28,Bengaluru,Meghalaya,Northeast,Corporate,2024-04-05
13590,Customer_13590,Female,25,Ahmedabad,Maharashtra,Southwest,Consumer,2022-09-11
13591,Customer_13591,Male,43,Nagpur,Punjab,North,Consumer,2025-09-19
13592,Customer_13592,Male,36,Lucknow,West Bengal,East,Home Office,2023-03-24
13593,Customer_13593,Female,54,Kolkata,Karnataka,Southwest,Consumer,2025-03-26
13594,Customer_13594,Female,22,Vijayawada,Madhya Pradesh,Central,Consumer,2023-02-25
13595,Customer_13595,Other,52,Chennai,Tamil Nadu,South,Home Office,2022-07-22
13596,Customer_13596,Male,62,Kolkata,Odisha,East,Consumer,2024-05-27
13597,Customer_13597,Male,24,Ahmedabad,Odisha,East,Consumer,2022-10-21
13598,Customer_13598,Female,49,Mumbai,Chhattisgarh,Central,Consumer,2023-10-02
13599,Customer_13599,Female,42,Vijayawada,Bihar,East,Consumer,2023-04-15
13600,Customer_13600,Male,22,Delhi,Madhya Pradesh,Central,Home Office,2025-11-12
13601,Customer_13601,Female,32,Vijayawada,Maharashtra,West,Corporate,2024-03-15
13602,Customer_13602,Male,55,Bhopal,Chhattisgarh,Central,Consumer,2025-02-25
13603,Customer_13603,Female,59,Guwahati,Kerala,South,Consumer,2024-07-31
13604,Customer_13604,Female,35,Visakhapatnam,Chhattisgarh,Central,Consumer,2025-12-28
13605,Customer_13605,Male,23,Bhubaneswar,Goa,Southwest,Consumer,2023-12-05
13606,Customer_13606,Female,29,Lucknow,Karnataka,South,Consumer,2025-10-12
13607,Customer_13607,Other,58,Mysuru,Bihar,East,Consumer,2025-12-08
13608,Customer_13608,Male,45,Lucknow,Manipur,Northeast,Corporate,2026-01-14
13609,Customer_13609,Male,38,Coimbatore,Madhya Pradesh,Central,Home Office,2025-01-18
13610,Customer_13610,Female,18,Ahmedabad,Manipur,Northeast,Home Office,2026-04-18
13611,Customer_13611,Male,55,Kolkata,Madhya Pradesh,Central,Corporate,2025-04-07
13612,Customer_13612,Male,40,Ahmedabad,Manipur,Northeast,Consumer,2023-05-14
13613,Customer_13613,Male,44,Lucknow,Madhya Pradesh,Central,Corporate,2022-09-09
13614,Customer_13614,Female,58,Kochi,Punjab,North,Home Office,2022-12-02
13615,Customer_13615,Male,44,Chennai,Telangana,Southeast,Consumer,2024-07-07
13616,Customer_13616,Female,62,Warangal,Maharashtra,West,Consumer,2022-09-22
13617,Customer_13617,Male,44,Lucknow,Delhi,North,Consumer,2023-01-16
13618,Customer_13618,Male,34,Mumbai,Maharashtra,West,Home Office,2024-10-01
13619,Customer_13619,Female,62,Bhopal,Goa,West,Home Office,2023-06-17
13620,Customer_13620,Male,48,Bhubaneswar,Uttar Pradesh,North,Corporate,2024-12-25
13621,Customer_13621,Male,54,Warangal,Karnataka,Southwest,Consumer,2026-05-15
13622,Customer_13622,Male,28,Nagpur,Tamil Nadu,South,Home Office,2022-05-21
13623,Customer_13623,Female,50,Guwahati,Bihar,East,Consumer,2024-10-22
13624,Customer_13624,Male,44,Vijayawada,Rajasthan,West,Consumer,2025-08-06
13625,Customer_13625,Male,23,Guwahati,Telangana,Southeast,Consumer,2022-08-13
13626,Customer_13626,Male,30,Mysuru,Manipur,Northeast,Corporate,2025-06-06
13627,Customer_13627,Male,61,Chennai,Telangana,Southeast,Home Office,2024-03-22
13628,Customer_13628,Male,45,Nagpur,Kerala,South,Consumer,2024-10-02
13629,Customer_13629,Female,55,Hyderabad,Andhra Pradesh,Southeast,Consumer,2022-03-24
13630,Customer_13630,Male,26,Vijayawada,Odisha,Southeast,Consumer,2023-11-28
13631,Customer_13631,Male,28,Mysuru,Gujarat,West,Consumer,2023-08-11
13632,Customer_13632,Female,63,Lucknow,Chhattisgarh,Central,Home Office,2022-09-03
13633,Customer_13633,Female,38,Delhi,Rajasthan,North,Consumer,2025-05-05
13634,Customer_13634,Male,60,Kochi,Odisha,Southeast,Consumer,2024-03-19
13635,Customer_13635,Male,56,Pune,Goa,Southwest,Consumer,2025-11-05
13636,Customer_13636,Male,34,Pune,Rajasthan,West,Corporate,2022-09-12
13637,Customer_13637,Female,63,Mysuru,Madhya Pradesh,Central,Home Office,2025-03-15
13638,Customer_13638,Male,55,Hyderabad,Rajasthan,West,Consumer,2024-08-25
13639,Customer_13639,Male,24,Nagpur,Haryana,North,Consumer,2024-11-07
13640,Customer_13640,Male,22,Vijayawada,Madhya Pradesh,Central,Home Office,2023-05-11
13641,Customer_13641,Male,24,Bengaluru,Assam,Northeast,Consumer,2025-01-10
13642,Customer_13642,Male,53,Bhopal,Goa,Southwest,Consumer,2023-01-31
13643,Customer_13643,Male,24,Hyderabad,Karnataka,Southwest,Consumer,2025-05-04
13644,Customer_13644,Female,31,Kolkata,Goa,West,Home Office,2023-12-07
13645,Customer_13645,Female,38,Pune,Karnataka,Southwest,Corporate,2024-02-07
13646,Customer_13646,Female,24,Bhopal,Madhya Pradesh,Central,Consumer,2024-07-18
13647,Customer_13647,Female,33,Jaipur,Tripura,Northeast,Consumer,2022-05-15
13648,Customer_13648,Male,50,Ahmedabad,Chhattisgarh,Central,Consumer,2023-08-11
13649,Customer_13649,Female,64,Bengaluru,Karnataka,Southwest,Consumer,2022-11-22
13650,Customer_13650,Female,40,Ahmedabad,Tripura,Northeast,Consumer,2026-03-22
13651,Customer_13651,Female,53,Lucknow,Rajasthan,North,Consumer,2023-11-06
13652,Customer_13652,Female,43,Delhi,Delhi,North,Consumer,2022-01-10
13653,Customer_13653,Male,40,Guwahati,Gujarat,West,Consumer,2022-02-11
13654,Customer_13654,Male,42,Vijayawada,Madhya Pradesh,Central,Consumer,2025-12-31
13655,Customer_13655,Male,64,Ahmedabad,Tripura,Northeast,Consumer,2022-09-08
13656,Customer_13656,Male,20,Mumbai,Rajasthan,West,Corporate,2022-01-02
13657,Customer_13657,Male,42,Mysuru,Chhattisgarh,Central,Consumer,2022-12-06
13658,Customer_13658,Male,20,Pune,Karnataka,Southwest,Home Office,2022-12-13
13659,Customer_13659,Male,60,Kochi,Jharkhand,East,Home Office,2022-05-08
13660,Customer_13660,Female,46,Bengaluru,Maharashtra,West,Home Office,2026-05-14
13661,Customer_13661,Female,20,Hyderabad,Madhya Pradesh,Central,Consumer,2022-04-05
13662,Customer_13662,Female,47,Chennai,Rajasthan,West,Consumer,2025-03-10
13663,Customer_13663,Male,38,Mysuru,Maharashtra,Southwest,Corporate,2025-09-01
13664,Customer_13664,Female,20,Pune,Karnataka,Southwest,Consumer,2024-10-28
13665,Customer_13665,Female,64,Guwahati,Chhattisgarh,Central,Consumer,2022-07-31
13666,Customer_13666,Female,36,Coimbatore,Goa,West,Consumer,2025-03-07
13667,Customer_13667,Female,19,Bengaluru,Madhya Pradesh,Central,Consumer,2023-06-12
13668,Customer_13668,Male,47,Visakhapatnam,Kerala,South,Corporate,2023-10-16
13669,Customer_13669,Male,36,Vijayawada,Gujarat,West,Consumer,2023-02-07
13670,Customer_13670,Female,49,Delhi,Telangana,South,Home Office,2025-06-08
13671,Customer_13671,Other,25,Kochi,Karnataka,South,Corporate,2024-07-16
13672,Customer_13672,Male,57,Guwahati,Uttar Pradesh,North,Consumer,2022-09-05
13673,Customer_13673,Male,38,Guwahati,Chhattisgarh,Central,Consumer,2023-10-14
13674,Customer_13674,Male,38,Warangal,Punjab,North,Consumer,2025-06-24
13675,Customer_13675,Male,56,Guwahati,Assam,Northeast,Home Office,2026-02-09
13676,Customer_13676,Other,44,Mysuru,Gujarat,West,Corporate,2026-02-12
13677,Customer_13677,Female,18,Bengaluru,Odisha,East,Corporate,2022-08-04
13678,Customer_13678,Male,45,Kochi,Odisha,Southeast,Corporate,2025-10-04
13679,Customer_13679,Male,49,Bhopal,Madhya Pradesh,Central,Consumer,2024-06-25
13680,Customer_13680,Male,32,Hyderabad,Meghalaya,Northeast,Home Office,2025-03-29
13681,Customer_13681,Male,26,Kochi,Assam,Northeast,Home Office,2023-09-10
13682,Customer_13682,Female,20,Mysuru,Rajasthan,North,Corporate,2024-11-08
13683,Customer_13683,Female,58,Delhi,Telangana,South,Consumer,2023-02-18
13684,Customer_13684,Female,18,Guwahati,Chhattisgarh,Central,Consumer,2024-04-13
13685,Customer_13685,Male,46,Mysuru,Goa,Southwest,Consumer,2022-12-28
13686,Customer_13686,Female,58,Kochi,Andhra Pradesh,South,Consumer,2023-09-25
13687,Customer_13687,Female,34,Kochi,Haryana,North,Consumer,2023-10-15
13688,Customer_13688,Male,27,Warangal,Karnataka,Southwest,Corporate,2025-10-17
13689,Customer_13689,Female,52,Visakhapatnam,Karnataka,Southwest,Home Office,2024-10-02
13690,Customer_13690,Female,48,Vijayawada,Kerala,South,Consumer,2024-11-01
13691,Customer_13691,Female,18,Warangal,Rajasthan,West,Consumer,2023-03-31
13692,Customer_13692,Male,45,Vijayawada,Assam,Northeast,Consumer,2023-11-27
13693,Customer_13693,Male,18,Bhubaneswar,Telangana,South,Home Office,2024-01-27
13694,Customer_13694,Male,37,Bhopal,Odisha,East,Corporate,2025-06-09
13695,Customer_13695,Male,32,Kolkata,Goa,West,Consumer,2022-10-24
13696,Customer_13696,Male,58,Warangal,Manipur,Northeast,Consumer,2022-03-28
13697,Customer_13697,Female,64,Pune,Jharkhand,East,Consumer,2024-03-19
13698,Customer_13698,Male,51,Mumbai,Gujarat,West,Consumer,2025-07-24
13699,Customer_13699,Male,53,Jaipur,Jharkhand,East,Consumer,2025-03-19
13700,Customer_13700,Other,19,Bengaluru,Telangana,Southeast,Consumer,2025-07-21
13701,Customer_13701,Female,21,Guwahati,Kerala,South,Consumer,2023-09-22
13702,Customer_13702,Male,55,Chennai,Karnataka,South,Consumer,2023-01-01
13703,Customer_13703,Female,38,Kolkata,Karnataka,South,Consumer,2024-11-21
13704,Customer_13704,Male,42,Delhi,Maharashtra,Southwest,Corporate,2022-03-02
13705,Customer_13705,Male,51,Pune,Karnataka,Southwest,Consumer,2025-12-03
13706,Customer_13706,Female,34,Jaipur,Madhya Pradesh,Central,Consumer,2025-02-15
13707,Customer_13707,Male,50,Lucknow,Karnataka,South,Home Office,2024-03-17
13708,Customer_13708,Male,52,Guwahati,Odisha,Southeast,Consumer,2022-11-16
13709,Customer_13709,Male,29,Mumbai,Rajasthan,West,Corporate,2023-02-05
13710,Customer_13710,Female,50,Pune,Odisha,Southeast,Consumer,2026-05-13
13711,Customer_13711,Male,26,Vijayawada,Odisha,East,Corporate,2022-01-24
13712,Customer_13712,Female,32,Kolkata,Goa,Southwest,Consumer,2022-01-15
13713,Customer_13713,Male,55,Bhopal,Odisha,Southeast,Consumer,2023-07-10
13714,Customer_13714,Female,65,Pune,Andhra Pradesh,South,Consumer,2023-01-03
13715,Customer_13715,Male,21,Visakhapatnam,Meghalaya,Northeast,Corporate,2024-12-18
13716,Customer_13716,Male,49,Warangal,Odisha,East,Corporate,2022-03-09
13717,Customer_13717,Female,45,Jaipur,Bihar,East,Corporate,2025-06-10
13718,Customer_13718,Female,47,Kochi,Jharkhand,East,Consumer,2025-06-06
13719,Customer_13719,Male,55,Bhopal,Assam,Northeast,Corporate,2023-01-03
13720,Customer_13720,Male,21,Warangal,West Bengal,East,Consumer,2024-07-14
13721,Customer_13721,Male,53,Vijayawada,Manipur,Northeast,Consumer,2024-12-10
13722,Customer_13722,Male,31,Nagpur,Madhya Pradesh,Central,Consumer,2025-09-19
13723,Customer_13723,Female,25,Nagpur,Telangana,Southeast,Consumer,2025-03-18
13724,Customer_13724,Male,39,Nagpur,Maharashtra,Southwest,Corporate,2026-03-21
13725,Customer_13725,Female,19,Hyderabad,Uttar Pradesh,North,Consumer,2022-07-05
13726,Customer_13726,Male,48,Bhubaneswar,Maharashtra,Southwest,Consumer,2024-09-03
13727,Customer_13727,Male,45,Guwahati,Punjab,North,Home Office,2025-05-21
13728,Customer_13728,Male,42,Bhubaneswar,Chhattisgarh,Central,Home Office,2023-01-06
13729,Customer_13729,Male,19,Lucknow,Bihar,East,Consumer,2022-12-16
13730,Customer_13730,Male,54,Jaipur,Tripura,Northeast,Home Office,2022-05-29
13731,Customer_13731,Female,19,Lucknow,Manipur,Northeast,Consumer,2026-04-27
13732,Customer_13732,Male,30,Coimbatore,Andhra Pradesh,Southeast,Home Office,2025-10-18
13733,Customer_13733,Female,37,Bhubaneswar,Goa,West,Consumer,2022-07-13
13734,Customer_13734,Male,51,Jaipur,Karnataka,Southwest,Consumer,2023-01-28
13735,Customer_13735,Male,37,Lucknow,Bihar,East,Home Office,2024-01-04
13736,Customer_13736,Male,57,Bhopal,Andhra Pradesh,South,Consumer,2025-11-30
13737,Customer_13737,Male,62,Bhubaneswar,Rajasthan,West,Corporate,2025-08-14
13738,Customer_13738,Female,54,Mumbai,Chhattisgarh,Central,Consumer,2025-11-06
13739,Customer_13739,Female,19,Guwahati,Manipur,Northeast,Consumer,2025-08-18
13740,Customer_13740,Female,55,Pune,Telangana,Southeast,Home Office,2024-10-01
13741,Customer_13741,Female,27,Mysuru,Telangana,South,Consumer,2023-04-11
13742,Customer_13742,Male,60,Hyderabad,West Bengal,East,Home Office,2024-08-24
13743,Customer_13743,Male,64,Pune,Goa,Southwest,Home Office,2024-03-01
13744,Customer_13744,Female,22,Kochi,Goa,West,Consumer,2026-03-02
13745,Customer_13745,Male,22,Warangal,Kerala,South,Consumer,2023-12-19
13746,Customer_13746,Male,51,Ahmedabad,Goa,Southwest,Consumer,2025-04-24
13747,Customer_13747,Female,24,Visakhapatnam,Goa,West,Consumer,2022-10-05
13748,Customer_13748,Female,64,Hyderabad,Karnataka,Southwest,Consumer,2024-12-29
13749,Customer_13749,Female,43,Kochi,Goa,Southwest,Consumer,2023-12-28
13750,Customer_13750,Male,45,Warangal,Maharashtra,Southwest,Corporate,2023-11-29
13751,Customer_13751,Female,59,Warangal,Chhattisgarh,Central,Consumer,2025-04-22
13752,Customer_13752,Male,28,Jaipur,Odisha,Southeast,Corporate,2024-02-14
13753,Customer_13753,Male,44,Guwahati,Karnataka,Southwest,Consumer,2022-04-05
13754,Customer_13754,Male,65,Bhopal,Bihar,East,Consumer,2023-09-15
13755,Customer_13755,Female,19,Mumbai,Haryana,North,Consumer,2026-03-22
13756,Customer_13756,Female,26,Hyderabad,Bihar,East,Consumer,2026-02-23
13757,Customer_13757,Female,25,Mumbai,Tripura,Northeast,Consumer,2024-09-09
13758,Customer_13758,Male,34,Hyderabad,Chhattisgarh,Central,Consumer,2024-10-17
13759,Customer_13759,Male,24,Lucknow,Punjab,North,Corporate,2023-02-25
13760,Customer_13760,Male,26,Kochi,Madhya Pradesh,Central,Corporate,2025-06-02
13761,Customer_13761,Female,58,Vijayawada,Kerala,South,Consumer,2024-08-17
13762,Customer_13762,Male,40,Coimbatore,Madhya Pradesh,Central,Home Office,2022-03-01
13763,Customer_13763,Male,35,Bhubaneswar,Madhya Pradesh,Central,Home Office,2026-02-28
13764,Customer_13764,Female,38,Bhubaneswar,Manipur,Northeast,Consumer,2025-09-25
13765,Customer_13765,Male,64,Visakhapatnam,Goa,West,Home Office,2022-05-11
13766,Customer_13766,Female,41,Coimbatore,Gujarat,West,Consumer,2023-10-31
13767,Customer_13767,Male,40,Coimbatore,Assam,Northeast,Corporate,2025-04-03
13768,Customer_13768,Female,62,Mysuru,Manipur,Northeast,Consumer,2025-03-25
13769,Customer_13769,Male,19,Bhopal,Andhra Pradesh,Southeast,Corporate,2022-09-25
13770,Customer_13770,Male,40,Kolkata,Bihar,East,Corporate,2022-03-06
13771,Customer_13771,Male,53,Guwahati,Rajasthan,West,Home Office,2026-04-25
13772,Customer_13772,Male,42,Jaipur,Jharkhand,East,Home Office,2025-12-01
13773,Customer_13773,Female,59,Bhopal,Chhattisgarh,Central,Consumer,2025-03-27
13774,Customer_13774,Male,60,Nagpur,Telangana,South,Corporate,2024-11-21
13775,Customer_13775,Male,34,Bhubaneswar,Gujarat,West,Consumer,2025-01-03
13776,Customer_13776,Female,57,Chennai,Karnataka,South,Consumer,2024-01-03
13777,Customer_13777,Male,29,Pune,Madhya Pradesh,Central,Consumer,2024-12-31
13778,Customer_13778,Female,29,Bhopal,Telangana,Southeast,Home Office,2023-05-01
13779,Customer_13779,Female,64,Chennai,Goa,Southwest,Corporate,2022-05-14
13780,Customer_13780,Male,18,Hyderabad,Rajasthan,West,Consumer,2023-05-13
13781,Customer_13781,Female,34,Delhi,Haryana,North,Home Office,2023-04-16
13782,Customer_13782,Male,48,Vijayawada,Kerala,South,Corporate,2023-05-01
13783,Customer_13783,Male,37,Chennai,Haryana,North,Consumer,2024-01-24
13784,Customer_13784,Male,58,Mumbai,Odisha,Southeast,Consumer,2022-07-29
13785,Customer_13785,Female,30,Kolkata,Goa,Southwest,Corporate,2023-10-15
13786,Customer_13786,Female,44,Coimbatore,Madhya Pradesh,Central,Corporate,2024-01-13
13787,Customer_13787,Female,24,Warangal,Karnataka,South,Consumer,2022-10-28
13788,Customer_13788,Female,28,Bhopal,Delhi,North,Consumer,2023-12-27
13789,Customer_13789,Male,26,Nagpur,Karnataka,Southwest,Consumer,2024-12-14
13790,Customer_13790,Female,53,Hyderabad,Odisha,East,Consumer,2023-10-22
13791,Customer_13791,Female,27,Ahmedabad,Haryana,North,Consumer,2022-01-04
13792,Customer_13792,Female,50,Mumbai,Kerala,South,Consumer,2025-01-29
13793,Customer_13793,Female,34,Jaipur,Odisha,East,Consumer,2024-07-14
13794,Customer_13794,Other,45,Kolkata,Tripura,Northeast,Corporate,2023-11-03
13795,Customer_13795,Male,59,Lucknow,Goa,Southwest,Consumer,2022-02-06
13796,Customer_13796,Female,59,Delhi,West Bengal,East,Consumer,2022-05-23
13797,Customer_13797,Female,18,Guwahati,Meghalaya,Northeast,Consumer,2022-05-08
13798,Customer_13798,Female,55,Jaipur,Haryana,North,Home Office,2025-09-25
13799,Customer_13799,Male,63,Bhubaneswar,Punjab,North,Consumer,2023-05-10
13800,Customer_13800,Female,50,Nagpur,Haryana,North,Consumer,2023-11-12
13801,Customer_13801,Male,26,Warangal,Karnataka,Southwest,Consumer,2025-01-18
13802,Customer_13802,Male,49,Chennai,Chhattisgarh,Central,Corporate,2024-11-14
13803,Customer_13803,Female,48,Lucknow,Andhra Pradesh,Southeast,Consumer,2022-04-14
13804,Customer_13804,Male,49,Visakhapatnam,Haryana,North,Consumer,2026-01-27
13805,Customer_13805,Female,38,Kolkata,Uttar Pradesh,North,Home Office,2023-03-01
13806,Customer_13806,Male,43,Vijayawada,Andhra Pradesh,Southeast,Corporate,2025-05-12
13807,Customer_13807,Female,49,Delhi,Rajasthan,North,Consumer,2025-08-24
13808,Customer_13808,Female,40,Delhi,Telangana,South,Consumer,2024-05-12
13809,Customer_13809,Male,55,Nagpur,Chhattisgarh,Central,Home Office,2022-09-17
13810,Customer_13810,Female,52,Delhi,Madhya Pradesh,Central,Home Office,2024-05-22
13811,Customer_13811,Male,32,Vijayawada,Kerala,South,Corporate,2023-01-27
13812,Customer_13812,Female,47,Lucknow,Maharashtra,West,Corporate,2025-09-21
13813,Customer_13813,Female,54,Pune,Manipur,Northeast,Home Office,2025-04-22
13814,Customer_13814,Male,41,Kochi,Gujarat,West,Home Office,2025-08-10
13815,Customer_13815,Female,52,Guwahati,Maharashtra,West,Consumer,2025-08-18
13816,Customer_13816,Female,24,Bhubaneswar,Rajasthan,North,Home Office,2022-10-13
13817,Customer_13817,Female,36,Hyderabad,Goa,West,Corporate,2022-02-18
13818,Customer_13818,Female,51,Visakhapatnam,Andhra Pradesh,Southeast,Consumer,2024-09-29
13819,Customer_13819,Male,60,Hyderabad,Assam,Northeast,Consumer,2024-09-09
13820,Customer_13820,Female,49,Kochi,Maharashtra,Southwest,Consumer,2025-10-17
13821,Customer_13821,Male,49,Kolkata,Andhra Pradesh,South,Corporate,2024-10-17
13822,Customer_13822,Male,34,Guwahati,Punjab,North,Corporate,2025-07-09
13823,Customer_13823,Female,51,Mumbai,Chhattisgarh,Central,Consumer,2023-07-12
13824,Customer_13824,Male,35,Guwahati,Tamil Nadu,South,Consumer,2022-07-19
13825,Customer_13825,Female,20,Kolkata,Chhattisgarh,Central,Consumer,2022-03-02
13826,Customer_13826,Male,29,Mysuru,Maharashtra,Southwest,Consumer,2023-11-29
13827,Customer_13827,Female,47,Mumbai,Bihar,East,Consumer,2022-01-04
13828,Customer_13828,Female,64,Delhi,Madhya Pradesh,Central,Corporate,2024-04-09
13829,Customer_13829,Male,41,Jaipur,Assam,Northeast,Consumer,2023-10-04
13830,Customer_13830,Male,59,Nagpur,Tamil Nadu,South,Consumer,2023-02-17
13831,Customer_13831,Male,55,Lucknow,Karnataka,Southwest,Consumer,2024-08-03
13832,Customer_13832,Female,44,Bhubaneswar,Andhra Pradesh,South,Consumer,2024-12-23
13833,Customer_13833,Female,56,Coimbatore,Andhra Pradesh,Southeast,Home Office,2022-03-05
13834,Customer_13834,Male,37,Bhopal,Assam,Northeast,Corporate,2024-02-01
13835,Customer_13835,Female,39,Kochi,Telangana,South,Corporate,2026-02-12
13836,Customer_13836,Male,53,Ahmedabad,Manipur,Northeast,Consumer,2023-04-22
13837,Customer_13837,Male,48,Bhubaneswar,Karnataka,South,Consumer,2025-06-03
13838,Customer_13838,Male,43,Nagpur,Madhya Pradesh,Central,Home Office,2023-06-23
13839,Customer_13839,Male,38,Coimbatore,Maharashtra,Southwest,Consumer,2023-03-11
13840,Customer_13840,Female,64,Visakhapatnam,Goa,Southwest,Consumer,2025-10-02
13841,Customer_13841,Female,21,Ahmedabad,Odisha,Southeast,Consumer,2023-07-25
13842,Customer_13842,Female,20,Lucknow,Rajasthan,West,Corporate,2025-10-17
13843,Customer_13843,Female,40,Nagpur,Madhya Pradesh,Central,Consumer,2024-11-13
13844,Customer_13844,Male,19,Ahmedabad,Odisha,East,Consumer,2025-07-23
13845,Customer_13845,Male,34,Nagpur,Goa,Southwest,Corporate,2025-07-27
13846,Customer_13846,Female,45,Lucknow,Rajasthan,West,Consumer,2026-01-02
13847,Customer_13847,Female,37,Nagpur,Telangana,Southeast,Consumer,2024-06-06
13848,Customer_13848,Female,27,Bhopal,Jharkhand,East,Corporate,2026-03-04
13849,Customer_13849,Male,31,Guwahati,Manipur,Northeast,Home Office,2022-04-06
13850,Customer_13850,Female,47,Mumbai,Tamil Nadu,South,Consumer,2024-02-26
13851,Customer_13851,Female,63,Nagpur,Manipur,Northeast,Consumer,2023-09-27
13852,Customer_13852,Female,55,Kolkata,Rajasthan,North,Consumer,2022-06-04
13853,Customer_13853,Female,44,Bhopal,Delhi,North,Consumer,2025-10-29
13854,Customer_13854,Male,24,Jaipur,West Bengal,East,Home Office,2025-07-04
13855,Customer_13855,Male,29,Vijayawada,Gujarat,West,Corporate,2025-04-12
13856,Customer_13856,Male,39,Lucknow,Tripura,Northeast,Consumer,2024-10-10
13857,Customer_13857,Male,29,Warangal,West Bengal,East,Corporate,2024-08-21
13858,Customer_13858,Female,51,Lucknow,Haryana,North,Consumer,2023-09-01
13859,Customer_13859,Female,35,Bengaluru,Odisha,East,Consumer,2024-12-29
13860,Customer_13860,Male,58,Bhubaneswar,Maharashtra,West,Home Office,2026-04-10
13861,Customer_13861,Male,30,Visakhapatnam,Madhya Pradesh,Central,Consumer,2023-02-06
13862,Customer_13862,Female,41,Bhopal,Meghalaya,Northeast,Consumer,2023-06-26
13863,Customer_13863,Female,52,Delhi,Andhra Pradesh,South,Home Office,2022-06-24
13864,Customer_13864,Male,27,Coimbatore,Chhattisgarh,Central,Consumer,2025-12-23
13865,Customer_13865,Female,54,Coimbatore,Tripura,Northeast,Consumer,2024-04-28
13866,Customer_13866,Male,46,Chennai,Odisha,Southeast,Consumer,2024-08-06
13867,Customer_13867,Male,49,Vijayawada,Madhya Pradesh,Central,Consumer,2023-03-03
13868,Customer_13868,Male,39,Kochi,Andhra Pradesh,Southeast,Consumer,2022-02-28
13869,Customer_13869,Female,62,Bhubaneswar,Kerala,South,Consumer,2025-07-11
13870,Customer_13870,Female,55,Guwahati,Tripura,Northeast,Consumer,2025-10-08
13871,Customer_13871,Female,27,Jaipur,Punjab,North,Consumer,2023-06-30
13872,Customer_13872,Male,44,Kochi,Delhi,North,Corporate,2025-05-04
13873,Customer_13873,Other,61,Mumbai,Odisha,Southeast,Home Office,2024-07-04
13874,Customer_13874,Female,31,Guwahati,Goa,West,Corporate,2024-10-24
13875,Customer_13875,Male,43,Guwahati,Chhattisgarh,Central,Corporate,2022-10-04
13876,Customer_13876,Male,54,Nagpur,Chhattisgarh,Central,Corporate,2024-09-10
13877,Customer_13877,Male,31,Vijayawada,Tripura,Northeast,Consumer,2022-09-15
13878,Customer_13878,Female,42,Jaipur,Tamil Nadu,South,Consumer,2022-12-17
13879,Customer_13879,Male,44,Bhopal,Andhra Pradesh,South,Consumer,2023-07-25
13880,Customer_13880,Male,26,Lucknow,Haryana,North,Consumer,2022-12-10
13881,Customer_13881,Female,26,Pune,Andhra Pradesh,Southeast,Home Office,2025-12-25
13882,Customer_13882,Female,45,Warangal,Karnataka,South,Consumer,2022-02-16
13883,Customer_13883,Female,26,Kochi,Madhya Pradesh,Central,Home Office,2025-12-17
13884,Customer_13884,Female,63,Vijayawada,Gujarat,West,Consumer,2022-09-04
13885,Customer_13885,Male,43,Jaipur,Tamil Nadu,South,Consumer,2025-10-24
13886,Customer_13886,Female,51,Pune,Maharashtra,West,Consumer,2023-06-23
13887,Customer_13887,Male,37,Visakhapatnam,Punjab,North,Consumer,2026-01-13
13888,Customer_13888,Male,32,Pune,Andhra Pradesh,South,Consumer,2024-05-15
13889,Customer_13889,Other,41,Kolkata,Andhra Pradesh,South,Corporate,2024-02-23
13890,Customer_13890,Male,52,Mumbai,Odisha,Southeast,Consumer,2022-07-29
13891,Customer_13891,Male,37,Jaipur,Madhya Pradesh,Central,Corporate,2023-11-25
13892,Customer_13892,Female,31,Kochi,Goa,Southwest,Home Office,2024-06-11
13893,Customer_13893,Male,24,Jaipur,Gujarat,West,Consumer,2026-04-23
13894,Customer_13894,Male,44,Chennai,Telangana,South,Home Office,2023-02-26
13895,Customer_13895,Female,50,Bhubaneswar,Chhattisgarh,Central,Consumer,2022-05-13
13896,Customer_13896,Female,43,Visakhapatnam,Goa,Southwest,Consumer,2023-02-11
13897,Customer_13897,Female,30,Coimbatore,Madhya Pradesh,Central,Consumer,2023-01-24
13898,Customer_13898,Male,29,Warangal,Rajasthan,North,Consumer,2026-02-25
13899,Customer_13899,Female,36,Warangal,Bihar,East,Consumer,2022-08-29
13900,Customer_13900,Female,34,Visakhapatnam,Goa,Southwest,Consumer,2026-05-07
13901,Customer_13901,Male,27,Bhopal,Madhya Pradesh,Central,Home Office,2022-06-30
13902,Customer_13902,Male,63,Guwahati,Goa,Southwest,Consumer,2025-07-22
13903,Customer_13903,Male,33,Mysuru,Madhya Pradesh,Central,Corporate,2023-10-26
13904,Customer_13904,Female,30,Visakhapatnam,Delhi,North,Consumer,2022-03-29
13905,Customer_13905,Male,47,Kolkata,Telangana,Southeast,Consumer,2024-09-09
13906,Customer_13906,Female,56,Bengaluru,Odisha,Southeast,Consumer,2025-03-11
13907,Customer_13907,Female,40,Visakhapatnam,Assam,Northeast,Consumer,2025-09-03
13908,Customer_13908,Male,50,Nagpur,Goa,Southwest,Consumer,2022-10-13
13909,Customer_13909,Female,22,Delhi,Telangana,South,Corporate,2024-09-14
13910,Customer_13910,Male,43,Bhubaneswar,Karnataka,Southwest,Consumer,2024-06-29
13911,Customer_13911,Male,21,Bhopal,Tamil Nadu,South,Consumer,2023-12-10
13912,Customer_13912,Female,24,Ahmedabad,Karnataka,Southwest,Corporate,2025-11-30
13913,Customer_13913,Male,46,Coimbatore,Telangana,South,Corporate,2023-11-09
13914,Customer_13914,Female,27,Bhopal,Chhattisgarh,Central,Home Office,2023-09-01
13915,Customer_13915,Female,19,Bengaluru,Andhra Pradesh,Southeast,Consumer,2024-04-20
13916,Customer_13916,Male,26,Chennai,Punjab,North,Corporate,2026-01-26
13917,Customer_13917,Male,55,Mumbai,Punjab,North,Consumer,2025-10-19
13918,Customer_13918,Male,46,Bhopal,Telangana,Southeast,Corporate,2025-02-07
13919,Customer_13919,Female,36,Visakhapatnam,Delhi,North,Consumer,2022-05-10
13920,Customer_13920,Female,64,Pune,Chhattisgarh,Central,Consumer,2023-04-27
13921,Customer_13921,Male,36,Hyderabad,Karnataka,Southwest,Home Office,2022-01-25
13922,Customer_13922,Female,60,Vijayawada,Madhya Pradesh,Central,Corporate,2022-06-01
13923,Customer_13923,Female,34,Jaipur,Goa,West,Consumer,2025-08-23
13924,Customer_13924,Female,19,Mumbai,Gujarat,West,Consumer,2025-07-28
13925,Customer_13925,Male,23,Hyderabad,Manipur,Northeast,Corporate,2022-06-14
13926,Customer_13926,Male,31,Bhopal,Madhya Pradesh,Central,Consumer,2024-01-03
13927,Customer_13927,Male,26,Bhopal,Madhya Pradesh,Central,Consumer,2023-03-23
13928,Customer_13928,Male,25,Pune,Karnataka,South,Consumer,2022-04-27
13929,Customer_13929,Male,36,Vijayawada,Assam,Northeast,Consumer,2023-09-03
13930,Customer_13930,Male,64,Delhi,Assam,Northeast,Consumer,2022-06-14
13931,Customer_13931,Male,27,Visakhapatnam,Manipur,Northeast,Corporate,2025-03-23
13932,Customer_13932,Male,29,Chennai,Punjab,North,Consumer,2026-03-28
13933,Customer_13933,Male,65,Mysuru,Meghalaya,Northeast,Corporate,2023-11-08
13934,Customer_13934,Female,27,Lucknow,Tripura,Northeast,Home Office,2023-01-24
13935,Customer_13935,Female,57,Mysuru,Kerala,South,Consumer,2024-03-10
13936,Customer_13936,Male,47,Delhi,Odisha,Southeast,Corporate,2026-03-27
13937,Customer_13937,Female,62,Guwahati,Chhattisgarh,Central,Consumer,2022-09-13
13938,Customer_13938,Male,44,Warangal,Rajasthan,West,Home Office,2024-12-25
13939,Customer_13939,Female,46,Mumbai,Tripura,Northeast,Consumer,2022-05-30
13940,Customer_13940,Female,28,Kolkata,Madhya Pradesh,Central,Consumer,2023-04-26
13941,Customer_13941,Male,45,Bhubaneswar,Madhya Pradesh,Central,Consumer,2023-12-04
13942,Customer_13942,Female,50,Bhopal,Jharkhand,East,Home Office,2023-09-06
13943,Customer_13943,Female,65,Lucknow,Maharashtra,Southwest,Consumer,2022-10-13
13944,Customer_13944,Female,22,Pune,Goa,Southwest,Corporate,2025-05-28
13945,Customer_13945,Male,25,Kochi,Tamil Nadu,South,Consumer,2024-12-12
13946,Customer_13946,Male,18,Mysuru,Tripura,Northeast,Corporate,2023-11-28
13947,Customer_13947,Female,55,Hyderabad,Punjab,North,Consumer,2023-11-01
13948,Customer_13948,Male,21,Kolkata,West Bengal,East,Consumer,2022-04-30
13949,Customer_13949,Female,61,Bengaluru,Maharashtra,Southwest,Consumer,2024-11-22
13950,Customer_13950,Female,35,Chennai,Telangana,South,Consumer,2023-01-03
13951,Customer_13951,Male,31,Nagpur,Maharashtra,West,Corporate,2023-04-27
13952,Customer_13952,Male,64,Pune,Kerala,South,Corporate,2025-10-08
13953,Customer_13953,Male,52,Mumbai,Manipur,Northeast,Consumer,2024-10-24
13954,Customer_13954,Male,44,Bengaluru,Gujarat,West,Consumer,2025-01-18
13955,Customer_13955,Female,60,Nagpur,Madhya Pradesh,Central,Consumer,2023-02-28
13956,Customer_13956,Female,54,Vijayawada,Goa,Southwest,Corporate,2024-03-12
13957,Customer_13957,Male,48,Bhopal,Madhya Pradesh,Central,Corporate,2022-01-22
13958,Customer_13958,Female,33,Delhi,Assam,Northeast,Home Office,2023-01-28
13959,Customer_13959,Female,65,Kochi,Haryana,North,Home Office,2025-07-04
13960,Customer_13960,Female,52,Guwahati,Andhra Pradesh,South,Consumer,2024-01-30
13961,Customer_13961,Male,63,Ahmedabad,Karnataka,Southwest,Consumer,2024-10-12
13962,Customer_13962,Female,64,Warangal,Andhra Pradesh,Southeast,Home Office,2025-06-16
13963,Customer_13963,Female,44,Pune,Tripura,Northeast,Consumer,2026-02-08
13964,Customer_13964,Male,35,Pune,Rajasthan,West,Consumer,2022-05-11
13965,Customer_13965,Female,63,Coimbatore,Telangana,South,Consumer,2024-07-18
13966,Customer_13966,Female,65,Vijayawada,Odisha,Southeast,Corporate,2026-05-11
13967,Customer_13967,Male,23,Hyderabad,Odisha,Southeast,Corporate,2022-11-16
13968,Customer_13968,Female,48,Mumbai,Telangana,South,Home Office,2025-10-07
13969,Customer_13969,Female,46,Visakhapatnam,Chhattisgarh,Central,Consumer,2024-07-17
13970,Customer_13970,Female,53,Mumbai,Chhattisgarh,Central,Consumer,2023-05-24
13971,Customer_13971,Male,64,Coimbatore,Goa,West,Consumer,2025-06-07
13972,Customer_13972,Female,30,Kolkata,Karnataka,Southwest,Corporate,2025-10-24
13973,Customer_13973,Other,64,Delhi,Delhi,North,Consumer,2022-08-17
13974,Customer_13974,Female,48,Chennai,West Bengal,East,Home Office,2024-12-26
13975,Customer_13975,Male,21,Warangal,Delhi,North,Consumer,2026-02-07
13976,Customer_13976,Male,42,Mumbai,Assam,Northeast,Corporate,2024-12-02
13977,Customer_13977,Female,24,Kochi,Meghalaya,Northeast,Corporate,2024-05-25
13978,Customer_13978,Male,63,Mysuru,Goa,Southwest,Consumer,2022-08-12
13979,Customer_13979,Male,54,Mysuru,Madhya Pradesh,Central,Corporate,2023-12-22
13980,Customer_13980,Male,61,Ahmedabad,Karnataka,South,Consumer,2025-12-20
13981,Customer_13981,Female,46,Bhubaneswar,Goa,West,Corporate,2025-07-02
13982,Customer_13982,Male,37,Mysuru,Rajasthan,North,Corporate,2023-12-22
13983,Customer_13983,Female,38,Ahmedabad,Tripura,Northeast,Consumer,2023-05-10
13984,Customer_13984,Female,63,Delhi,Assam,Northeast,Consumer,2025-07-09
13985,Customer_13985,Other,25,Warangal,Andhra Pradesh,Southeast,Home Office,2026-03-29
13986,Customer_13986,Female,60,Guwahati,Bihar,East,Home Office,2023-04-25
13987,Customer_13987,Male,38,Ahmedabad,Odisha,East,Consumer,2025-07-21
13988,Customer_13988,Female,46,Jaipur,Delhi,North,Home Office,2023-05-08
13989,Customer_13989,Male,50,Mumbai,Rajasthan,West,Consumer,2025-08-16
13990,Customer_13990,Other,21,Chennai,Rajasthan,West,Consumer,2026-03-24
13991,Customer_13991,Male,25,Jaipur,Andhra Pradesh,Southeast,Consumer,2024-11-27
13992,Customer_13992,Female,25,Bhubaneswar,Andhra Pradesh,Southeast,Consumer,2024-03-05
13993,Customer_13993,Female,55,Coimbatore,Tamil Nadu,South,Consumer,2023-05-18
13994,Customer_13994,Male,21,Bengaluru,Jharkhand,East,Corporate,2022-04-06
13995,Customer_13995,Female,47,Mysuru,Chhattisgarh,Central,Consumer,2022-03-25
13996,Customer_13996,Male,23,Visakhapatnam,Odisha,East,Consumer,2025-08-30
13997,Customer_13997,Male,54,Jaipur,Delhi,North,Corporate,2024-11-24
13998,Customer_13998,Male,64,Bhubaneswar,Odisha,Southeast,Corporate,2022-12-30
13999,Customer_13999,Male,37,Jaipur,Assam,Northeast,Home Office,2024-06-02
14000,Customer_14000,Female,28,Kochi,Madhya Pradesh,Central,Consumer,2025-11-07
14001,Customer_14001,Female,39,Mysuru,West Bengal,East,Corporate,2024-11-02
14002,Customer_14002,Male,51,Warangal,Andhra Pradesh,Southeast,Consumer,2026-01-06
14003,Customer_14003,Female,52,Kochi,Uttar Pradesh,North,Consumer,2022-07-08
14004,Customer_14004,Female,48,Jaipur,Rajasthan,West,Corporate,2022-04-27
14005,Customer_14005,Female,45,Guwahati,Telangana,Southeast,Consumer,2024-12-02
14006,Customer_14006,Male,48,Bengaluru,Goa,Southwest,Corporate,2024-07-20
14007,Customer_14007,Female,28,Delhi,Jharkhand,East,Consumer,2025-01-06
14008,Customer_14008,Male,27,Nagpur,Meghalaya,Northeast,Consumer,2026-04-20
14009,Customer_14009,Female,62,Vijayawada,Kerala,South,Consumer,2022-06-24
14010,Customer_14010,Female,45,Mumbai,Rajasthan,North,Consumer,2026-01-29
14011,Customer_14011,Female,59,Visakhapatnam,Bihar,East,Consumer,2022-04-08
14012,Customer_14012,Male,48,Delhi,Goa,Southwest,Consumer,2024-04-20
14013,Customer_14013,Male,39,Warangal,Assam,Northeast,Consumer,2025-08-24
14014,Customer_14014,Female,45,Pune,Gujarat,West,Corporate,2024-12-24
14015,Customer_14015,Male,51,Jaipur,Jharkhand,East,Consumer,2022-12-23
14016,Customer_14016,Male,26,Mysuru,Tamil Nadu,South,Consumer,2024-08-24
14017,Customer_14017,Female,40,Bengaluru,West Bengal,East,Consumer,2025-12-14
14018,Customer_14018,Female,52,Bhopal,Tamil Nadu,South,Consumer,2022-11-22
14019,Customer_14019,Male,22,Bengaluru,Tamil Nadu,South,Consumer,2026-02-08
14020,Customer_14020,Male,21,Vijayawada,Assam,Northeast,Corporate,2024-11-10
14021,Customer_14021,Female,25,Ahmedabad,Telangana,South,Home Office,2022-05-19
14022,Customer_14022,Male,46,Nagpur,Haryana,North,Consumer,2023-06-18
14023,Customer_14023,Male,29,Delhi,Chhattisgarh,Central,Corporate,2025-10-11
14024,Customer_14024,Male,38,Bengaluru,West Bengal,East,Consumer,2023-06-25
14025,Customer_14025,Male,24,Bhopal,Gujarat,West,Consumer,2026-02-23
14026,Customer_14026,Other,30,Guwahati,Karnataka,South,Consumer,2023-11-03
14027,Customer_14027,Male,18,Coimbatore,Kerala,South,Consumer,2023-07-03
14028,Customer_14028,Male,56,Bengaluru,Maharashtra,West,Consumer,2025-09-25
14029,Customer_14029,Female,40,Warangal,Manipur,Northeast,Consumer,2025-06-10
14030,Customer_14030,Male,26,Jaipur,Gujarat,West,Consumer,2023-01-17
14031,Customer_14031,Male,43,Vijayawada,Chhattisgarh,Central,Consumer,2025-06-03
14032,Customer_14032,Other,62,Bengaluru,Chhattisgarh,Central,Consumer,2023-02-06
14033,Customer_14033,Female,57,Kolkata,Jharkhand,East,Corporate,2025-12-03
14034,Customer_14034,Male,60,Nagpur,Odisha,East,Home Office,2022-01-12
14035,Customer_14035,Male,37,Hyderabad,Maharashtra,West,Consumer,2024-11-25
14036,Customer_14036,Male,35,Mysuru,Delhi,North,Consumer,2022-09-06
14037,Customer_14037,Male,33,Warangal,Meghalaya,Northeast,Consumer,2024-12-18
14038,Customer_14038,Female,32,Coimbatore,Chhattisgarh,Central,Home Office,2026-04-15
14039,Customer_14039,Female,62,Mysuru,Jharkhand,East,Consumer,2024-12-04
14040,Customer_14040,Female,24,Pune,Odisha,East,Consumer,2023-11-26
14041,Customer_14041,Female,58,Nagpur,West Bengal,East,Home Office,2025-08-10
14042,Customer_14042,Male,61,Delhi,Manipur,Northeast,Consumer,2022-11-09
14043,Customer_14043,Female,58,Kolkata,Andhra Pradesh,Southeast,Consumer,2024-05-19
14044,Customer_14044,Female,48,Visakhapatnam,Punjab,North,Home Office,2026-03-26
14045,Customer_14045,Male,59,Kochi,Goa,West,Home Office,2023-07-24
14046,Customer_14046,Female,19,Kolkata,Haryana,North,Consumer,2022-02-13
14047,Customer_14047,Male,57,Bhopal,Maharashtra,West,Consumer,2023-12-08
14048,Customer_14048,Female,42,Hyderabad,Kerala,South,Consumer,2024-02-14
14049,Customer_14049,Female,64,Ahmedabad,Odisha,East,Consumer,2025-07-23
14050,Customer_14050,Male,22,Ahmedabad,Rajasthan,West,Consumer,2025-07-11
14051,Customer_14051,Female,62,Warangal,Jharkhand,East,Consumer,2023-06-29
14052,Customer_14052,Male,45,Kochi,Gujarat,West,Corporate,2025-05-21
14053,Customer_14053,Female,22,Lucknow,Odisha,Southeast,Corporate,2022-08-17
14054,Customer_14054,Male,42,Mysuru,Andhra Pradesh,Southeast,Home Office,2022-10-30
14055,Customer_14055,Male,19,Pune,Rajasthan,North,Corporate,2024-08-24
14056,Customer_14056,Male,21,Vijayawada,Rajasthan,West,Consumer,2025-02-06
14057,Customer_14057,Female,43,Coimbatore,Odisha,Southeast,Consumer,2025-07-15
14058,Customer_14058,Male,57,Kolkata,Chhattisgarh,Central,Consumer,2024-09-22
14059,Customer_14059,Female,23,Nagpur,Tamil Nadu,South,Consumer,2022-07-24
14060,Customer_14060,Male,30,Warangal,Chhattisgarh,Central,Consumer,2024-12-16
14061,Customer_14061,Male,36,Coimbatore,Telangana,South,Corporate,2023-11-18
14062,Customer_14062,Male,43,Mumbai,Rajasthan,North,Consumer,2023-03-02
14063,Customer_14063,Male,18,Visakhapatnam,Assam,Northeast,Consumer,2023-06-27
14064,Customer_14064,Female,48,Kochi,Madhya Pradesh,Central,Consumer,2025-07-21
14065,Customer_14065,Male,41,Visakhapatnam,Andhra Pradesh,Southeast,Home Office,2022-10-12
14066,Customer_14066,Female,64,Bhopal,Jharkhand,East,Corporate,2024-06-13
14067,Customer_14067,Female,32,Chennai,Odisha,Southeast,Consumer,2022-05-13
14068,Customer_14068,Female,41,Mumbai,Maharashtra,West,Consumer,2025-03-06
14069,Customer_14069,Female,21,Kolkata,Assam,Northeast,Home Office,2022-08-28
14070,Customer_14070,Female,62,Kolkata,Uttar Pradesh,North,Consumer,2026-02-12
14071,Customer_14071,Female,58,Bhubaneswar,Uttar Pradesh,North,Corporate,2025-11-12
14072,Customer_14072,Female,35,Guwahati,Telangana,Southeast,Corporate,2025-09-30
14073,Customer_14073,Female,40,Vijayawada,Andhra Pradesh,Southeast,Corporate,2023-07-12
14074,Customer_14074,Female,59,Warangal,Goa,Southwest,Consumer,2025-06-05
14075,Customer_14075,Male,32,Delhi,Odisha,East,Home Office,2022-08-04
14076,Customer_14076,Female,29,Warangal,Rajasthan,North,Consumer,2023-04-09
14077,Customer_14077,Male,29,Lucknow,Karnataka,Southwest,Consumer,2022-07-31
14078,Customer_14078,Female,51,Lucknow,Chhattisgarh,Central,Consumer,2022-03-28
14079,Customer_14079,Female,28,Nagpur,Telangana,South,Consumer,2023-08-11
14080,Customer_14080,Female,22,Coimbatore,Odisha,Southeast,Consumer,2024-07-08
14081,Customer_14081,Female,25,Kolkata,Karnataka,Southwest,Corporate,2025-10-11
14082,Customer_14082,Female,65,Bengaluru,Bihar,East,Home Office,2022-02-25
14083,Customer_14083,Female,59,Ahmedabad,Telangana,Southeast,Consumer,2023-10-14
14084,Customer_14084,Male,63,Bhubaneswar,Telangana,Southeast,Corporate,2025-02-16
14085,Customer_14085,Male,31,Coimbatore,Chhattisgarh,Central,Home Office,2022-11-19
14086,Customer_14086,Male,39,Mysuru,Tripura,Northeast,Consumer,2025-03-24
14087,Customer_14087,Male,41,Kolkata,Jharkhand,East,Corporate,2024-07-01
14088,Customer_14088,Female,43,Bengaluru,Maharashtra,Southwest,Home Office,2024-06-19
14089,Customer_14089,Female,19,Kochi,Maharashtra,Southwest,Corporate,2022-07-19
14090,Customer_14090,Female,46,Chennai,Goa,Southwest,Consumer,2022-09-27
14091,Customer_14091,Male,19,Bengaluru,Meghalaya,Northeast,Home Office,2025-11-04
14092,Customer_14092,Female,31,Lucknow,Delhi,North,Corporate,2025-11-02
14093,Customer_14093,Male,32,Visakhapatnam,Bihar,East,Consumer,2023-12-26
14094,Customer_14094,Female,50,Kochi,Goa,West,Consumer,2024-08-11
14095,Customer_14095,Other,61,Lucknow,Goa,Southwest,Consumer,2024-05-17
14096,Customer_14096,Male,51,Jaipur,Chhattisgarh,Central,Consumer,2024-04-03
14097,Customer_14097,Male,38,Kochi,Chhattisgarh,Central,Consumer,2025-02-13
14098,Customer_14098,Male,43,Warangal,Telangana,South,Consumer,2024-06-27
14099,Customer_14099,Male,42,Coimbatore,Odisha,Southeast,Corporate,2022-07-20
14100,Customer_14100,Male,25,Lucknow,Odisha,East,Corporate,2022-05-13
14101,Customer_14101,Male,63,Jaipur,Rajasthan,North,Consumer,2025-09-22
14102,Customer_14102,Male,62,Warangal,Maharashtra,Southwest,Consumer,2025-03-30
14103,Customer_14103,Male,29,Coimbatore,Tamil Nadu,South,Consumer,2022-11-14
14104,Customer_14104,Male,23,Chennai,Delhi,North,Consumer,2022-04-08
14105,Customer_14105,Female,25,Pune,Haryana,North,Corporate,2022-12-18
14106,Customer_14106,Male,48,Bengaluru,Gujarat,West,Consumer,2024-07-14
14107,Customer_14107,Female,19,Mumbai,Punjab,North,Home Office,2024-07-23
14108,Customer_14108,Male,22,Visakhapatnam,Odisha,Southeast,Consumer,2022-09-28
14109,Customer_14109,Male,49,Mysuru,Chhattisgarh,Central,Consumer,2022-10-09
14110,Customer_14110,Male,25,Mysuru,Odisha,East,Home Office,2022-11-29
14111,Customer_14111,Female,21,Bhopal,Rajasthan,North,Consumer,2023-12-11
14112,Customer_14112,Male,18,Coimbatore,Gujarat,West,Consumer,2023-01-09
14113,Customer_14113,Female,51,Pune,Karnataka,South,Consumer,2024-01-01
14114,Customer_14114,Male,35,Jaipur,Maharashtra,Southwest,Corporate,2022-01-23
14115,Customer_14115,Other,31,Bhopal,Jharkhand,East,Consumer,2026-02-06
14116,Customer_14116,Male,48,Mysuru,Maharashtra,West,Corporate,2025-11-27
14117,Customer_14117,Male,26,Nagpur,Uttar Pradesh,North,Corporate,2023-06-26
14118,Customer_14118,Female,43,Jaipur,Telangana,South,Home Office,2025-07-10
14119,Customer_14119,Male,41,Vijayawada,Tamil Nadu,South,Corporate,2024-05-06
14120,Customer_14120,Male,50,Warangal,Rajasthan,North,Corporate,2022-02-20
14121,Customer_14121,Female,47,Bengaluru,Meghalaya,Northeast,Corporate,2023-04-01
14122,Customer_14122,Male,50,Chennai,Karnataka,Southwest,Consumer,2022-04-02
14123,Customer_14123,Male,28,Hyderabad,Maharashtra,Southwest,Corporate,2025-02-06
14124,Customer_14124,Male,24,Lucknow,West Bengal,East,Corporate,2025-06-06
14125,Customer_14125,Male,43,Pune,Telangana,Southeast,Consumer,2024-09-14
14126,Customer_14126,Female,20,Lucknow,Chhattisgarh,Central,Corporate,2022-01-11
14127,Customer_14127,Female,39,Jaipur,Uttar Pradesh,North,Consumer,2023-01-13
14128,Customer_14128,Female,48,Bhopal,Rajasthan,North,Consumer,2024-01-21
14129,Customer_14129,Male,57,Chennai,Madhya Pradesh,Central,Consumer,2022-08-20
14130,Customer_14130,Female,49,Kolkata,Gujarat,West,Consumer,2022-06-21
14131,Customer_14131,Female,65,Pune,Punjab,North,Consumer,2023-05-02
14132,Customer_14132,Male,44,Visakhapatnam,Maharashtra,Southwest,Consumer,2024-08-04
14133,Customer_14133,Female,39,Coimbatore,Manipur,Northeast,Consumer,2022-05-22
14134,Customer_14134,Female,29,Mumbai,Chhattisgarh,Central,Consumer,2026-05-17
14135,Customer_14135,Female,50,Ahmedabad,Goa,Southwest,Consumer,2024-01-05
14136,Customer_14136,Male,56,Nagpur,Karnataka,Southwest,Consumer,2022-10-03
14137,Customer_14137,Male,33,Hyderabad,Karnataka,Southwest,Home Office,2022-02-02
14138,Customer_14138,Female,21,Bengaluru,Odisha,East,Corporate,2026-03-11
14139,Customer_14139,Female,18,Nagpur,Karnataka,Southwest,Consumer,2024-08-09
14140,Customer_14140,Male,48,Kochi,Chhattisgarh,Central,Consumer,2025-10-16
14141,Customer_14141,Male,49,Mysuru,Tripura,Northeast,Consumer,2025-05-27
14142,Customer_14142,Female,23,Lucknow,Andhra Pradesh,Southeast,Consumer,2026-04-27
14143,Customer_14143,Male,19,Lucknow,Tamil Nadu,South,Consumer,2025-11-24
14144,Customer_14144,Male,49,Mumbai,Gujarat,West,Corporate,2025-05-10
14145,Customer_14145,Female,37,Warangal,Andhra Pradesh,South,Corporate,2025-09-23
14146,Customer_14146,Male,38,Jaipur,Jharkhand,East,Consumer,2025-10-03
14147,Customer_14147,Male,30,Bhubaneswar,Goa,West,Corporate,2023-02-12
14148,Customer_14148,Male,52,Hyderabad,Telangana,Southeast,Consumer,2024-08-09
14149,Customer_14149,Female,53,Hyderabad,Telangana,Southeast,Corporate,2026-04-27
14150,Customer_14150,Male,20,Coimbatore,Goa,West,Home Office,2025-10-19
14151,Customer_14151,Female,22,Nagpur,Odisha,East,Consumer,2022-06-18
14152,Customer_14152,Other,44,Nagpur,Madhya Pradesh,Central,Corporate,2022-06-28
14153,Customer_14153,Female,46,Coimbatore,Maharashtra,Southwest,Corporate,2022-11-17
14154,Customer_14154,Female,24,Visakhapatnam,Goa,Southwest,Consumer,2025-04-01
14155,Customer_14155,Female,25,Delhi,Karnataka,South,Consumer,2023-09-23
14156,Customer_14156,Male,50,Nagpur,Karnataka,South,Corporate,2024-10-02
14157,Customer_14157,Female,39,Mumbai,Meghalaya,Northeast,Consumer,2022-08-12
14158,Customer_14158,Female,23,Chennai,Odisha,East,Consumer,2022-04-06
14159,Customer_14159,Female,47,Warangal,Kerala,South,Corporate,2025-05-18
14160,Customer_14160,Male,21,Jaipur,Uttar Pradesh,North,Consumer,2023-04-12
14161,Customer_14161,Male,29,Vijayawada,Goa,West,Consumer,2022-03-11
14162,Customer_14162,Female,52,Mysuru,Maharashtra,West,Home Office,2022-12-12
14163,Customer_14163,Male,28,Delhi,Chhattisgarh,Central,Consumer,2023-06-01
14164,Customer_14164,Female,21,Guwahati,Kerala,South,Consumer,2023-10-11
14165,Customer_14165,Male,64,Pune,Manipur,Northeast,Corporate,2025-12-05
14166,Customer_14166,Female,28,Kolkata,Manipur,Northeast,Consumer,2022-11-14
14167,Customer_14167,Female,42,Hyderabad,Goa,West,Corporate,2024-08-24
14168,Customer_14168,Male,57,Ahmedabad,Tamil Nadu,South,Corporate,2023-03-16
14169,Customer_14169,Male,65,Guwahati,Madhya Pradesh,Central,Consumer,2024-03-08
14170,Customer_14170,Female,56,Guwahati,Assam,Northeast,Consumer,2023-04-19
14171,Customer_14171,Male,34,Mumbai,West Bengal,East,Home Office,2023-07-05
14172,Customer_14172,Male,58,Bhopal,Jharkhand,East,Home Office,2024-08-17
14173,Customer_14173,Female,18,Chennai,Madhya Pradesh,Central,Consumer,2024-08-01
14174,Customer_14174,Male,33,Kochi,West Bengal,East,Consumer,2022-08-04
14175,Customer_14175,Female,27,Lucknow,Maharashtra,West,Consumer,2022-09-08
14176,Customer_14176,Male,43,Mumbai,Odisha,East,Home Office,2023-01-21
14177,Customer_14177,Male,60,Chennai,Bihar,East,Corporate,2025-12-09
14178,Customer_14178,Female,55,Bengaluru,Meghalaya,Northeast,Consumer,2023-05-23
14179,Customer_14179,Male,65,Lucknow,Goa,West,Home Office,2024-07-13
14180,Customer_14180,Male,24,Kochi,Goa,West,Consumer,2023-12-20
14181,Customer_14181,Female,54,Chennai,Meghalaya,Northeast,Consumer,2023-07-21
14182,Customer_14182,Female,52,Warangal,West Bengal,East,Consumer,2022-03-02
14183,Customer_14183,Female,39,Bhopal,Haryana,North,Consumer,2023-12-07
14184,Customer_14184,Female,22,Pune,Odisha,Southeast,Corporate,2026-05-18
14185,Customer_14185,Male,23,Kochi,Uttar Pradesh,North,Consumer,2026-02-14
14186,Customer_14186,Male,61,Delhi,Madhya Pradesh,Central,Corporate,2023-04-26
14187,Customer_14187,Female,32,Delhi,Bihar,East,Home Office,2024-05-03
14188,Customer_14188,Female,48,Jaipur,Tamil Nadu,South,Consumer,2023-04-05
14189,Customer_14189,Female,63,Jaipur,Delhi,North,Consumer,2026-01-14
14190,Customer_14190,Male,41,Vijayawada,Goa,Southwest,Corporate,2024-06-06
14191,Customer_14191,Male,28,Pune,Gujarat,West,Consumer,2026-01-12
14192,Customer_14192,Male,41,Jaipur,Jharkhand,East,Corporate,2025-09-28
14193,Customer_14193,Female,29,Kochi,Meghalaya,Northeast,Consumer,2023-06-09
14194,Customer_14194,Female,26,Jaipur,Uttar Pradesh,North,Consumer,2024-01-01
14195,Customer_14195,Male,56,Ahmedabad,Chhattisgarh,Central,Home Office,2024-06-30
14196,Customer_14196,Male,34,Chennai,Maharashtra,West,Consumer,2023-02-03
14197,Customer_14197,Male,50,Chennai,Chhattisgarh,Central,Consumer,2025-08-23
14198,Customer_14198,Male,52,Guwahati,Rajasthan,North,Consumer,2024-06-24
14199,Customer_14199,Female,44,Vijayawada,Karnataka,Southwest,Corporate,2022-11-28
14200,Customer_14200,Female,43,Kochi,Karnataka,South,Home Office,2024-02-12
14201,Customer_14201,Male,26,Lucknow,Assam,Northeast,Consumer,2025-08-07
14202,Customer_14202,Female,43,Chennai,Assam,Northeast,Consumer,2023-11-08
14203,Customer_14203,Other,54,Nagpur,Bihar,East,Consumer,2025-02-10
14204,Customer_14204,Male,27,Visakhapatnam,Andhra Pradesh,South,Corporate,2026-04-24
14205,Customer_14205,Male,29,Guwahati,Jharkhand,East,Consumer,2023-06-21
14206,Customer_14206,Male,51,Visakhapatnam,Odisha,Southeast,Consumer,2026-05-13
14207,Customer_14207,Male,65,Visakhapatnam,Goa,Southwest,Consumer,2023-10-26
14208,Customer_14208,Female,36,Kochi,Goa,Southwest,Consumer,2024-06-18
14209,Customer_14209,Female,57,Mumbai,Karnataka,South,Corporate,2025-05-21
14210,Customer_14210,Male,26,Kochi,Madhya Pradesh,Central,Consumer,2022-04-19
14211,Customer_14211,Male,45,Nagpur,Andhra Pradesh,South,Consumer,2025-01-27
14212,Customer_14212,Female,63,Kochi,Tripura,Northeast,Consumer,2024-06-26
14213,Customer_14213,Male,39,Bengaluru,Rajasthan,West,Consumer,2024-11-14
14214,Customer_14214,Female,42,Ahmedabad,Meghalaya,Northeast,Consumer,2026-03-04
14215,Customer_14215,Female,25,Hyderabad,Assam,Northeast,Consumer,2024-02-16
14216,Customer_14216,Female,43,Chennai,Maharashtra,Southwest,Consumer,2026-01-21
14217,Customer_14217,Female,46,Delhi,Gujarat,West,Consumer,2024-06-27
14218,Customer_14218,Female,65,Kolkata,West Bengal,East,Consumer,2022-12-11
14219,Customer_14219,Female,27,Hyderabad,Chhattisgarh,Central,Corporate,2024-11-10
14220,Customer_14220,Male,35,Hyderabad,Telangana,South,Consumer,2022-11-01
14221,Customer_14221,Male,49,Bhopal,Rajasthan,North,Consumer,2025-12-09
14222,Customer_14222,Male,63,Vijayawada,Chhattisgarh,Central,Corporate,2022-09-01
14223,Customer_14223,Male,29,Mumbai,Telangana,Southeast,Consumer,2024-03-08
14224,Customer_14224,Male,51,Visakhapatnam,Chhattisgarh,Central,Consumer,2025-08-04
14225,Customer_14225,Male,60,Ahmedabad,Odisha,Southeast,Corporate,2022-01-15
14226,Customer_14226,Male,48,Lucknow,Andhra Pradesh,South,Consumer,2024-02-24
14227,Customer_14227,Male,38,Delhi,Goa,West,Home Office,2024-03-21
14228,Customer_14228,Male,29,Mumbai,Madhya Pradesh,Central,Consumer,2023-06-25
14229,Customer_14229,Female,31,Nagpur,Bihar,East,Home Office,2024-12-12
14230,Customer_14230,Female,20,Kochi,Rajasthan,North,Corporate,2023-06-04
14231,Customer_14231,Female,25,Nagpur,Punjab,North,Consumer,2023-08-23
14232,Customer_14232,Female,39,Kolkata,Maharashtra,Southwest,Consumer,2023-03-17
14233,Customer_14233,Female,24,Chennai,Madhya Pradesh,Central,Corporate,2024-09-25
14234,Customer_14234,Female,18,Jaipur,Bihar,East,Consumer,2025-11-13
14235,Customer_14235,Male,51,Kolkata,West Bengal,East,Consumer,2022-10-12
14236,Customer_14236,Other,21,Lucknow,Uttar Pradesh,North,Home Office,2023-10-18
14237,Customer_14237,Male,24,Lucknow,Goa,Southwest,Corporate,2022-12-28
14238,Customer_14238,Female,46,Bengaluru,Haryana,North,Home Office,2023-01-26
14239,Customer_14239,Female,62,Coimbatore,Andhra Pradesh,Southeast,Corporate,2026-04-04
14240,Customer_14240,Male,52,Kolkata,Kerala,South,Corporate,2025-02-10
14241,Customer_14241,Female,19,Kochi,Bihar,East,Corporate,2026-02-20
14242,Customer_14242,Male,26,Jaipur,West Bengal,East,Corporate,2024-10-13
14243,Customer_14243,Male,53,Warangal,Telangana,Southeast,Home Office,2024-12-02
14244,Customer_14244,Male,53,Lucknow,Haryana,North,Consumer,2025-02-18
14245,Customer_14245,Male,36,Delhi,Odisha,East,Consumer,2024-11-10
14246,Customer_14246,Male,63,Mumbai,Odisha,East,Consumer,2025-08-08
14247,Customer_14247,Female,60,Lucknow,West Bengal,East,Consumer,2023-06-06
14248,Customer_14248,Female,53,Mysuru,Kerala,South,Home Office,2022-06-11
14249,Customer_14249,Male,53,Visakhapatnam,Maharashtra,Southwest,Corporate,2024-02-21
14250,Customer_14250,Female,55,Nagpur,Rajasthan,West,Consumer,2022-01-04
14251,Customer_14251,Male,25,Mumbai,Rajasthan,West,Consumer,2022-03-17
14252,Customer_14252,Male,51,Bhubaneswar,Maharashtra,West,Consumer,2022-03-22
14253,Customer_14253,Female,63,Nagpur,Karnataka,Southwest,Consumer,2022-05-04
14254,Customer_14254,Female,28,Delhi,Odisha,East,Corporate,2025-02-04
14255,Customer_14255,Male,18,Chennai,Odisha,East,Consumer,2024-08-14
14256,Customer_14256,Male,35,Ahmedabad,Bihar,East,Consumer,2026-02-04
14257,Customer_14257,Female,30,Guwahati,Bihar,East,Consumer,2023-04-09
14258,Customer_14258,Female,63,Bengaluru,Haryana,North,Consumer,2023-06-14
14259,Customer_14259,Male,39,Kochi,Chhattisgarh,Central,Consumer,2024-02-24
14260,Customer_14260,Male,49,Guwahati,Punjab,North,Home Office,2025-06-03
14261,Customer_14261,Male,65,Hyderabad,Kerala,South,Home Office,2026-01-29
14262,Customer_14262,Female,55,Warangal,Kerala,South,Corporate,2025-03-12
14263,Customer_14263,Female,53,Bengaluru,Jharkhand,East,Consumer,2024-03-22
14264,Customer_14264,Female,64,Mumbai,Telangana,Southeast,Consumer,2026-04-14
14265,Customer_14265,Male,51,Vijayawada,Madhya Pradesh,Central,Home Office,2022-10-18
14266,Customer_14266,Female,29,Kolkata,Maharashtra,Southwest,Home Office,2024-01-24
14267,Customer_14267,Female,52,Bengaluru,Bihar,East,Consumer,2023-01-31
14268,Customer_14268,Male,33,Bhubaneswar,Karnataka,Southwest,Corporate,2022-09-23
14269,Customer_14269,Female,33,Pune,Punjab,North,Consumer,2023-09-27
14270,Customer_14270,Male,48,Guwahati,Madhya Pradesh,Central,Consumer,2025-05-09
14271,Customer_14271,Male,33,Mumbai,Odisha,Southeast,Home Office,2023-05-27
14272,Customer_14272,Female,19,Warangal,Chhattisgarh,Central,Home Office,2025-08-03
14273,Customer_14273,Male,65,Lucknow,Karnataka,Southwest,Home Office,2024-09-04
14274,Customer_14274,Other,45,Vijayawada,West Bengal,East,Consumer,2025-02-05
14275,Customer_14275,Female,50,Visakhapatnam,Rajasthan,North,Consumer,2023-01-25
14276,Customer_14276,Male,56,Bhopal,Andhra Pradesh,Southeast,Home Office,2025-10-13
14277,Customer_14277,Male,48,Hyderabad,Uttar Pradesh,North,Corporate,2022-11-23
14278,Customer_14278,Female,47,Bhubaneswar,Telangana,Southeast,Consumer,2023-08-17
14279,Customer_14279,Male,56,Ahmedabad,Tripura,Northeast,Consumer,2025-06-07
14280,Customer_14280,Female,32,Bhopal,Odisha,Southeast,Consumer,2025-01-09
14281,Customer_14281,Male,57,Visakhapatnam,Goa,West,Consumer,2023-04-25
14282,Customer_14282,Male,52,Jaipur,Goa,Southwest,Home Office,2023-02-27
14283,Customer_14283,Female,26,Coimbatore,Kerala,South,Consumer,2023-11-24
14284,Customer_14284,Male,25,Kochi,Rajasthan,West,Consumer,2023-12-16
14285,Customer_14285,Female,60,Mysuru,Rajasthan,North,Consumer,2022-04-06
14286,Customer_14286,Female,60,Guwahati,Odisha,Southeast,Consumer,2023-01-23
14287,Customer_14287,Male,65,Bengaluru,Tripura,Northeast,Consumer,2022-09-05
14288,Customer_14288,Female,22,Mumbai,Telangana,Southeast,Consumer,2022-09-05
14289,Customer_14289,Female,60,Mysuru,Odisha,Southeast,Corporate,2023-07-20
14290,Customer_14290,Female,59,Jaipur,Bihar,East,Consumer,2022-02-27
14291,Customer_14291,Male,54,Coimbatore,Uttar Pradesh,North,Corporate,2024-12-19
14292,Customer_14292,Male,41,Bengaluru,Maharashtra,Southwest,Consumer,2024-12-10
14293,Customer_14293,Female,42,Chennai,Maharashtra,West,Consumer,2022-12-19
14294,Customer_14294,Female,38,Visakhapatnam,Punjab,North,Consumer,2025-11-01
14295,Customer_14295,Female,19,Lucknow,Goa,Southwest,Corporate,2024-08-07
14296,Customer_14296,Female,42,Bhopal,Goa,Southwest,Consumer,2023-05-19
14297,Customer_14297,Female,29,Guwahati,Maharashtra,West,Consumer,2022-11-07
14298,Customer_14298,Male,27,Mumbai,Telangana,Southeast,Consumer,2023-11-18
14299,Customer_14299,Female,20,Pune,Delhi,North,Consumer,2026-03-17
14300,Customer_14300,Male,39,Warangal,Punjab,North,Consumer,2022-01-06
14301,Customer_14301,Male,20,Warangal,Odisha,East,Consumer,2022-02-02
14302,Customer_14302,Female,58,Hyderabad,Manipur,Northeast,Consumer,2023-10-23
14303,Customer_14303,Male,60,Visakhapatnam,Telangana,South,Consumer,2026-01-10
14304,Customer_14304,Male,56,Guwahati,Punjab,North,Corporate,2023-03-27
14305,Customer_14305,Female,32,Mumbai,Manipur,Northeast,Consumer,2025-04-10
14306,Customer_14306,Female,25,Bhubaneswar,Telangana,Southeast,Home Office,2024-07-07
14307,Customer_14307,Female,42,Visakhapatnam,Assam,Northeast,Corporate,2022-11-15
14308,Customer_14308,Female,50,Warangal,Telangana,Southeast,Consumer,2025-12-24
14309,Customer_14309,Male,18,Kochi,Telangana,Southeast,Corporate,2022-09-19
14310,Customer_14310,Female,59,Lucknow,Madhya Pradesh,Central,Consumer,2024-03-20
14311,Customer_14311,Male,39,Kochi,Madhya Pradesh,Central,Home Office,2024-11-26
14312,Customer_14312,Male,57,Chennai,Andhra Pradesh,Southeast,Home Office,2024-12-16
14313,Customer_14313,Male,21,Delhi,Bihar,East,Corporate,2025-09-28
14314,Customer_14314,Male,38,Bhubaneswar,Delhi,North,Consumer,2025-02-02
14315,Customer_14315,Female,39,Hyderabad,Odisha,Southeast,Home Office,2024-11-17
14316,Customer_14316,Male,20,Lucknow,West Bengal,East,Corporate,2022-09-01
14317,Customer_14317,Female,51,Warangal,Maharashtra,Southwest,Home Office,2023-05-06
14318,Customer_14318,Male,62,Chennai,Gujarat,West,Consumer,2023-07-09
14319,Customer_14319,Male,43,Chennai,Andhra Pradesh,Southeast,Home Office,2023-08-17
14320,Customer_14320,Female,37,Nagpur,Uttar Pradesh,North,Corporate,2022-07-01
14321,Customer_14321,Female,48,Hyderabad,Assam,Northeast,Consumer,2022-06-02
14322,Customer_14322,Female,35,Hyderabad,Gujarat,West,Home Office,2023-12-07
14323,Customer_14323,Male,35,Hyderabad,Goa,West,Corporate,2025-03-02
14324,Customer_14324,Male,54,Kochi,Jharkhand,East,Home Office,2025-11-20
14325,Customer_14325,Female,46,Mysuru,Karnataka,Southwest,Consumer,2026-02-13
14326,Customer_14326,Female,30,Mumbai,Rajasthan,West,Consumer,2024-02-09
14327,Customer_14327,Male,37,Bhopal,Telangana,Southeast,Corporate,2025-12-08
14328,Customer_14328,Female,58,Lucknow,Rajasthan,West,Consumer,2023-12-31
14329,Customer_14329,Female,43,Pune,Rajasthan,North,Corporate,2024-01-28
14330,Customer_14330,Female,21,Bengaluru,Karnataka,Southwest,Corporate,2022-12-01
14331,Customer_14331,Male,59,Vijayawada,Telangana,South,Consumer,2024-10-01
14332,Customer_14332,Female,53,Bengaluru,Jharkhand,East,Corporate,2023-05-12
14333,Customer_14333,Male,30,Chennai,Telangana,Southeast,Consumer,2024-02-16
14334,Customer_14334,Other,64,Vijayawada,Maharashtra,Southwest,Corporate,2026-02-07
14335,Customer_14335,Male,63,Bhubaneswar,Goa,Southwest,Home Office,2024-05-24
14336,Customer_14336,Male,65,Nagpur,Maharashtra,West,Consumer,2023-04-30
14337,Customer_14337,Male,36,Kochi,Telangana,Southeast,Consumer,2024-12-08
14338,Customer_14338,Female,62,Delhi,West Bengal,East,Consumer,2025-03-16
14339,Customer_14339,Other,56,Kolkata,Assam,Northeast,Consumer,2024-08-28
14340,Customer_14340,Female,59,Kochi,Madhya Pradesh,Central,Home Office,2022-03-09
14341,Customer_14341,Female,44,Mumbai,Haryana,North,Consumer,2022-12-28
14342,Customer_14342,Other,31,Warangal,Maharashtra,West,Consumer,2022-07-25
14343,Customer_14343,Female,28,Bhopal,Goa,West,Consumer,2026-03-10
14344,Customer_14344,Male,64,Bhubaneswar,Bihar,East,Corporate,2023-05-14
14345,Customer_14345,Female,42,Bengaluru,West Bengal,East,Corporate,2024-01-29
14346,Customer_14346,Male,62,Delhi,Chhattisgarh,Central,Consumer,2025-12-13
14347,Customer_14347,Male,44,Delhi,Rajasthan,North,Consumer,2026-05-05
14348,Customer_14348,Male,43,Coimbatore,Tamil Nadu,South,Consumer,2022-12-17
14349,Customer_14349,Male,21,Mumbai,Andhra Pradesh,Southeast,Consumer,2025-10-07
14350,Customer_14350,Female,37,Nagpur,West Bengal,East,Consumer,2025-03-08
14351,Customer_14351,Other,44,Mysuru,Chhattisgarh,Central,Corporate,2024-09-09
14352,Customer_14352,Male,23,Kolkata,Madhya Pradesh,Central,Consumer,2022-09-26
14353,Customer_14353,Female,25,Visakhapatnam,Madhya Pradesh,Central,Consumer,2025-01-10
14354,Customer_14354,Male,46,Visakhapatnam,Gujarat,West,Corporate,2024-09-07
14355,Customer_14355,Male,29,Hyderabad,Rajasthan,West,Corporate,2023-12-16
14356,Customer_14356,Male,51,Guwahati,Telangana,Southeast,Consumer,2024-07-27
14357,Customer_14357,Male,40,Bhopal,Karnataka,Southwest,Consumer,2022-12-04
14358,Customer_14358,Male,37,Kolkata,Odisha,East,Corporate,2024-09-22
14359,Customer_14359,Male,23,Warangal,Tripura,Northeast,Consumer,2022-09-03
14360,Customer_14360,Male,37,Jaipur,Goa,Southwest,Corporate,2023-04-04
14361,Customer_14361,Male,44,Pune,Haryana,North,Corporate,2024-03-02
14362,Customer_14362,Female,45,Kolkata,Odisha,Southeast,Home Office,2022-09-17
14363,Customer_14363,Male,30,Chennai,Gujarat,West,Consumer,2026-01-01
14364,Customer_14364,Male,19,Bhubaneswar,Maharashtra,Southwest,Consumer,2025-11-19
14365,Customer_14365,Female,62,Ahmedabad,Madhya Pradesh,Central,Home Office,2024-01-29
14366,Customer_14366,Male,63,Mysuru,Odisha,Southeast,Consumer,2024-06-30
14367,Customer_14367,Female,61,Hyderabad,Kerala,South,Consumer,2023-04-12
14368,Customer_14368,Male,31,Kochi,Kerala,South,Consumer,2022-12-06
14369,Customer_14369,Female,46,Coimbatore,Karnataka,Southwest,Consumer,2026-03-18
14370,Customer_14370,Female,24,Kochi,Madhya Pradesh,Central,Corporate,2023-10-24
14371,Customer_14371,Female,61,Nagpur,Chhattisgarh,Central,Home Office,2026-03-06
14372,Customer_14372,Female,18,Jaipur,Andhra Pradesh,South,Corporate,2022-04-18
14373,Customer_14373,Male,40,Chennai,Karnataka,South,Consumer,2022-06-20
14374,Customer_14374,Male,59,Hyderabad,Odisha,Southeast,Home Office,2024-01-31
14375,Customer_14375,Male,52,Vijayawada,Jharkhand,East,Corporate,2025-06-05
14376,Customer_14376,Female,59,Mumbai,Madhya Pradesh,Central,Consumer,2023-11-10
14377,Customer_14377,Male,41,Chennai,Odisha,East,Corporate,2025-09-05
14378,Customer_14378,Male,22,Chennai,Odisha,East,Consumer,2022-08-01
14379,Customer_14379,Female,18,Delhi,Andhra Pradesh,South,Consumer,2025-10-01
14380,Customer_14380,Male,25,Chennai,Goa,Southwest,Consumer,2023-12-12
14381,Customer_14381,Male,20,Vijayawada,Karnataka,Southwest,Consumer,2023-04-02
14382,Customer_14382,Female,39,Ahmedabad,Punjab,North,Consumer,2024-10-20
14383,Customer_14383,Male,20,Delhi,West Bengal,East,Consumer,2025-05-30
14384,Customer_14384,Female,26,Chennai,Madhya Pradesh,Central,Consumer,2026-01-25
14385,Customer_14385,Female,38,Coimbatore,Maharashtra,West,Consumer,2022-05-21
14386,Customer_14386,Female,53,Bengaluru,Manipur,Northeast,Consumer,2025-01-30
14387,Customer_14387,Male,50,Lucknow,West Bengal,East,Corporate,2023-05-19
14388,Customer_14388,Male,20,Jaipur,Haryana,North,Home Office,2024-03-14
14389,Customer_14389,Female,61,Visakhapatnam,West Bengal,East,Consumer,2024-01-09
14390,Customer_14390,Female,44,Pune,Chhattisgarh,Central,Corporate,2025-05-17
14391,Customer_14391,Female,34,Delhi,Telangana,South,Consumer,2023-09-30
14392,Customer_14392,Male,36,Chennai,Odisha,Southeast,Consumer,2023-03-24
14393,Customer_14393,Male,58,Coimbatore,Uttar Pradesh,North,Consumer,2024-02-19
14394,Customer_14394,Male,40,Chennai,Rajasthan,North,Consumer,2024-12-06
14395,Customer_14395,Male,29,Ahmedabad,Chhattisgarh,Central,Consumer,2025-09-16
14396,Customer_14396,Male,38,Delhi,Chhattisgarh,Central,Corporate,2022-01-09
14397,Customer_14397,Female,21,Coimbatore,Odisha,East,Corporate,2024-06-28
14398,Customer_14398,Male,25,Warangal,Odisha,East,Home Office,2022-04-27
14399,Customer_14399,Female,33,Kochi,Delhi,North,Home Office,2024-09-18
14400,Customer_14400,Female,28,Bhopal,Tripura,Northeast,Consumer,2024-09-25
14401,Customer_14401,Male,34,Coimbatore,Maharashtra,West,Consumer,2025-09-30
14402,Customer_14402,Female,21,Guwahati,Punjab,North,Consumer,2022-11-05
14403,Customer_14403,Female,47,Delhi,Goa,West,Consumer,2025-06-25
14404,Customer_14404,Male,23,Bhopal,Karnataka,Southwest,Home Office,2025-01-06
14405,Customer_14405,Male,28,Kolkata,Jharkhand,East,Consumer,2024-11-30
14406,Customer_14406,Female,64,Kochi,Karnataka,Southwest,Consumer,2024-10-15
14407,Customer_14407,Female,18,Vijayawada,Bihar,East,Consumer,2024-05-29
14408,Customer_14408,Female,31,Mysuru,Kerala,South,Home Office,2022-04-12
14409,Customer_14409,Other,42,Delhi,Odisha,East,Consumer,2025-07-24
14410,Customer_14410,Male,32,Warangal,Bihar,East,Corporate,2023-09-20
14411,Customer_14411,Female,33,Mumbai,Haryana,North,Consumer,2022-06-17
14412,Customer_14412,Female,24,Kochi,Chhattisgarh,Central,Consumer,2024-09-07
14413,Customer_14413,Female,38,Hyderabad,Odisha,East,Consumer,2026-02-24
14414,Customer_14414,Female,54,Visakhapatnam,Assam,Northeast,Corporate,2025-02-15
14415,Customer_14415,Female,46,Hyderabad,Goa,West,Corporate,2023-01-29
14416,Customer_14416,Female,62,Kolkata,Gujarat,West,Consumer,2025-07-29
14417,Customer_14417,Male,51,Vijayawada,Gujarat,West,Consumer,2025-09-16
14418,Customer_14418,Female,55,Kolkata,Tamil Nadu,South,Consumer,2023-06-13
14419,Customer_14419,Male,38,Jaipur,Tripura,Northeast,Consumer,2024-04-16
14420,Customer_14420,Female,47,Chennai,Haryana,North,Consumer,2025-08-31
14421,Customer_14421,Female,45,Lucknow,Meghalaya,Northeast,Consumer,2022-09-09
14422,Customer_14422,Female,57,Bhopal,Goa,Southwest,Corporate,2023-07-21
14423,Customer_14423,Male,42,Vijayawada,Telangana,Southeast,Corporate,2024-01-01
14424,Customer_14424,Female,37,Bengaluru,Goa,West,Corporate,2022-01-12
14425,Customer_14425,Male,21,Bengaluru,Jharkhand,East,Corporate,2022-09-25
14426,Customer_14426,Male,59,Ahmedabad,Andhra Pradesh,Southeast,Home Office,2024-09-03
14427,Customer_14427,Male,38,Mysuru,Jharkhand,East,Home Office,2023-02-26
14428,Customer_14428,Female,56,Guwahati,Goa,West,Consumer,2023-01-22
14429,Customer_14429,Male,50,Visakhapatnam,Andhra Pradesh,Southeast,Consumer,2023-04-19
14430,Customer_14430,Other,18,Vijayawada,Karnataka,Southwest,Consumer,2022-07-19
14431,Customer_14431,Male,49,Mumbai,Goa,Southwest,Home Office,2024-10-15
14432,Customer_14432,Female,41,Bengaluru,Delhi,North,Consumer,2023-02-18
14433,Customer_14433,Female,29,Bhopal,Maharashtra,Southwest,Consumer,2024-11-08
14434,Customer_14434,Female,30,Visakhapatnam,Uttar Pradesh,North,Consumer,2025-08-17
14435,Customer_14435,Female,48,Vijayawada,Madhya Pradesh,Central,Consumer,2024-02-05
14436,Customer_14436,Female,22,Kolkata,Karnataka,Southwest,Consumer,2026-01-02
14437,Customer_14437,Female,47,Kolkata,Meghalaya,Northeast,Corporate,2022-11-11
14438,Customer_14438,Female,58,Nagpur,Goa,Southwest,Consumer,2026-03-19
14439,Customer_14439,Male,22,Bhubaneswar,Odisha,East,Home Office,2023-05-31
14440,Customer_14440,Male,18,Ahmedabad,Bihar,East,Consumer,2023-04-30
14441,Customer_14441,Female,20,Jaipur,West Bengal,East,Home Office,2026-04-17
14442,Customer_14442,Male,53,Lucknow,West Bengal,East,Consumer,2023-12-31
14443,Customer_14443,Female,58,Kolkata,Assam,Northeast,Consumer,2025-04-10
14444,Customer_14444,Female,65,Warangal,Maharashtra,West,Home Office,2025-07-08
14445,Customer_14445,Male,19,Chennai,Manipur,Northeast,Home Office,2023-12-19
14446,Customer_14446,Female,41,Lucknow,Gujarat,West,Corporate,2023-05-24
14447,Customer_14447,Female,20,Bengaluru,West Bengal,East,Home Office,2024-02-26
14448,Customer_14448,Female,35,Lucknow,Kerala,South,Consumer,2023-09-09
14449,Customer_14449,Female,32,Kochi,Chhattisgarh,Central,Consumer,2023-10-29
14450,Customer_14450,Female,47,Bengaluru,Goa,Southwest,Consumer,2023-01-15
14451,Customer_14451,Female,61,Warangal,Telangana,Southeast,Home Office,2026-01-03
14452,Customer_14452,Female,56,Pune,Jharkhand,East,Corporate,2024-07-04
14453,Customer_14453,Male,21,Vijayawada,Gujarat,West,Home Office,2025-06-28
14454,Customer_14454,Female,29,Hyderabad,Tripura,Northeast,Corporate,2024-11-20
14455,Customer_14455,Female,31,Lucknow,Chhattisgarh,Central,Corporate,2023-07-19
14456,Customer_14456,Male,30,Warangal,Punjab,North,Consumer,2023-05-25
14457,Customer_14457,Male,34,Jaipur,Chhattisgarh,Central,Consumer,2026-04-21
14458,Customer_14458,Female,47,Guwahati,Punjab,North,Consumer,2022-02-08
14459,Customer_14459,Male,53,Kochi,Rajasthan,North,Corporate,2023-04-17
14460,Customer_14460,Female,63,Kochi,Assam,Northeast,Consumer,2025-03-23
14461,Customer_14461,Male,51,Chennai,Rajasthan,North,Home Office,2024-05-23
14462,Customer_14462,Male,32,Warangal,Bihar,East,Corporate,2024-09-13
14463,Customer_14463,Female,26,Lucknow,Madhya Pradesh,Central,Consumer,2022-02-04
14464,Customer_14464,Male,36,Mysuru,Meghalaya,Northeast,Home Office,2022-12-17
14465,Customer_14465,Male,56,Kochi,Gujarat,West,Consumer,2024-08-17
14466,Customer_14466,Female,65,Mumbai,Uttar Pradesh,North,Corporate,2023-05-19
14467,Customer_14467,Female,36,Ahmedabad,Odisha,Southeast,Consumer,2024-01-23
14468,Customer_14468,Male,26,Bengaluru,Karnataka,Southwest,Consumer,2026-03-12
14469,Customer_14469,Female,18,Kolkata,Maharashtra,Southwest,Consumer,2024-10-18
14470,Customer_14470,Female,21,Mysuru,Meghalaya,Northeast,Consumer,2024-10-05
14471,Customer_14471,Female,48,Bhubaneswar,Gujarat,West,Corporate,2022-11-11
14472,Customer_14472,Male,46,Mysuru,Goa,Southwest,Home Office,2024-08-10
14473,Customer_14473,Male,48,Jaipur,Rajasthan,West,Home Office,2026-03-17
14474,Customer_14474,Female,19,Ahmedabad,Karnataka,South,Consumer,2024-10-20
14475,Customer_14475,Female,38,Lucknow,Odisha,Southeast,Home Office,2025-06-10
14476,Customer_14476,Male,26,Pune,Odisha,East,Consumer,2026-03-08
14477,Customer_14477,Female,34,Mysuru,Karnataka,Southwest,Consumer,2025-12-13
14478,Customer_14478,Male,47,Nagpur,Odisha,East,Corporate,2023-06-28
14479,Customer_14479,Female,31,Chennai,Odisha,Southeast,Home Office,2023-04-18
14480,Customer_14480,Female,49,Bhopal,Chhattisgarh,Central,Home Office,2023-03-26
14481,Customer_14481,Female,31,Visakhapatnam,Goa,West,Corporate,2025-05-17
14482,Customer_14482,Female,42,Ahmedabad,Odisha,East,Consumer,2023-08-26
14483,Customer_14483,Male,40,Coimbatore,Odisha,Southeast,Consumer,2025-08-09
14484,Customer_14484,Female,36,Pune,Punjab,North,Consumer,2025-07-05
14485,Customer_14485,Male,24,Bengaluru,Goa,West,Consumer,2024-12-01
14486,Customer_14486,Female,45,Warangal,Jharkhand,East,Consumer,2022-07-13
14487,Customer_14487,Female,65,Bhubaneswar,Chhattisgarh,Central,Consumer,2025-02-12
14488,Customer_14488,Male,48,Bhubaneswar,Jharkhand,East,Consumer,2022-11-27
14489,Customer_14489,Male,53,Delhi,Assam,Northeast,Consumer,2024-06-03
14490,Customer_14490,Male,56,Guwahati,Maharashtra,West,Corporate,2023-01-01
14491,Customer_14491,Male,19,Jaipur,Karnataka,South,Consumer,2022-04-10
14492,Customer_14492,Male,56,Coimbatore,Telangana,South,Consumer,2024-10-15
14493,Customer_14493,Female,29,Kolkata,Tripura,Northeast,Corporate,2023-12-24
14494,Customer_14494,Female,49,Warangal,Bihar,East,Corporate,2024-10-23
14495,Customer_14495,Female,65,Warangal,Odisha,East,Consumer,2024-02-24
14496,Customer_14496,Female,60,Ahmedabad,Manipur,Northeast,Consumer,2023-08-19
14497,Customer_14497,Female,37,Vijayawada,Jharkhand,East,Home Office,2022-01-25
14498,Customer_14498,Male,58,Warangal,Goa,West,Corporate,2023-03-18
14499,Customer_14499,Female,47,Ahmedabad,Kerala,South,Consumer,2025-11-09
14500,Customer_14500,Female,24,Visakhapatnam,West Bengal,East,Consumer,2025-04-22
14501,Customer_14501,Female,29,Warangal,Tripura,Northeast,Consumer,2024-01-13
14502,Customer_14502,Female,63,Bengaluru,Chhattisgarh,Central,Consumer,2022-02-20
14503,Customer_14503,Female,61,Guwahati,Maharashtra,Southwest,Consumer,2026-04-25
14504,Customer_14504,Female,60,Chennai,Telangana,Southeast,Home Office,2025-03-27
14505,Customer_14505,Female,36,Guwahati,Rajasthan,North,Consumer,2022-02-05
14506,Customer_14506,Male,33,Bhopal,Goa,West,Consumer,2022-12-03
14507,Customer_14507,Female,56,Mysuru,Bihar,East,Corporate,2022-09-30
14508,Customer_14508,Male,18,Hyderabad,Chhattisgarh,Central,Consumer,2025-12-15
14509,Customer_14509,Male,61,Pune,Jharkhand,East,Corporate,2026-03-07
14510,Customer_14510,Female,46,Bengaluru,Goa,Southwest,Consumer,2023-10-24
14511,Customer_14511,Male,48,Visakhapatnam,West Bengal,East,Consumer,2022-10-12
14512,Customer_14512,Other,39,Mysuru,Madhya Pradesh,Central,Consumer,2024-10-24
14513,Customer_14513,Male,65,Bhopal,Rajasthan,North,Home Office,2023-03-13
14514,Customer_14514,Female,53,Lucknow,Maharashtra,Southwest,Corporate,2022-07-13
14515,Customer_14515,Male,20,Bhubaneswar,Maharashtra,Southwest,Corporate,2023-02-19
14516,Customer_14516,Female,43,Hyderabad,Odisha,Southeast,Consumer,2023-02-11
14517,Customer_14517,Male,59,Bhopal,Bihar,East,Corporate,2022-03-27
14518,Customer_14518,Male,21,Kolkata,Punjab,North,Consumer,2025-01-25
14519,Customer_14519,Male,53,Ahmedabad,Meghalaya,Northeast,Corporate,2023-07-18
14520,Customer_14520,Female,29,Bhopal,Gujarat,West,Consumer,2024-05-30
14521,Customer_14521,Other,42,Ahmedabad,Maharashtra,Southwest,Corporate,2024-05-30
14522,Customer_14522,Other,60,Visakhapatnam,Tripura,Northeast,Consumer,2025-05-17
14523,Customer_14523,Male,41,Kochi,Madhya Pradesh,Central,Consumer,2025-05-04
14524,Customer_14524,Male,19,Vijayawada,Goa,Southwest,Corporate,2024-06-20
14525,Customer_14525,Male,18,Kochi,Odisha,Southeast,Consumer,2025-09-02
14526,Customer_14526,Female,53,Vijayawada,Rajasthan,West,Consumer,2024-06-29
14527,Customer_14527,Female,62,Jaipur,Haryana,North,Home Office,2022-02-11
14528,Customer_14528,Male,32,Pune,Delhi,North,Consumer,2025-10-05
14529,Customer_14529,Female,62,Jaipur,Rajasthan,West,Consumer,2025-05-16
14530,Customer_14530,Female,39,Lucknow,Chhattisgarh,Central,Corporate,2023-11-11
14531,Customer_14531,Male,20,Guwahati,Rajasthan,North,Corporate,2023-09-11
14532,Customer_14532,Male,43,Chennai,Andhra Pradesh,South,Consumer,2025-12-03
14533,Customer_14533,Male,64,Mumbai,Meghalaya,Northeast,Consumer,2023-11-13
14534,Customer_14534,Male,30,Warangal,Telangana,Southeast,Consumer,2023-08-19
14535,Customer_14535,Male,64,Lucknow,Rajasthan,North,Consumer,2025-03-17
14536,Customer_14536,Female,49,Mumbai,Madhya Pradesh,Central,Corporate,2023-06-10
14537,Customer_14537,Male,37,Kolkata,Punjab,North,Home Office,2023-10-09
14538,Customer_14538,Female,51,Hyderabad,Assam,Northeast,Consumer,2025-06-01
14539,Customer_14539,Female,37,Bengaluru,Odisha,Southeast,Consumer,2022-12-24
14540,Customer_14540,Female,22,Chennai,Telangana,Southeast,Corporate,2022-01-19
14541,Customer_14541,Female,59,Lucknow,Madhya Pradesh,Central,Consumer,2023-06-23
14542,Customer_14542,Male,35,Guwahati,Meghalaya,Northeast,Corporate,2022-10-03
14543,Customer_14543,Male,45,Vijayawada,Goa,Southwest,Consumer,2023-08-02
14544,Customer_14544,Male,53,Mumbai,Madhya Pradesh,Central,Consumer,2022-04-25
14545,Customer_14545,Female,21,Mysuru,Gujarat,West,Corporate,2024-07-31
14546,Customer_14546,Female,52,Delhi,Odisha,Southeast,Home Office,2024-03-30
14547,Customer_14547,Male,35,Mumbai,Madhya Pradesh,Central,Consumer,2023-03-12
14548,Customer_14548,Male,44,Chennai,Andhra Pradesh,Southeast,Home Office,2024-10-01
14549,Customer_14549,Female,39,Jaipur,Madhya Pradesh,Central,Consumer,2022-08-20
14550,Customer_14550,Male,55,Lucknow,Telangana,Southeast,Consumer,2022-01-17
14551,Customer_14551,Other,27,Jaipur,Rajasthan,North,Consumer,2024-02-02
14552,Customer_14552,Male,23,Visakhapatnam,Uttar Pradesh,North,Consumer,2022-09-16
14553,Customer_14553,Male,37,Kolkata,Uttar Pradesh,North,Corporate,2025-10-01
14554,Customer_14554,Male,23,Mysuru,Madhya Pradesh,Central,Consumer,2023-04-30
14555,Customer_14555,Male,29,Ahmedabad,Tripura,Northeast,Consumer,2023-11-18
14556,Customer_14556,Male,49,Ahmedabad,Telangana,South,Consumer,2023-04-16
14557,Customer_14557,Female,57,Visakhapatnam,Andhra Pradesh,South,Corporate,2023-11-25
14558,Customer_14558,Male,51,Warangal,Andhra Pradesh,Southeast,Home Office,2022-06-05
14559,Customer_14559,Female,33,Guwahati,Telangana,Southeast,Consumer,2026-02-03
14560,Customer_14560,Male,57,Ahmedabad,Manipur,Northeast,Consumer,2022-10-04
14561,Customer_14561,Male,37,Bhubaneswar,Rajasthan,West,Home Office,2023-09-25
14562,Customer_14562,Male,26,Hyderabad,Gujarat,West,Consumer,2025-09-17
14563,Customer_14563,Male,54,Guwahati,Punjab,North,Corporate,2023-11-14
14564,Customer_14564,Male,42,Nagpur,Tamil Nadu,South,Consumer,2025-01-25
14565,Customer_14565,Male,35,Ahmedabad,Goa,Southwest,Home Office,2022-04-20
14566,Customer_14566,Female,49,Nagpur,Odisha,East,Consumer,2023-04-19
14567,Customer_14567,Female,52,Coimbatore,Meghalaya,Northeast,Consumer,2025-04-30
14568,Customer_14568,Female,28,Delhi,Tripura,Northeast,Consumer,2023-02-26
14569,Customer_14569,Male,23,Kochi,Odisha,East,Consumer,2023-10-25
14570,Customer_14570,Female,42,Kochi,Karnataka,South,Consumer,2022-05-09
14571,Customer_14571,Female,20,Chennai,Manipur,Northeast,Home Office,2024-03-18
14572,Customer_14572,Male,48,Pune,Uttar Pradesh,North,Consumer,2023-07-13
14573,Customer_14573,Male,39,Delhi,Maharashtra,West,Consumer,2025-10-08
14574,Customer_14574,Female,28,Warangal,Maharashtra,Southwest,Consumer,2023-09-29
14575,Customer_14575,Female,46,Chennai,Manipur,Northeast,Consumer,2025-08-16
14576,Customer_14576,Male,36,Bhopal,Andhra Pradesh,Southeast,Consumer,2025-12-17
14577,Customer_14577,Male,36,Chennai,Punjab,North,Consumer,2025-09-04
14578,Customer_14578,Other,28,Mysuru,Telangana,South,Corporate,2025-04-03
14579,Customer_14579,Male,50,Ahmedabad,West Bengal,East,Corporate,2024-07-23
14580,Customer_14580,Female,61,Kolkata,Odisha,East,Consumer,2024-02-06
14581,Customer_14581,Female,47,Jaipur,Kerala,South,Corporate,2022-05-11
14582,Customer_14582,Female,29,Ahmedabad,Goa,Southwest,Consumer,2022-08-04
14583,Customer_14583,Female,58,Bengaluru,Tamil Nadu,South,Consumer,2023-09-01
14584,Customer_14584,Male,23,Lucknow,Meghalaya,Northeast,Home Office,2024-11-15
14585,Customer_14585,Female,31,Coimbatore,Madhya Pradesh,Central,Home Office,2022-01-08
14586,Customer_14586,Female,19,Pune,Madhya Pradesh,Central,Consumer,2026-02-06
14587,Customer_14587,Female,58,Guwahati,Tamil Nadu,South,Consumer,2026-05-08
14588,Customer_14588,Male,20,Kochi,West Bengal,East,Consumer,2022-05-05
14589,Customer_14589,Male,44,Mumbai,Madhya Pradesh,Central,Consumer,2022-06-04
14590,Customer_14590,Male,27,Ahmedabad,West Bengal,East,Corporate,2025-09-19
14591,Customer_14591,Male,28,Visakhapatnam,Manipur,Northeast,Consumer,2022-11-16
14592,Customer_14592,Female,47,Bhopal,Punjab,North,Home Office,2022-10-16
14593,Customer_14593,Female,56,Vijayawada,Uttar Pradesh,North,Corporate,2022-10-27
14594,Customer_14594,Female,18,Nagpur,Assam,Northeast,Consumer,2025-01-27
14595,Customer_14595,Female,25,Mysuru,Chhattisgarh,Central,Home Office,2022-08-01
14596,Customer_14596,Male,31,Hyderabad,Uttar Pradesh,North,Corporate,2022-10-22
14597,Customer_14597,Male,63,Visakhapatnam,Karnataka,Southwest,Consumer,2023-09-29
14598,Customer_14598,Male,20,Pune,Haryana,North,Consumer,2024-08-18
14599,Customer_14599,Male,26,Vijayawada,Maharashtra,Southwest,Home Office,2026-05-04
14600,Customer_14600,Male,37,Chennai,Manipur,Northeast,Home Office,2023-01-16
14601,Customer_14601,Male,33,Warangal,Maharashtra,Southwest,Consumer,2023-02-12
14602,Customer_14602,Male,20,Mumbai,Karnataka,Southwest,Corporate,2024-05-16
14603,Customer_14603,Female,43,Kochi,Jharkhand,East,Home Office,2023-10-31
14604,Customer_14604,Male,47,Vijayawada,Andhra Pradesh,Southeast,Home Office,2024-08-18
14605,Customer_14605,Male,26,Nagpur,Kerala,South,Consumer,2023-01-30
14606,Customer_14606,Male,51,Guwahati,Maharashtra,West,Consumer,2024-09-16
14607,Customer_14607,Female,20,Kochi,Tamil Nadu,South,Home Office,2026-01-20
14608,Customer_14608,Female,53,Visakhapatnam,Gujarat,West,Consumer,2024-12-28
14609,Customer_14609,Male,30,Lucknow,Andhra Pradesh,Southeast,Consumer,2025-03-22
14610,Customer_14610,Male,28,Ahmedabad,Rajasthan,West,Consumer,2022-04-21
14611,Customer_14611,Female,27,Chennai,Punjab,North,Consumer,2025-12-14
14612,Customer_14612,Female,59,Jaipur,West Bengal,East,Corporate,2025-01-30
14613,Customer_14613,Female,42,Nagpur,Andhra Pradesh,Southeast,Consumer,2024-09-30
14614,Customer_14614,Female,51,Kolkata,Chhattisgarh,Central,Corporate,2022-09-05
14615,Customer_14615,Female,27,Hyderabad,Chhattisgarh,Central,Consumer,2024-06-05
14616,Customer_14616,Female,20,Bhubaneswar,Gujarat,West,Corporate,2024-12-19
14617,Customer_14617,Male,19,Mysuru,West Bengal,East,Consumer,2024-09-24
14618,Customer_14618,Female,39,Ahmedabad,Madhya Pradesh,Central,Consumer,2022-07-18
14619,Customer_14619,Male,33,Kochi,Assam,Northeast,Home Office,2022-03-07
14620,Customer_14620,Female,54,Jaipur,Goa,Southwest,Corporate,2024-02-07
14621,Customer_14621,Male,55,Jaipur,Madhya Pradesh,Central,Consumer,2025-02-21
14622,Customer_14622,Male,32,Mysuru,Karnataka,Southwest,Consumer,2023-09-11
14623,Customer_14623,Female,38,Guwahati,Telangana,Southeast,Consumer,2025-01-05
14624,Customer_14624,Female,36,Vijayawada,Punjab,North,Home Office,2026-03-28
14625,Customer_14625,Male,50,Kolkata,Goa,West,Consumer,2025-11-24
14626,Customer_14626,Other,48,Mumbai,Rajasthan,West,Home Office,2024-10-06
14627,Customer_14627,Male,49,Hyderabad,Haryana,North,Consumer,2025-03-11
14628,Customer_14628,Male,20,Vijayawada,Telangana,South,Corporate,2022-05-22
14629,Customer_14629,Female,34,Coimbatore,Odisha,Southeast,Consumer,2022-05-17
14630,Customer_14630,Male,64,Ahmedabad,Jharkhand,East,Consumer,2025-01-26
14631,Customer_14631,Male,34,Bhubaneswar,Kerala,South,Home Office,2025-07-05
14632,Customer_14632,Female,26,Jaipur,Bihar,East,Consumer,2022-11-07
14633,Customer_14633,Male,27,Mumbai,Bihar,East,Home Office,2024-08-05
14634,Customer_14634,Male,19,Bhubaneswar,Kerala,South,Consumer,2023-04-03
14635,Customer_14635,Male,55,Bhopal,Rajasthan,North,Consumer,2022-06-23
14636,Customer_14636,Female,18,Warangal,Telangana,Southeast,Home Office,2023-08-29
14637,Customer_14637,Male,46,Hyderabad,Andhra Pradesh,Southeast,Corporate,2023-12-18
14638,Customer_14638,Male,37,Vijayawada,Goa,West,Consumer,2025-05-26
14639,Customer_14639,Female,22,Kochi,Chhattisgarh,Central,Consumer,2025-10-15
14640,Customer_14640,Male,60,Guwahati,Maharashtra,Southwest,Consumer,2026-02-19
14641,Customer_14641,Male,53,Warangal,Andhra Pradesh,Southeast,Home Office,2022-06-17
14642,Customer_14642,Female,57,Vijayawada,Uttar Pradesh,North,Consumer,2026-01-18
14643,Customer_14643,Female,62,Jaipur,Goa,Southwest,Consumer,2024-04-08
14644,Customer_14644,Male,61,Visakhapatnam,Rajasthan,North,Consumer,2022-10-01
14645,Customer_14645,Female,51,Hyderabad,Punjab,North,Corporate,2024-11-01
14646,Customer_14646,Female,43,Chennai,Goa,West,Home Office,2022-04-07
14647,Customer_14647,Male,51,Bhopal,Manipur,Northeast,Corporate,2024-01-09
14648,Customer_14648,Female,39,Jaipur,Haryana,North,Consumer,2025-08-18
14649,Customer_14649,Female,26,Guwahati,Bihar,East,Consumer,2026-04-04
14650,Customer_14650,Female,36,Jaipur,Bihar,East,Consumer,2023-04-07
14651,Customer_14651,Female,40,Nagpur,Rajasthan,West,Home Office,2022-10-07
14652,Customer_14652,Female,20,Mumbai,Goa,Southwest,Consumer,2024-07-21
14653,Customer_14653,Other,58,Mumbai,Odisha,East,Corporate,2022-09-09
14654,Customer_14654,Female,61,Coimbatore,Telangana,South,Consumer,2026-04-15
14655,Customer_14655,Female,38,Bhubaneswar,Punjab,North,Home Office,2023-06-09
14656,Customer_14656,Female,41,Chennai,Tamil Nadu,South,Consumer,2022-10-26
14657,Customer_14657,Female,58,Warangal,Andhra Pradesh,South,Consumer,2023-01-16
14658,Customer_14658,Female,39,Pune,Madhya Pradesh,Central,Home Office,2023-08-23
14659,Customer_14659,Male,51,Lucknow,Gujarat,West,Home Office,2025-04-01
14660,Customer_14660,Male,42,Coimbatore,Rajasthan,West,Consumer,2025-10-20
14661,Customer_14661,Female,31,Ahmedabad,Andhra Pradesh,Southeast,Corporate,2025-03-24
14662,Customer_14662,Male,56,Delhi,Madhya Pradesh,Central,Corporate,2024-11-05
14663,Customer_14663,Female,27,Delhi,Andhra Pradesh,South,Consumer,2023-03-09
14664,Customer_14664,Female,28,Kochi,Rajasthan,West,Consumer,2026-02-09
14665,Customer_14665,Female,51,Jaipur,West Bengal,East,Corporate,2026-05-19
14666,Customer_14666,Male,52,Ahmedabad,Odisha,Southeast,Corporate,2024-10-07
14667,Customer_14667,Female,63,Mumbai,Odisha,East,Consumer,2025-06-06
14668,Customer_14668,Male,52,Kolkata,Tamil Nadu,South,Consumer,2023-05-01
14669,Customer_14669,Female,19,Chennai,Manipur,Northeast,Corporate,2023-12-17
14670,Customer_14670,Male,58,Bengaluru,Maharashtra,West,Consumer,2025-07-12
14671,Customer_14671,Female,37,Delhi,Delhi,North,Corporate,2023-11-10
14672,Customer_14672,Female,18,Vijayawada,Tripura,Northeast,Corporate,2025-04-29
14673,Customer_14673,Female,45,Chennai,Andhra Pradesh,South,Consumer,2025-10-07
14674,Customer_14674,Female,26,Bengaluru,Andhra Pradesh,Southeast,Consumer,2026-02-02
14675,Customer_14675,Male,37,Guwahati,Odisha,Southeast,Consumer,2023-04-12
14676,Customer_14676,Male,40,Warangal,West Bengal,East,Consumer,2024-02-01
14677,Customer_14677,Male,21,Lucknow,Chhattisgarh,Central,Consumer,2023-09-10
14678,Customer_14678,Other,58,Lucknow,Chhattisgarh,Central,Corporate,2024-03-15
14679,Customer_14679,Female,42,Chennai,Tripura,Northeast,Home Office,2025-04-03
14680,Customer_14680,Male,64,Kochi,Uttar Pradesh,North,Consumer,2023-06-03
14681,Customer_14681,Male,40,Guwahati,West Bengal,East,Corporate,2023-01-08
14682,Customer_14682,Male,46,Visakhapatnam,Andhra Pradesh,South,Consumer,2023-03-07
14683,Customer_14683,Female,56,Guwahati,Manipur,Northeast,Corporate,2025-05-10
14684,Customer_14684,Male,28,Mysuru,Rajasthan,North,Consumer,2026-05-14
14685,Customer_14685,Male,61,Warangal,Madhya Pradesh,Central,Consumer,2022-06-14
14686,Customer_14686,Male,26,Chennai,Meghalaya,Northeast,Consumer,2026-04-13
14687,Customer_14687,Male,65,Kochi,Goa,Southwest,Consumer,2022-02-21
14688,Customer_14688,Male,48,Guwahati,Bihar,East,Home Office,2024-04-27
14689,Customer_14689,Male,42,Coimbatore,Punjab,North,Consumer,2022-08-03
14690,Customer_14690,Female,28,Bhubaneswar,Assam,Northeast,Consumer,2026-03-09
14691,Customer_14691,Female,45,Warangal,Uttar Pradesh,North,Corporate,2025-05-04
14692,Customer_14692,Male,44,Visakhapatnam,Uttar Pradesh,North,Consumer,2023-07-24
14693,Customer_14693,Female,65,Mysuru,Goa,Southwest,Consumer,2025-01-03
14694,Customer_14694,Male,58,Mumbai,Telangana,Southeast,Consumer,2025-09-21
14695,Customer_14695,Female,41,Visakhapatnam,Meghalaya,Northeast,Consumer,2022-12-14
14696,Customer_14696,Female,36,Mumbai,Telangana,Southeast,Home Office,2024-10-12
14697,Customer_14697,Male,36,Ahmedabad,Punjab,North,Consumer,2023-04-25
14698,Customer_14698,Female,36,Mysuru,Delhi,North,Consumer,2025-02-21
14699,Customer_14699,Female,18,Nagpur,Bihar,East,Consumer,2024-06-27
14700,Customer_14700,Female,19,Pune,Punjab,North,Home Office,2025-02-23
14701,Customer_14701,Male,54,Lucknow,Goa,Southwest,Home Office,2024-10-15
14702,Customer_14702,Male,30,Guwahati,Delhi,North,Consumer,2024-10-14
14703,Customer_14703,Male,37,Bhubaneswar,Madhya Pradesh,Central,Corporate,2022-05-16
14704,Customer_14704,Other,51,Warangal,Odisha,Southeast,Consumer,2025-09-25
14705,Customer_14705,Female,47,Mumbai,Tripura,Northeast,Consumer,2022-10-02
14706,Customer_14706,Male,35,Vijayawada,Tamil Nadu,South,Home Office,2023-09-20
14707,Customer_14707,Female,54,Bhopal,Goa,West,Home Office,2024-03-28
14708,Customer_14708,Male,25,Kochi,Chhattisgarh,Central,Consumer,2025-09-20
14709,Customer_14709,Male,40,Jaipur,Andhra Pradesh,Southeast,Home Office,2024-10-03
14710,Customer_14710,Female,23,Pune,Gujarat,West,Corporate,2022-10-21
14711,Customer_14711,Female,43,Ahmedabad,West Bengal,East,Corporate,2023-04-04
14712,Customer_14712,Female,22,Visakhapatnam,Telangana,Southeast,Corporate,2022-11-16
14713,Customer_14713,Female,63,Vijayawada,Goa,Southwest,Consumer,2024-08-03
14714,Customer_14714,Female,49,Mysuru,Maharashtra,West,Home Office,2025-02-21
14715,Customer_14715,Female,29,Hyderabad,Delhi,North,Consumer,2025-02-08
14716,Customer_14716,Male,47,Pune,Chhattisgarh,Central,Consumer,2025-04-15
14717,Customer_14717,Female,34,Mysuru,Goa,Southwest,Consumer,2025-01-27
14718,Customer_14718,Female,42,Mysuru,Goa,Southwest,Corporate,2025-12-14
14719,Customer_14719,Male,26,Kolkata,Goa,West,Consumer,2025-12-21
14720,Customer_14720,Male,42,Nagpur,Karnataka,South,Consumer,2023-03-16
14721,Customer_14721,Male,23,Pune,Chhattisgarh,Central,Corporate,2023-05-03
14722,Customer_14722,Male,25,Bengaluru,Odisha,Southeast,Consumer,2022-03-31
14723,Customer_14723,Female,46,Kolkata,Goa,Southwest,Consumer,2023-03-04
14724,Customer_14724,Male,42,Warangal,Punjab,North,Consumer,2024-03-22
14725,Customer_14725,Female,32,Hyderabad,Jharkhand,East,Corporate,2024-11-19
14726,Customer_14726,Male,20,Mumbai,Rajasthan,West,Consumer,2025-11-01
14727,Customer_14727,Male,38,Bhopal,Uttar Pradesh,North,Consumer,2024-08-08
14728,Customer_14728,Male,62,Kochi,Maharashtra,Southwest,Consumer,2026-04-04
14729,Customer_14729,Male,51,Kochi,Haryana,North,Home Office,2024-06-04
14730,Customer_14730,Other,20,Nagpur,Meghalaya,Northeast,Corporate,2025-10-04
14731,Customer_14731,Male,63,Pune,Karnataka,Southwest,Consumer,2025-07-16
14732,Customer_14732,Male,38,Guwahati,Assam,Northeast,Home Office,2024-02-23
14733,Customer_14733,Male,45,Jaipur,Telangana,Southeast,Corporate,2025-10-27
14734,Customer_14734,Male,18,Mysuru,West Bengal,East,Corporate,2025-10-13
14735,Customer_14735,Female,32,Bhopal,Telangana,Southeast,Consumer,2023-05-15
14736,Customer_14736,Female,55,Pune,Goa,West,Consumer,2022-12-09
14737,Customer_14737,Male,33,Pune,Haryana,North,Corporate,2022-07-14
14738,Customer_14738,Female,25,Warangal,West Bengal,East,Consumer,2026-01-13
14739,Customer_14739,Male,22,Warangal,Bihar,East,Consumer,2023-12-09
14740,Customer_14740,Female,62,Pune,Chhattisgarh,Central,Consumer,2024-06-25
14741,Customer_14741,Female,57,Delhi,Jharkhand,East,Consumer,2023-03-14
14742,Customer_14742,Male,20,Guwahati,Rajasthan,West,Consumer,2023-09-15
14743,Customer_14743,Female,62,Bhopal,Rajasthan,West,Consumer,2023-10-07
14744,Customer_14744,Female,57,Mumbai,Odisha,East,Corporate,2024-07-19
14745,Customer_14745,Male,35,Lucknow,Tripura,Northeast,Corporate,2022-10-08
14746,Customer_14746,Other,49,Mumbai,Jharkhand,East,Consumer,2025-06-08
14747,Customer_14747,Female,30,Visakhapatnam,Telangana,Southeast,Consumer,2023-09-18
14748,Customer_14748,Male,29,Hyderabad,Jharkhand,East,Consumer,2023-01-20
14749,Customer_14749,Female,52,Kochi,Telangana,Southeast,Consumer,2022-01-24
14750,Customer_14750,Female,27,Mumbai,West Bengal,East,Corporate,2022-06-13
14751,Customer_14751,Female,35,Pune,Rajasthan,North,Corporate,2023-03-07
14752,Customer_14752,Female,35,Mumbai,Telangana,South,Home Office,2025-03-18
14753,Customer_14753,Female,25,Mumbai,Andhra Pradesh,Southeast,Home Office,2025-09-29
14754,Customer_14754,Female,57,Bengaluru,Odisha,Southeast,Consumer,2026-03-04
14755,Customer_14755,Female,50,Coimbatore,Tamil Nadu,South,Corporate,2023-04-22
14756,Customer_14756,Male,59,Guwahati,Madhya Pradesh,Central,Consumer,2024-10-16
14757,Customer_14757,Male,43,Kolkata,Madhya Pradesh,Central,Consumer,2023-03-06
14758,Customer_14758,Female,26,Bhopal,Karnataka,South,Consumer,2022-08-17
14759,Customer_14759,Female,31,Warangal,Rajasthan,West,Consumer,2024-05-18
14760,Customer_14760,Male,34,Delhi,Tripura,Northeast,Corporate,2024-10-26
14761,Customer_14761,Female,63,Bengaluru,Goa,Southwest,Corporate,2025-05-02
14762,Customer_14762,Female,29,Bhopal,Telangana,Southeast,Consumer,2022-07-06
14763,Customer_14763,Female,51,Hyderabad,Delhi,North,Consumer,2025-04-10
14764,Customer_14764,Male,23,Visakhapatnam,Karnataka,South,Consumer,2023-05-01
14765,Customer_14765,Female,63,Hyderabad,Gujarat,West,Corporate,2023-03-22
14766,Customer_14766,Male,49,Bhopal,Karnataka,South,Consumer,2022-02-20
14767,Customer_14767,Male,38,Nagpur,Madhya Pradesh,Central,Consumer,2022-11-24
14768,Customer_14768,Female,34,Kolkata,Rajasthan,North,Consumer,2024-02-20
14769,Customer_14769,Female,35,Kolkata,Haryana,North,Corporate,2022-10-30
14770,Customer_14770,Male,28,Coimbatore,Delhi,North,Corporate,2023-05-30
14771,Customer_14771,Female,46,Warangal,Odisha,East,Consumer,2024-04-28
14772,Customer_14772,Female,59,Jaipur,Andhra Pradesh,Southeast,Consumer,2022-06-06
14773,Customer_14773,Male,29,Jaipur,Karnataka,South,Consumer,2025-11-01
14774,Customer_14774,Male,53,Mumbai,Karnataka,Southwest,Corporate,2023-05-10
14775,Customer_14775,Female,45,Delhi,Odisha,East,Consumer,2025-04-29
14776,Customer_14776,Female,55,Coimbatore,Uttar Pradesh,North,Corporate,2024-11-02
14777,Customer_14777,Male,54,Lucknow,Bihar,East,Home Office,2025-04-17
14778,Customer_14778,Female,19,Bhopal,Meghalaya,Northeast,Consumer,2023-04-08
14779,Customer_14779,Female,19,Warangal,Punjab,North,Consumer,2022-10-03
14780,Customer_14780,Female,61,Bhopal,Rajasthan,North,Consumer,2022-08-17
14781,Customer_14781,Female,25,Coimbatore,Telangana,Southeast,Consumer,2023-01-03
14782,Customer_14782,Male,45,Jaipur,Madhya Pradesh,Central,Home Office,2024-05-21
14783,Customer_14783,Male,54,Jaipur,Odisha,East,Home Office,2024-09-25
14784,Customer_14784,Male,42,Warangal,Telangana,Southeast,Consumer,2025-04-20
14785,Customer_14785,Female,18,Kolkata,Odisha,Southeast,Home Office,2026-03-23
14786,Customer_14786,Female,18,Bhopal,Bihar,East,Consumer,2025-08-21
14787,Customer_14787,Female,50,Mumbai,Madhya Pradesh,Central,Consumer,2023-07-26
14788,Customer_14788,Male,61,Bengaluru,Punjab,North,Corporate,2024-01-26
14789,Customer_14789,Female,34,Vijayawada,Odisha,East,Consumer,2026-03-08
14790,Customer_14790,Male,44,Bengaluru,Madhya Pradesh,Central,Consumer,2025-02-11
14791,Customer_14791,Male,62,Mumbai,Kerala,South,Corporate,2023-10-29
14792,Customer_14792,Male,57,Jaipur,Karnataka,Southwest,Consumer,2025-08-26
14793,Customer_14793,Female,43,Hyderabad,Maharashtra,Southwest,Home Office,2022-08-06
14794,Customer_14794,Male,49,Pune,West Bengal,East,Consumer,2024-12-12
14795,Customer_14795,Female,64,Warangal,Maharashtra,West,Consumer,2026-02-27
14796,Customer_14796,Other,56,Jaipur,Telangana,South,Home Office,2024-04-23
14797,Customer_14797,Female,37,Guwahati,Chhattisgarh,Central,Consumer,2024-09-07
14798,Customer_14798,Male,51,Bengaluru,Uttar Pradesh,North,Consumer,2022-04-06
14799,Customer_14799,Female,33,Lucknow,Maharashtra,West,Consumer,2024-08-25
14800,Customer_14800,Female,62,Coimbatore,Madhya Pradesh,Central,Consumer,2023-04-10
14801,Customer_14801,Male,22,Kochi,Chhattisgarh,Central,Consumer,2026-05-11
14802,Customer_14802,Female,28,Ahmedabad,Chhattisgarh,Central,Consumer,2023-05-27
14803,Customer_14803,Female,34,Bengaluru,Kerala,South,Consumer,2023-05-18
14804,Customer_14804,Male,27,Bhopal,Andhra Pradesh,Southeast,Consumer,2023-09-25
14805,Customer_14805,Female,46,Kolkata,Manipur,Northeast,Home Office,2025-01-20
14806,Customer_14806,Male,52,Ahmedabad,Telangana,Southeast,Home Office,2026-03-02
14807,Customer_14807,Male,60,Delhi,Goa,West,Consumer,2023-07-09
14808,Customer_14808,Female,42,Jaipur,Karnataka,Southwest,Home Office,2022-12-01
14809,Customer_14809,Male,47,Lucknow,Gujarat,West,Home Office,2025-05-08
14810,Customer_14810,Male,46,Mysuru,Telangana,Southeast,Home Office,2024-05-16
14811,Customer_14811,Male,18,Guwahati,Karnataka,South,Corporate,2023-12-29
14812,Customer_14812,Male,52,Lucknow,Tamil Nadu,South,Consumer,2026-05-05
14813,Customer_14813,Male,19,Warangal,Madhya Pradesh,Central,Consumer,2024-03-03
14814,Customer_14814,Female,44,Warangal,Madhya Pradesh,Central,Home Office,2024-09-17
14815,Customer_14815,Male,65,Nagpur,Assam,Northeast,Consumer,2026-04-20
14816,Customer_14816,Male,55,Pune,Jharkhand,East,Home Office,2022-12-01
14817,Customer_14817,Female,42,Nagpur,Andhra Pradesh,Southeast,Corporate,2025-12-15
14818,Customer_14818,Other,33,Kochi,West Bengal,East,Consumer,2026-03-17
14819,Customer_14819,Male,58,Kochi,Chhattisgarh,Central,Consumer,2024-01-24
14820,Customer_14820,Male,59,Coimbatore,Karnataka,Southwest,Home Office,2023-06-23
14821,Customer_14821,Male,35,Bhubaneswar,Madhya Pradesh,Central,Consumer,2022-09-17
14822,Customer_14822,Male,23,Ahmedabad,Manipur,Northeast,Corporate,2022-03-18
14823,Customer_14823,Male,45,Bengaluru,Maharashtra,Southwest,Home Office,2026-04-24
14824,Customer_14824,Female,48,Bhopal,Goa,Southwest,Consumer,2023-11-22
14825,Customer_14825,Female,62,Lucknow,Rajasthan,West,Consumer,2024-12-04
14826,Customer_14826,Male,60,Mysuru,Goa,West,Consumer,2023-01-21
14827,Customer_14827,Female,28,Mysuru,Telangana,South,Corporate,2023-06-02
14828,Customer_14828,Male,30,Mysuru,Madhya Pradesh,Central,Consumer,2025-08-03
14829,Customer_14829,Male,65,Hyderabad,Goa,Southwest,Consumer,2024-11-16
14830,Customer_14830,Male,33,Kochi,Gujarat,West,Consumer,2022-12-18
14831,Customer_14831,Male,40,Mysuru,Jharkhand,East,Consumer,2022-01-09
14832,Customer_14832,Female,32,Nagpur,Uttar Pradesh,North,Consumer,2025-08-04
14833,Customer_14833,Male,36,Warangal,Maharashtra,West,Consumer,2022-05-09
14834,Customer_14834,Female,45,Mysuru,Karnataka,South,Corporate,2022-02-27
14835,Customer_14835,Male,32,Guwahati,Karnataka,Southwest,Consumer,2023-04-26
14836,Customer_14836,Female,37,Hyderabad,Chhattisgarh,Central,Corporate,2026-01-26
14837,Customer_14837,Female,34,Guwahati,Andhra Pradesh,South,Home Office,2024-10-28
14838,Customer_14838,Male,23,Kochi,Uttar Pradesh,North,Corporate,2022-03-09
14839,Customer_14839,Male,55,Coimbatore,Andhra Pradesh,Southeast,Corporate,2026-01-07
14840,Customer_14840,Female,60,Mumbai,Maharashtra,Southwest,Consumer,2026-02-10
14841,Customer_14841,Female,41,Mysuru,Andhra Pradesh,Southeast,Consumer,2025-01-19
14842,Customer_14842,Male,27,Delhi,Rajasthan,North,Consumer,2022-04-28
14843,Customer_14843,Female,48,Visakhapatnam,Uttar Pradesh,North,Consumer,2022-01-23
14844,Customer_14844,Male,43,Delhi,Karnataka,South,Consumer,2025-10-28
14845,Customer_14845,Male,44,Nagpur,Andhra Pradesh,Southeast,Consumer,2025-08-09
14846,Customer_14846,Female,46,Vijayawada,Odisha,Southeast,Consumer,2025-08-23
14847,Customer_14847,Male,52,Chennai,Andhra Pradesh,Southeast,Corporate,2024-02-18
14848,Customer_14848,Male,19,Hyderabad,Rajasthan,North,Consumer,2024-08-09
14849,Customer_14849,Male,22,Nagpur,Andhra Pradesh,South,Consumer,2022-10-05
14850,Customer_14850,Male,22,Pune,Karnataka,Southwest,Consumer,2022-02-27
14851,Customer_14851,Male,25,Bhopal,Goa,Southwest,Consumer,2022-12-20
14852,Customer_14852,Male,64,Hyderabad,Tripura,Northeast,Consumer,2024-09-20
14853,Customer_14853,Female,53,Guwahati,Haryana,North,Consumer,2023-10-06
14854,Customer_14854,Female,49,Ahmedabad,Rajasthan,North,Consumer,2024-09-15
14855,Customer_14855,Male,51,Pune,Haryana,North,Consumer,2023-12-07
14856,Customer_14856,Male,19,Guwahati,Manipur,Northeast,Home Office,2024-06-10
14857,Customer_14857,Female,28,Delhi,Odisha,Southeast,Consumer,2026-03-03
14858,Customer_14858,Male,56,Nagpur,Meghalaya,Northeast,Consumer,2024-10-07
14859,Customer_14859,Male,40,Coimbatore,Odisha,East,Corporate,2026-03-07
14860,Customer_14860,Female,42,Visakhapatnam,Odisha,Southeast,Home Office,2026-03-29
14861,Customer_14861,Male,54,Bengaluru,Haryana,North,Home Office,2024-09-15
14862,Customer_14862,Female,21,Delhi,Odisha,Southeast,Consumer,2026-05-12
14863,Customer_14863,Female,56,Bengaluru,Goa,Southwest,Consumer,2023-02-03
14864,Customer_14864,Female,50,Guwahati,Manipur,Northeast,Consumer,2024-04-12
14865,Customer_14865,Male,37,Chennai,Karnataka,Southwest,Corporate,2022-04-30
14866,Customer_14866,Male,41,Chennai,Madhya Pradesh,Central,Consumer,2022-05-27
14867,Customer_14867,Male,21,Chennai,Gujarat,West,Home Office,2022-07-31
14868,Customer_14868,Female,27,Nagpur,Odisha,East,Consumer,2022-08-03
14869,Customer_14869,Female,29,Nagpur,Karnataka,Southwest,Consumer,2023-10-19
14870,Customer_14870,Female,60,Lucknow,Assam,Northeast,Consumer,2025-02-26
14871,Customer_14871,Male,23,Bengaluru,Andhra Pradesh,South,Consumer,2026-04-27
14872,Customer_14872,Female,31,Warangal,Karnataka,Southwest,Consumer,2026-04-21
14873,Customer_14873,Female,24,Mysuru,Rajasthan,North,Corporate,2022-10-13
14874,Customer_14874,Female,31,Bengaluru,Madhya Pradesh,Central,Consumer,2023-11-29
14875,Customer_14875,Female,18,Bhopal,Kerala,South,Consumer,2023-11-22
14876,Customer_14876,Male,31,Hyderabad,Tripura,Northeast,Corporate,2022-06-06
14877,Customer_14877,Male,52,Bhubaneswar,Rajasthan,West,Home Office,2022-03-05
14878,Customer_14878,Female,54,Warangal,Goa,West,Corporate,2023-07-19
14879,Customer_14879,Male,36,Guwahati,Tripura,Northeast,Corporate,2025-10-02
14880,Customer_14880,Male,51,Visakhapatnam,Telangana,Southeast,Consumer,2023-09-09
14881,Customer_14881,Male,47,Bhopal,Maharashtra,West,Home Office,2023-09-06
14882,Customer_14882,Male,61,Bhubaneswar,Karnataka,Southwest,Consumer,2026-05-14
14883,Customer_14883,Female,56,Kolkata,Maharashtra,West,Home Office,2023-08-27
14884,Customer_14884,Male,29,Kochi,Andhra Pradesh,South,Corporate,2025-01-03
14885,Customer_14885,Male,46,Vijayawada,Delhi,North,Consumer,2026-04-20
14886,Customer_14886,Female,55,Visakhapatnam,Andhra Pradesh,South,Consumer,2022-07-08
14887,Customer_14887,Female,32,Bhopal,Tripura,Northeast,Corporate,2024-03-28
14888,Customer_14888,Male,45,Pune,Chhattisgarh,Central,Corporate,2023-06-24
14889,Customer_14889,Male,37,Chennai,West Bengal,East,Consumer,2022-07-10
14890,Customer_14890,Male,32,Vijayawada,Rajasthan,West,Home Office,2022-03-19
14891,Customer_14891,Male,27,Bhubaneswar,Telangana,Southeast,Consumer,2024-11-02
14892,Customer_14892,Male,19,Mumbai,Chhattisgarh,Central,Consumer,2024-11-10
14893,Customer_14893,Male,53,Kolkata,Haryana,North,Consumer,2024-06-18
14894,Customer_14894,Female,57,Ahmedabad,Haryana,North,Consumer,2024-12-12
14895,Customer_14895,Female,49,Vijayawada,Goa,West,Consumer,2025-02-24
14896,Customer_14896,Female,29,Kochi,Goa,West,Home Office,2022-04-02
14897,Customer_14897,Male,18,Warangal,Andhra Pradesh,Southeast,Consumer,2022-02-24
14898,Customer_14898,Male,48,Bhubaneswar,Madhya Pradesh,Central,Corporate,2023-06-21
14899,Customer_14899,Other,27,Guwahati,Andhra Pradesh,Southeast,Corporate,2024-06-28
14900,Customer_14900,Female,44,Visakhapatnam,Madhya Pradesh,Central,Consumer,2025-12-15
14901,Customer_14901,Female,64,Visakhapatnam,Bihar,East,Corporate,2026-04-17
14902,Customer_14902,Male,18,Delhi,Meghalaya,Northeast,Corporate,2025-08-15
14903,Customer_14903,Male,45,Visakhapatnam,Madhya Pradesh,Central,Consumer,2023-04-12
14904,Customer_14904,Female,65,Bhubaneswar,Tripura,Northeast,Consumer,2024-07-07
14905,Customer_14905,Female,34,Warangal,Karnataka,South,Consumer,2022-07-05
14906,Customer_14906,Male,57,Ahmedabad,Tripura,Northeast,Consumer,2024-02-15
14907,Customer_14907,Female,57,Visakhapatnam,Jharkhand,East,Consumer,2022-06-08
14908,Customer_14908,Female,41,Lucknow,Telangana,Southeast,Consumer,2026-05-08
14909,Customer_14909,Female,32,Lucknow,Andhra Pradesh,Southeast,Home Office,2023-12-23
14910,Customer_14910,Male,50,Warangal,Madhya Pradesh,Central,Corporate,2025-03-01
14911,Customer_14911,Female,47,Mysuru,Karnataka,Southwest,Corporate,2022-06-16
14912,Customer_14912,Female,40,Guwahati,Chhattisgarh,Central,Home Office,2026-03-05
14913,Customer_14913,Male,27,Mumbai,Rajasthan,North,Consumer,2024-04-18
14914,Customer_14914,Female,53,Pune,Madhya Pradesh,Central,Consumer,2022-04-25
14915,Customer_14915,Female,28,Nagpur,Odisha,Southeast,Corporate,2023-08-13
14916,Customer_14916,Female,24,Visakhapatnam,Haryana,North,Consumer,2022-12-06
14917,Customer_14917,Male,21,Kolkata,Rajasthan,North,Consumer,2022-04-21
14918,Customer_14918,Female,39,Bhopal,Jharkhand,East,Corporate,2022-02-19
14919,Customer_14919,Male,23,Kochi,Odisha,Southeast,Consumer,2025-02-13
14920,Customer_14920,Male,34,Chennai,Madhya Pradesh,Central,Consumer,2025-10-20
14921,Customer_14921,Male,29,Bengaluru,Maharashtra,Southwest,Consumer,2024-11-22
14922,Customer_14922,Male,40,Bhubaneswar,Andhra Pradesh,Southeast,Corporate,2025-01-15
14923,Customer_14923,Male,55,Bhopal,Madhya Pradesh,Central,Consumer,2022-03-01
14924,Customer_14924,Male,39,Jaipur,Tripura,Northeast,Consumer,2022-10-12
14925,Customer_14925,Female,44,Guwahati,Bihar,East,Home Office,2022-02-24
14926,Customer_14926,Male,24,Chennai,Haryana,North,Home Office,2026-04-08
14927,Customer_14927,Other,23,Guwahati,Goa,West,Consumer,2025-03-26
14928,Customer_14928,Male,64,Bengaluru,Chhattisgarh,Central,Consumer,2026-03-10
14929,Customer_14929,Female,47,Kochi,Karnataka,South,Consumer,2025-12-19
14930,Customer_14930,Female,18,Bhubaneswar,Tamil Nadu,South,Consumer,2022-12-26
14931,Customer_14931,Female,45,Kochi,Haryana,North,Consumer,2024-03-29
14932,Customer_14932,Female,18,Bhopal,Manipur,Northeast,Consumer,2024-11-01
14933,Customer_14933,Female,21,Kolkata,Karnataka,Southwest,Consumer,2025-04-01
14934,Customer_14934,Male,35,Delhi,Odisha,Southeast,Consumer,2024-12-04
14935,Customer_14935,Male,49,Delhi,Gujarat,West,Consumer,2023-12-27
14936,Customer_14936,Male,47,Chennai,Madhya Pradesh,Central,Corporate,2022-01-07
14937,Customer_14937,Male,55,Delhi,Maharashtra,Southwest,Consumer,2026-02-11
14938,Customer_14938,Male,26,Pune,Madhya Pradesh,Central,Consumer,2025-01-07
14939,Customer_14939,Male,27,Bhopal,Bihar,East,Consumer,2025-08-30
14940,Customer_14940,Female,43,Pune,West Bengal,East,Home Office,2022-12-21
14941,Customer_14941,Female,59,Mumbai,Meghalaya,Northeast,Consumer,2022-06-20
14942,Customer_14942,Female,52,Lucknow,Gujarat,West,Consumer,2025-12-13
14943,Customer_14943,Female,50,Warangal,Andhra Pradesh,Southeast,Corporate,2025-07-13
14944,Customer_14944,Male,22,Pune,Odisha,Southeast,Corporate,2025-09-03
14945,Customer_14945,Male,60,Lucknow,Delhi,North,Corporate,2023-12-06
14946,Customer_14946,Female,65,Pune,Assam,Northeast,Consumer,2025-12-19
14947,Customer_14947,Female,45,Bhopal,Jharkhand,East,Consumer,2022-12-25
14948,Customer_14948,Male,34,Hyderabad,Madhya Pradesh,Central,Consumer,2025-04-27
14949,Customer_14949,Male,49,Coimbatore,West Bengal,East,Consumer,2024-03-02
14950,Customer_14950,Male,48,Coimbatore,Jharkhand,East,Consumer,2022-09-21
14951,Customer_14951,Male,62,Jaipur,West Bengal,East,Consumer,2025-02-21
14952,Customer_14952,Male,23,Ahmedabad,Delhi,North,Consumer,2023-07-31
14953,Customer_14953,Male,42,Jaipur,Andhra Pradesh,Southeast,Home Office,2022-09-12
14954,Customer_14954,Female,52,Ahmedabad,Kerala,South,Consumer,2025-02-08
14955,Customer_14955,Female,34,Pune,Gujarat,West,Consumer,2025-05-19
14956,Customer_14956,Female,58,Coimbatore,Telangana,South,Home Office,2023-06-02
14957,Customer_14957,Female,21,Bhopal,Tamil Nadu,South,Corporate,2026-03-27
14958,Customer_14958,Female,23,Nagpur,Bihar,East,Consumer,2025-02-10
14959,Customer_14959,Male,55,Jaipur,Maharashtra,Southwest,Corporate,2022-02-05
14960,Customer_14960,Female,24,Vijayawada,Maharashtra,Southwest,Consumer,2023-06-22
14961,Customer_14961,Male,38,Vijayawada,Goa,West,Corporate,2026-04-08
14962,Customer_14962,Female,31,Guwahati,Chhattisgarh,Central,Consumer,2022-10-12
14963,Customer_14963,Male,51,Nagpur,Goa,Southwest,Home Office,2026-03-06
14964,Customer_14964,Female,18,Kochi,Andhra Pradesh,South,Consumer,2024-04-09
14965,Customer_14965,Female,35,Bhubaneswar,Maharashtra,Southwest,Corporate,2024-12-16
14966,Customer_14966,Male,65,Bengaluru,Uttar Pradesh,North,Consumer,2025-01-02
14967,Customer_14967,Male,35,Bhopal,Andhra Pradesh,South,Consumer,2024-03-29
14968,Customer_14968,Male,46,Bhubaneswar,West Bengal,East,Consumer,2024-04-07
14969,Customer_14969,Female,65,Lucknow,Delhi,North,Corporate,2024-06-26
14970,Customer_14970,Female,47,Coimbatore,Telangana,Southeast,Consumer,2024-10-23
14971,Customer_14971,Male,54,Guwahati,Andhra Pradesh,Southeast,Home Office,2025-03-26
14972,Customer_14972,Female,64,Ahmedabad,Goa,West,Consumer,2023-12-02
14973,Customer_14973,Male,47,Bhubaneswar,Andhra Pradesh,Southeast,Corporate,2023-11-29
14974,Customer_14974,Male,57,Mumbai,Andhra Pradesh,Southeast,Consumer,2025-05-30
14975,Customer_14975,Male,42,Ahmedabad,Telangana,Southeast,Consumer,2025-04-26
14976,Customer_14976,Female,57,Visakhapatnam,Andhra Pradesh,Southeast,Corporate,2024-11-05
14977,Customer_14977,Male,48,Guwahati,Chhattisgarh,Central,Corporate,2024-01-08
14978,Customer_14978,Male,34,Guwahati,Punjab,North,Consumer,2024-07-08
14979,Customer_14979,Male,44,Bhubaneswar,Goa,Southwest,Consumer,2024-07-02
14980,Customer_14980,Female,34,Pune,Madhya Pradesh,Central,Consumer,2023-11-28
14981,Customer_14981,Female,37,Vijayawada,Goa,Southwest,Consumer,2022-10-13
14982,Customer_14982,Female,32,Hyderabad,Goa,Southwest,Consumer,2024-05-07
14983,Customer_14983,Female,41,Nagpur,Tamil Nadu,South,Consumer,2023-12-10
14984,Customer_14984,Female,34,Delhi,Rajasthan,West,Consumer,2022-03-23
14985,Customer_14985,Male,48,Kochi,Kerala,South,Home Office,2026-03-09
14986,Customer_14986,Female,35,Vijayawada,Uttar Pradesh,North,Consumer,2024-12-02
14987,Customer_14987,Male,41,Mysuru,Karnataka,Southwest,Consumer,2022-07-02
14988,Customer_14988,Male,24,Bhubaneswar,Karnataka,Southwest,Consumer,2022-11-24
14989,Customer_14989,Male,36,Bhopal,Karnataka,Southwest,Consumer,2024-07-03
14990,Customer_14990,Male,35,Kochi,Goa,Southwest,Corporate,2025-10-08
14991,Customer_14991,Female,64,Chennai,Meghalaya,Northeast,Corporate,2024-02-16
14992,Customer_14992,Other,39,Mysuru,Madhya Pradesh,Central,Corporate,2025-07-23
14993,Customer_14993,Female,19,Bengaluru,Karnataka,Southwest,Corporate,2022-07-25
14994,Customer_14994,Male,32,Vijayawada,Chhattisgarh,Central,Consumer,2024-04-24
14995,Customer_14995,Female,53,Jaipur,Tripura,Northeast,Consumer,2025-08-16
14996,Customer_14996,Female,25,Jaipur,Tamil Nadu,South,Consumer,2025-09-17
14997,Customer_14997,Male,25,Nagpur,Tripura,Northeast,Home Office,2023-01-20
14998,Customer_14998,Female,35,Pune,Odisha,Southeast,Corporate,2024-12-09
14999,Customer_14999,Female,35,Coimbatore,Tripura,Northeast,Consumer,2022-03-05
15000,Customer_15000,Male,41,Pune,Maharashtra,West,Consumer,2022-08-15
